travelerId,name,dateOfBirth,gender,nationality,phoneNo,museumName
effa1d46-8544-403e-8b43-f1e961b472f4,Arjun Chopra,1964-05-27,Male,German,9021278077,National Museum Delhi
4a31b03c-5200-4225-a752-cc07f2483243,Pooja Verma,1975-08-24,Male,German,9678382172,National Museum Delhi
7016902b-ec0e-4ef8-ae47-bac20bc747ad,Priya Patel,1997-03-31,Other,British,9706063481,National Museum Delhi
0bba4305-0b1a-40ab-8327-2ef3718fbdfe,Aisha Bansal,2002-08-01,Other,American,,National Museum Delhi
4453edee-bb34-4e03-b4b9-6e588f38448d,Sneha Singh,1973-03-06,Female,Indian,9305761295,National Museum Delhi
4114e290-60d8-4f91-a5a1-b9ce7498c583,Aarav Sharma,1970-11-10,Other,Japanese,9377230976,National Museum Delhi
0798eca4-907b-4bac-817c-abf98fe5e061,Rohan Patel,2015-04-25,Female,American,9431481189,National Museum Delhi
7b3ea61d-d62c-409c-84c8-5f4ef906fb3a,Rahul Agarwal,1969-05-12,Male,French,9577985985,National Museum Delhi
8b951620-d8c9-4cc7-a550-19efcb9a1f67,Aditya Singh,1993-08-15,Other,Singaporean,9565138210,National Museum Delhi
ef383a3f-e86b-496a-87c2-18d96280a2a6,Priya Singh,2004-09-04,Other,German,9986672505,National Museum Delhi
663904b3-b098-4705-8da5-8ce3cb1ecf15,Aisha Patel,2008-10-31,Other,French,9901240186,National Museum Delhi
53923bb6-04c6-4e5e-95c0-6996a89aa4c7,Aryan Verma,2003-03-20,Female,American,9337477803,National Museum Delhi
e11a6e37-67c2-4768-bee9-81c0cf965e8e,Aarav Patel,1986-10-29,Male,German,,National Museum Delhi
6d13fe67-4a45-4df3-87d8-200cb8c51696,Ananya Chopra,2003-08-28,Female,Australian,9706947904,National Museum Delhi
d4bea4ed-ed3f-4e19-8f44-e9301062e778,Aditya Gupta,2001-10-07,Female,British,,National Museum Delhi
6d33cb76-c598-4775-8ef6-27f6227d3420,Vivaan Kapoor,1972-01-07,Female,Japanese,9053110630,National Museum Delhi
fa00665a-fc3d-4dc2-b7bc-0d42eb6168e6,Karan Chopra,1988-06-02,Male,Indian,9096899853,National Museum Delhi
a0a635a0-4cfa-42dd-8069-e7839ff7af03,Priya Agarwal,1976-07-04,Other,Australian,9661550648,National Museum Delhi
074fa46c-1544-43f1-bc25-3460adc3e278,Neha Agarwal,1968-02-25,Female,British,9985686087,National Museum Delhi
f2d0d0f3-b149-435c-9c2b-f5f0db5969d5,Vivaan Mehta,1992-02-25,Other,Indian,9356115593,National Museum Delhi
71a19418-84d7-4aca-b6e7-70a327aa3232,Arjun Agarwal,1987-05-10,Male,Indian,9997791114,National Museum Delhi
a7509d7e-946e-463f-ba39-b8a112feb18e,Sneha Gupta,1963-05-01,Other,British,9022240478,National Museum Delhi
50018211-d576-4cdc-ac48-136012d51ef0,Meera Verma,1995-08-25,Male,Singaporean,9800674600,National Museum Delhi
8390a42a-5515-407c-bb86-a5ad340efc04,Krishna Gupta,2005-11-30,Other,Australian,9320441703,National Museum Delhi
6202a265-265a-44e9-9f3b-b8068ef2b6e3,Karan Gupta,1984-02-20,Male,French,,National Museum Delhi
da019c55-9a2c-4de6-b55b-509774a242c2,Neha Gupta,1975-03-20,Male,Singaporean,9303751098,National Museum Delhi
68fa43bc-9a73-4c0b-9d29-c92d343db9bc,Riya Bansal,1962-06-11,Other,American,9054207517,National Museum Delhi
0560f5a8-cdce-4e83-9005-81802c134880,Priya Verma,2014-11-17,Female,Singaporean,9693684047,National Museum Delhi
453fe80e-4506-4d4d-b721-57c972fe0d6f,Neha Mehta,1972-01-27,Female,British,9810311542,National Museum Delhi
469ce74b-4c85-4a6d-a643-f44147524757,Priya Agarwal,1960-06-27,Other,Canadian,,National Museum Delhi
af98aac5-7a8d-4d6a-98f9-3b951b542bc6,Rohan Mehta,2008-04-09,Other,British,9417579717,National Museum Delhi
828692ea-d50a-4d32-8c44-bad9e4550333,Ira Patel,1971-04-14,Other,Singaporean,,National Museum Delhi
ad13a8ab-e3a7-47a0-8d00-1009581605c5,Karan Agarwal,1981-05-06,Other,Japanese,9745372886,National Museum Delhi
2f9dd0d0-cf3b-46ad-8b1e-b523af4a08f2,Sneha Agarwal,2010-06-17,Female,Japanese,9999828902,National Museum Delhi
f1efc9d3-1a99-4b01-badd-10e27358a214,Ananya Sharma,1983-02-05,Other,Australian,9311615538,National Museum Delhi
478c1cf2-4325-475d-a886-d6f35ce83169,Pooja Kapoor,1999-09-18,Female,UAE,9178624079,National Museum Delhi
572e4582-1faf-4ada-bfeb-d028587e2415,Arjun Bansal,1967-06-10,Male,Japanese,9321856972,National Museum Delhi
06db44c5-992b-4a81-9cb0-0acd3170d08d,Arjun Bansal,1961-10-18,Other,Canadian,9477251790,National Museum Delhi
d6da20c7-0aee-49b8-b01d-331c54b57c1f,Vivaan Mehta,1999-05-20,Male,Australian,9031380103,National Museum Delhi
21e59140-4404-47db-98d3-b88007760a6e,Aisha Gupta,1983-08-04,Female,Indian,9022540099,National Museum Delhi
45a08b39-bea4-496b-b4ef-9bf3df89f686,Pooja Singh,1985-09-07,Other,French,9649071172,National Museum Delhi
b56da16c-be46-464c-a30a-50f056537811,Ishaan Sharma,2000-11-26,Female,Australian,,National Museum Delhi
261a77ee-5707-4145-adef-3d9851a4cf37,Sneha Gupta,1990-08-12,Male,Australian,9361681738,National Museum Delhi
ff858c7b-8bac-4ea9-bffd-7173736b29bd,Meera Agarwal,1960-11-03,Male,Australian,9439784039,National Museum Delhi
278c550b-15c1-4c96-abce-3502f3ad5783,Ishaan Chopra,1968-07-16,Other,Australian,9201039279,National Museum Delhi
9da156ac-9a05-474b-90ea-f44a7f4f62eb,Riya Agarwal,2014-03-13,Male,Canadian,9682533112,National Museum Delhi
bb20f3d9-e8d4-44f5-b714-98caa557a4b7,Krishna Agarwal,2000-07-28,Other,Australian,9740906286,National Museum Delhi
8f2d054b-5d0b-4dcb-85b7-f4801a233850,Vivaan Patel,1964-06-11,Female,Canadian,9235332862,National Museum Delhi
a832d2bf-bc77-4c8b-92bb-191123a658d9,Rohan Chopra,1987-10-18,Other,Canadian,9597906595,National Museum Delhi
950328cf-2147-41ac-9867-f4d4e804e129,Sneha Kapoor,1960-11-27,Female,British,9816278447,National Museum Delhi
e6f7b510-f9cf-40b1-88e6-8848b4502ca5,Aisha Patel,1963-10-24,Female,Japanese,9982073332,National Museum Delhi
69ef25e9-4ba3-4080-8d4c-c8c85ec555fc,Ira Agarwal,2000-06-24,Other,French,9227736562,National Museum Delhi
10c897c0-0415-4fa0-8c76-2a6ca1984b54,Sneha Sharma,1964-09-27,Male,German,9423288935,National Museum Delhi
81cad768-7f84-401d-972a-b27b04256034,Aarav Verma,1966-06-19,Other,American,9394561133,National Museum Delhi
0299e6e2-28da-4b24-b70d-3045948b2b39,Ira Gupta,1988-11-22,Other,American,,National Museum Delhi
da514e18-241f-4963-a561-84f61444e032,Meera Singh,1962-10-12,Female,Australian,9762429785,National Museum Delhi
7ee64b10-7401-4bf9-88e3-25428e62f499,Aryan Chopra,1965-10-23,Female,German,,National Museum Delhi
c9e654db-b259-42c6-939d-eeabaf291042,Karan Bansal,2002-05-10,Male,American,9010643034,National Museum Delhi
c8e89155-03f1-42b8-94d7-bf3cc451d16c,Arjun Kapoor,1963-09-07,Female,Canadian,9546325739,National Museum Delhi
7a74bc76-88ab-4e09-a2bf-70a7fdc1a0eb,Ananya Bansal,2011-10-18,Female,American,9156176857,National Museum Delhi
a56f0db9-25f6-4642-a8d9-63749f16c84d,Ananya Patel,1975-11-26,Male,French,9436673899,National Museum Delhi
5bed6769-6bf1-498d-92b0-3ec4c325b58c,Ananya Singh,1981-12-24,Male,Singaporean,9652557805,National Museum Delhi
2e5f576f-2766-430c-b586-db6e3d7967a5,Aditya Verma,1977-03-26,Other,Indian,9756626078,National Museum Delhi
6582c5d3-80ed-4ca7-8aae-25dd94115706,Sneha Kapoor,1978-08-13,Male,German,9418630142,National Museum Delhi
f837584a-398f-4d05-b4d6-a86db8b27a2c,Priya Verma,1984-03-22,Other,Indian,9021762287,National Museum Delhi
affdb897-2bb1-4c40-8f9e-406047f5241b,Riya Mehta,1965-07-05,Female,UAE,,National Museum Delhi
9c64612f-43b3-4265-a017-336f2ea4f6fe,Krishna Verma,2007-08-31,Female,Japanese,9552317473,National Museum Delhi
33f3ad9d-4b51-4a0b-a384-825bf557a951,Ira Agarwal,2000-06-28,Male,Australian,9065516273,National Museum Delhi
35276f32-5f93-45f8-b344-e8f5f8cb2117,Meera Singh,1971-01-24,Other,Indian,,National Museum Delhi
a0bb293e-c1db-4cac-99c8-081958f56395,Krishna Sharma,2015-05-30,Male,German,9345126735,National Museum Delhi
f948e34d-446c-4a0c-ab72-d1984a490ccf,Pooja Agarwal,1988-02-08,Female,French,9117294680,National Museum Delhi
fb1aaaa0-8caf-42c8-8e84-3b10f4866fa7,Ira Singh,2009-01-25,Other,Indian,9921476849,National Museum Delhi
4e1740ca-9c17-4edc-840c-481401724a40,Aryan Mehta,1967-08-12,Female,German,9532425807,National Museum Delhi
a0b2bf98-c59d-494e-b181-ba92808e4d18,Priya Singh,1988-05-05,Other,Indian,9393331770,National Museum Delhi
ac1f1b97-02c9-4d21-96c9-34b9247b4835,Ira Gupta,1982-03-11,Female,British,,National Museum Delhi
01a619f8-a2ff-4e72-8d54-39ab3cbfe660,Aarav Mehta,1988-12-28,Other,American,9565140003,National Museum Delhi
2a4d3507-aba7-4e1b-923d-7ab81e884d91,Kavya Verma,1970-02-28,Male,British,9228572375,National Museum Delhi
9f70b3d4-b59d-4fd0-8c8d-25ddb8b6ed26,Aditya Patel,2009-11-09,Other,British,9610678055,National Museum Delhi
1b76d4a5-741d-4c17-9bf8-fa2c173814fa,Rohan Mehta,1962-10-08,Male,British,,National Museum Delhi
93ed6c16-a9fd-433c-8b79-2475a019b77d,Meera Singh,1973-06-22,Female,UAE,9016315698,National Museum Delhi
dd02998f-676c-42fb-b7d9-601067a5bc6c,Meera Singh,1997-12-05,Other,German,9700361502,National Museum Delhi
1edf0a9d-9425-44b7-8860-90b48741e093,Riya Agarwal,1965-03-15,Male,Indian,,National Museum Delhi
9cd8b2e0-7c0d-4a01-b737-9d6e2787cece,Ishaan Kapoor,1967-09-02,Other,UAE,9219631180,National Museum Delhi
fe8a4a0a-6e0c-4f7e-a71d-ae8ee6b5629d,Ishaan Chopra,2007-11-06,Other,UAE,9284348621,National Museum Delhi
926f21a5-d7ed-43ad-9c48-8b241905b874,Ananya Kapoor,2005-11-05,Female,Canadian,9328306805,National Museum Delhi
9ac8558a-8cd0-453b-84cc-fc0d9c490814,Ananya Patel,2002-02-21,Male,French,9267865281,National Museum Delhi
baa494a6-538e-47a6-96cf-112b2cb29905,Ishaan Sharma,2009-02-02,Female,Indian,9195815749,National Museum Delhi
5d926255-1e0f-49ec-99fd-71787e413bd7,Aisha Bansal,2001-10-28,Female,Australian,9759204033,National Museum Delhi
531053fc-84f0-4251-b293-62d563ca11a8,Aditya Mehta,2013-05-07,Female,Indian,9259098130,National Museum Delhi
4211b8d3-3404-4754-8988-f2c13d3472a4,Ishaan Chopra,1968-08-28,Other,Indian,9478332449,National Museum Delhi
ad0d9cf8-2d03-43f6-b0aa-c0568fa38c97,Aditya Kapoor,1976-06-26,Female,Australian,9440397012,National Museum Delhi
d8ba7d31-cbfe-48bb-847c-bba9e85f8071,Aisha Chopra,1997-02-06,Male,Indian,9560473124,National Museum Delhi
6a4c8c93-80ca-447e-9866-cda93994ff2e,Rahul Mehta,1998-07-27,Male,British,9587793347,National Museum Delhi
de6f6eba-06ee-4c49-b020-1029f42c9f86,Rahul Gupta,1966-04-25,Male,Japanese,9378031838,National Museum Delhi
5d431097-18b7-4499-a097-ff5a57b6af7a,Ananya Kapoor,1972-05-17,Male,British,9970383375,National Museum Delhi
16fbc673-46be-4f58-a07f-6ed3c9bbf836,Aditya Singh,1990-06-06,Male,British,,National Museum Delhi
0fcb4b23-c3b0-4baa-b689-e1114afdd908,Kavya Kapoor,1972-06-05,Male,Canadian,9358616782,National Museum Delhi
bed38e8f-dbd2-4222-99e2-38f97971808d,Aditya Chopra,1995-08-29,Male,Singaporean,,National Museum Delhi
fdbaad1f-bdbc-4855-96f7-ec5286d27e7c,Ishaan Chopra,1965-04-11,Female,Canadian,9758528022,National Museum Delhi
4a5c77ef-a935-43aa-b2e3-98a8d8ac27f9,Meera Sharma,1965-05-21,Male,British,9923778005,National Museum Delhi
829c8e11-e2c6-4faa-a1e4-3793f6259f99,Aryan Patel,1994-01-30,Male,Singaporean,,National Museum Delhi
bbad8d48-4558-4155-9dbb-8d4bb6e61e14,Priya Sharma,1979-08-04,Female,Indian,9217777993,National Museum Delhi
9bf92c49-2900-4879-bb69-623629e5ff85,Ananya Singh,2014-07-09,Other,UAE,9155127795,National Museum Delhi
4d6f1598-ff2a-4132-97fa-20f0e5523a0a,Kavya Gupta,1962-02-17,Female,Japanese,9406637782,National Museum Delhi
76c95970-f7b3-4e70-be8f-097dc909e232,Priya Kapoor,2006-12-05,Male,UAE,9072928693,National Museum Delhi
455df76a-3394-449b-8dca-f42d567bc2a4,Ishaan Singh,2010-09-20,Other,Australian,9067455547,National Museum Delhi
7b5d4b2f-f40c-41c3-942f-9a4a296b8b6d,Priya Gupta,1969-08-02,Female,Singaporean,9157058037,National Museum Delhi
3af88ab7-808a-47a3-a0b1-ce5bf5e2e3a0,Meera Bansal,2002-05-14,Male,Canadian,,National Museum Delhi
488d3755-2710-4207-b431-1842554a0c92,Aryan Bansal,2006-12-02,Other,French,9299731035,National Museum Delhi
e92ea0d6-8f5f-429e-b44e-6c1009177c43,Karan Verma,1970-08-25,Male,German,9001781601,National Museum Delhi
e2d53c47-71a3-4f69-84ab-49887db49b03,Meera Mehta,2014-03-31,Female,Canadian,9131077083,National Museum Delhi
5c3081f3-d6cb-4249-883d-fe832fd9eb5d,Meera Chopra,1994-02-05,Other,UAE,9987256296,National Museum Delhi
38b3acb8-6574-4483-aa65-c9ca9bf1efe3,Karan Mehta,1988-03-30,Other,Indian,9273694117,National Museum Delhi
27037649-02c9-41cb-97e2-ca25f29c744d,Riya Sharma,1974-05-15,Other,American,9272307097,National Museum Delhi
d91488b3-a769-4bae-b7eb-09f43867ff3e,Krishna Sharma,2014-01-31,Other,Canadian,9382796275,National Museum Delhi
e108d3bb-d40c-4086-9148-dce6e7c2f082,Neha Gupta,1978-04-16,Female,Singaporean,9430081758,National Museum Delhi
b7f1c000-961a-42b4-a12c-22d9aae5597c,Aarav Gupta,2013-12-28,Female,British,9601814609,National Museum Delhi
eca1f9bb-6084-4e1a-b4b2-84a5314d7e66,Sneha Chopra,1988-02-25,Female,French,9766388746,National Museum Delhi
b0a9e603-bc32-486e-b5ed-3ad547b370dd,Aarav Agarwal,1977-10-30,Other,Japanese,9543602322,National Museum Delhi
58616e19-7269-488d-99d0-90665b8204c8,Sneha Verma,2007-10-01,Female,French,9426075852,National Museum Delhi
531cbda0-0951-4967-bad6-9afc6af49b38,Sneha Bansal,1963-11-29,Male,Singaporean,9501518662,National Museum Delhi
5abfc863-9d02-45bb-8b77-53aaebf9482e,Riya Mehta,1987-12-23,Female,UAE,9380430259,National Museum Delhi
edce20e7-d3f3-488a-b80e-1f2e5902a70f,Arjun Singh,1968-05-07,Other,Canadian,9679766232,National Museum Delhi
54e12876-7de8-4467-9d40-e38315e192c0,Kavya Agarwal,1974-01-02,Male,UAE,9221752404,National Museum Delhi
2ee98afb-cff7-479f-a69c-99d2f935f1a1,Neha Kapoor,1991-05-05,Female,Japanese,,National Museum Delhi
41b2739c-a367-4ae1-be05-445ba4baa012,Ishaan Patel,1985-10-03,Female,American,,National Museum Delhi
5865736a-f070-494e-9ab2-71866872b6ff,Ishaan Patel,1975-02-10,Other,Canadian,9792370403,National Museum Delhi
65db38eb-78dd-451b-8712-a284203099c1,Karan Chopra,1997-12-23,Male,French,,National Museum Delhi
255a7ef4-bd02-4b08-ac69-52c2936c13ba,Vivaan Singh,1983-07-12,Male,German,9427340461,National Museum Delhi
c200c4a8-0b62-499a-9d6f-ce3f1d0703e9,Aisha Patel,1984-06-18,Female,Japanese,9878228300,National Museum Delhi
8b12baa7-ed17-4292-b085-0e605b294548,Priya Singh,1977-07-19,Other,UAE,9495948261,National Museum Delhi
b8949da9-673c-478f-9ba9-c1f6babb9d58,Karan Sharma,1976-12-13,Female,UAE,9223010917,National Museum Delhi
d443390f-ec50-4a54-82b3-0469a17b4ed8,Pooja Verma,1971-04-27,Male,Japanese,9648368125,National Museum Delhi
72c67597-2a7c-42cc-8000-e8b0dae4031e,Karan Singh,1973-04-08,Male,UAE,,National Museum Delhi
a2d5a99e-a756-4e25-a589-e06f104e832c,Rahul Gupta,1969-06-04,Female,Indian,9020989478,National Museum Delhi
6b3f0400-b1a5-46c4-b54e-0d9d29ee702c,Aarav Verma,1971-11-01,Female,Indian,9112515741,National Museum Delhi
f2a7ea52-df1a-4035-b03f-45b57cfc054b,Priya Sharma,1995-11-24,Other,American,9238881329,National Museum Delhi
f3c21bd3-138c-4f6b-9663-5e539d24cf6e,Arjun Singh,1996-10-25,Other,British,9025017043,National Museum Delhi
57b16002-9ae6-409d-bfa8-1b8988440516,Aarav Bansal,1985-02-02,Male,French,9059346757,National Museum Delhi
950aedc4-cb95-4b9e-a5b9-71cb481a4697,Kavya Patel,1981-05-02,Female,Japanese,9149516614,National Museum Delhi
294b07d2-87ce-4f49-89ba-d18c4ddfc086,Rahul Kapoor,1983-12-30,Other,German,9541116742,National Museum Delhi
afe34cd7-5420-41b7-b21b-d9b62fe71409,Sneha Gupta,2000-09-05,Other,German,9717452667,National Museum Delhi
3e95cf92-1ce8-4b8e-9711-89ba861d6585,Rohan Singh,1979-04-06,Other,British,,National Museum Delhi
22c79cf4-0dfe-45e3-892f-df576083f43b,Karan Singh,1961-04-28,Male,Singaporean,9007752477,National Museum Delhi
f94489da-1403-402b-b4d7-9424eae31ab7,Krishna Verma,1996-12-22,Male,Indian,9060207987,National Museum Delhi
3ca013c3-3a60-413b-9d6d-49ac6927f6b2,Aarav Bansal,1984-11-27,Female,Indian,9905660964,National Museum Delhi
152939cd-1f10-4926-b158-39b0acc19cab,Sneha Agarwal,1967-09-21,Male,German,9982997801,National Museum Delhi
80c816d2-db7e-4d84-ab1e-aa96ad61c339,Aisha Patel,1999-06-27,Female,Indian,9633754430,National Museum Delhi
a6162d5a-6b39-4cc9-b0c3-1f2387898588,Pooja Agarwal,2010-03-02,Male,British,9893615177,National Museum Delhi
01ef415a-76e3-4c71-a883-5cba0ac87df9,Meera Gupta,2014-04-30,Male,British,9482795982,National Museum Delhi
04e325a6-aada-4228-9a86-7120ae608467,Sneha Mehta,1990-11-27,Male,American,9374152461,National Museum Delhi
5ee01151-6859-4f98-a58e-633c6492daec,Priya Sharma,1983-07-08,Female,Japanese,9425035784,National Museum Delhi
f009f31e-46ff-4a3c-b261-ac9c3de766aa,Aisha Mehta,2015-08-16,Other,French,9763901261,National Museum Delhi
ff273771-9dd2-4fce-a951-7aa20e23e0c8,Rohan Bansal,1989-11-23,Female,British,9927163179,National Museum Delhi
2e703c43-e2a8-4218-b1da-c41ab1b3e205,Ishaan Singh,2014-06-27,Male,American,9606029556,National Museum Delhi
583dee6f-1743-4a1e-8c7f-e734a35dfe31,Pooja Sharma,1990-03-06,Male,Australian,9157819982,National Museum Delhi
d0fe0fc8-5175-401b-a05b-6967be68cb97,Riya Patel,2009-08-08,Male,Indian,9202805393,National Museum Delhi
aba9fa32-85a6-4a7a-853e-dbce10068ded,Ananya Chopra,1969-05-10,Female,American,9040861647,National Museum Delhi
57e2b7c9-86ee-45ec-ab69-946533ca7125,Riya Mehta,2003-02-03,Other,Japanese,9997235617,National Museum Delhi
2d1bf401-43ab-4720-b2bd-1809f4eb29af,Ishaan Chopra,2013-01-16,Female,Indian,9112488779,National Museum Delhi
d46fd615-6a97-4a15-94bb-035792ae77d0,Ira Bansal,1980-04-22,Other,Singaporean,9008332240,National Museum Delhi
12db34fe-3aa7-4e80-a1fe-715a67bca612,Pooja Singh,1967-12-30,Other,Canadian,9616450399,National Museum Delhi
fe643bf3-7c0f-4822-b34b-6235f1e7a0a4,Priya Kapoor,1984-04-21,Female,Japanese,9407152697,National Museum Delhi
926bb396-0f95-46d3-81e4-1d56cc6c2a4e,Krishna Singh,1994-11-03,Other,Australian,9850533560,National Museum Delhi
d7cd1d21-ed07-43b2-8dc6-c8181d65fba1,Rahul Patel,2015-03-17,Other,French,9342176596,National Museum Delhi
9242d884-65ec-403b-8570-8c1cee9c2095,Aarav Verma,2010-02-24,Female,German,9518876407,National Museum Delhi
4b1d4fa9-11c0-4289-8481-42470cf280a3,Rohan Kapoor,1979-11-20,Female,Singaporean,9904033035,National Museum Delhi
521aed24-fcf5-4a7a-931e-d0545c365668,Aarav Patel,1967-01-30,Female,Japanese,9523403573,National Museum Delhi
4b74c1f8-148a-4316-be78-d5a13c98b882,Aarav Sharma,1994-10-24,Male,Canadian,9295974200,National Museum Delhi
cd6566c4-f28d-42a5-95b0-68e11fa46800,Ira Sharma,1989-01-22,Female,French,,National Museum Delhi
a5a07f20-44b4-407d-ac3d-77055aa941d0,Kavya Chopra,1985-04-07,Male,British,9168347062,National Museum Delhi
efb776d2-6100-46b7-97ef-96098ceb7259,Vivaan Patel,1968-10-12,Other,French,,National Museum Delhi
8523b045-3f5c-433a-931a-fa9ccb2b05f6,Krishna Chopra,2003-06-02,Other,Australian,,National Museum Delhi
8af6b68d-75b5-48a8-810d-409687585d1b,Rohan Gupta,1964-01-17,Female,American,9888210210,National Museum Delhi
bae0cd82-e3d3-45ca-9ebe-ea4a984cccc2,Sneha Bansal,1995-04-08,Female,Australian,9136923057,National Museum Delhi
a7731acf-cc25-4525-bbec-4067c2cb25c8,Aryan Verma,1963-12-17,Female,German,9804050892,National Museum Delhi
81b90f8d-62a8-4eb1-8e1e-c372eb938f52,Aarav Chopra,1983-12-07,Other,German,9408026905,National Museum Delhi
55e410f7-d9c4-46d0-9276-4ea4476cfb4b,Kavya Verma,1987-03-18,Male,Australian,9898692192,National Museum Delhi
a9452d99-d76c-41de-bf9d-65d2735de22e,Ishaan Gupta,1980-04-08,Male,Singaporean,9665672651,National Museum Delhi
b0fb2b12-a987-49d1-a665-4b88c53d556a,Sneha Kapoor,1970-06-03,Male,Australian,9050005583,National Museum Delhi
074ce5df-bb95-4528-a1ce-3c6e7ab47361,Aisha Kapoor,1960-10-30,Other,French,9011931950,National Museum Delhi
51ad5cfc-4e10-4171-92ea-e5afc636e765,Sneha Sharma,2012-10-16,Male,Indian,9531548823,National Museum Delhi
5fef849d-5860-4ecd-878d-18bfd2bdb72d,Neha Agarwal,1989-08-26,Male,Singaporean,9152333612,National Museum Delhi
c7a4f773-8546-48b7-8172-9a36b392d7ad,Krishna Verma,1982-05-02,Female,Australian,9976740737,National Museum Delhi
2d84017d-9efb-4e89-a7f9-b101f9f1c2c3,Neha Mehta,1986-11-02,Other,American,9102932877,National Museum Delhi
d8b2bafc-5ccc-48b1-acd3-31d2f5ea7692,Neha Bansal,1983-02-12,Female,Japanese,,National Museum Delhi
94095d9b-e1ba-4d86-9208-69c427ea601c,Vivaan Bansal,1966-10-13,Female,Indian,9036838671,National Museum Delhi
dbdb5c57-dcad-435a-bae7-b15308efc57f,Kavya Bansal,2015-10-04,Other,Japanese,9242714748,National Museum Delhi
66c22058-dc68-4195-93ed-63ac4985f7be,Riya Gupta,1991-08-21,Other,Canadian,,National Museum Delhi
d74eb6cf-6a04-4e76-874d-48b263ffaec7,Arjun Mehta,1967-02-20,Other,German,9380098337,National Museum Delhi
7716742e-51ca-4463-8c79-fad0cb233a3d,Aditya Bansal,1985-04-19,Other,Japanese,9656414963,National Museum Delhi
7ec4192a-e0f8-4dfc-ba53-df166e595983,Priya Kapoor,1977-11-07,Other,Australian,,National Museum Delhi
6d67cb85-b954-48cf-8a1c-a61b1cf3f59d,Priya Gupta,2011-12-01,Other,Singaporean,9854097562,National Museum Delhi
79f261ee-3604-4866-9ebf-f0d906273fd9,Neha Singh,1968-04-06,Female,Australian,,National Museum Delhi
7607f0ea-41b5-4561-9a55-219c69f84229,Aryan Singh,1981-12-19,Other,Canadian,9411910231,National Museum Delhi
54b544ec-7f16-4d49-b3f8-e554a5947930,Ira Chopra,2014-03-31,Other,Australian,9529880871,National Museum Delhi
af988762-3e42-4dea-8897-0ea996cfb62f,Karan Mehta,2007-04-21,Male,Japanese,9897653573,National Museum Delhi
e37ae66e-45b7-440c-a95e-5160972efb77,Meera Chopra,1997-03-25,Other,American,9538534094,National Museum Delhi
f7046756-8025-443b-805f-5360be5465f2,Aryan Sharma,2004-03-06,Male,German,9737564581,National Museum Delhi
415b2e14-41f3-4d95-b7c5-dcc87c6eb600,Krishna Patel,2009-08-23,Other,Indian,9311655378,National Museum Delhi
33311d46-be58-4314-842b-c7d68ecf3eef,Ananya Bansal,1989-12-07,Female,UAE,9503835025,National Museum Delhi
d3bd6d83-0d40-41bf-b1f4-8044af4ccd1d,Riya Patel,2013-04-23,Male,Indian,9833062792,National Museum Delhi
b5e677e3-fc52-4a9f-895c-4ca1d8e76635,Ishaan Agarwal,1963-12-11,Female,Singaporean,9971136507,National Museum Delhi
a5c68ac8-053d-4a7f-a3d1-8acf80103e50,Ira Bansal,2012-07-21,Other,Japanese,9692893776,National Museum Delhi
8d75ea31-0138-4738-9012-9e770d750db8,Ira Agarwal,2009-12-12,Female,Japanese,9139449816,National Museum Delhi
7bd00c4e-8e46-4923-8268-a0f073295961,Ananya Mehta,1975-09-07,Female,Japanese,9324742872,National Museum Delhi
dddaf9be-e2b0-4a16-9883-ce6a66967bca,Pooja Kapoor,1974-05-25,Male,UAE,,National Museum Delhi
e3498e73-342c-475e-bcd9-857979d680f1,Priya Bansal,1987-06-26,Male,British,9108877692,National Museum Delhi
4d828e74-d57a-406b-9458-ddb409576432,Aarav Patel,1987-10-06,Male,American,9094371529,National Museum Delhi
957427a5-6bf4-4d11-89ad-9837a0f9ce88,Rahul Kapoor,2008-09-08,Other,American,9757378336,National Museum Delhi
e3e8ccf0-0e60-48c8-9305-32618fddcdc0,Aditya Bansal,1982-12-17,Female,Australian,9616274272,National Museum Delhi
395bea82-78fd-4247-a243-5e64fa7b8be6,Vivaan Bansal,1968-04-01,Male,American,9780035180,National Museum Delhi
30089aca-9236-4854-b9b4-1f7874cbd1f6,Vivaan Sharma,1968-10-06,Male,UAE,9060138652,National Museum Delhi
7eb44c6e-f836-45a0-b425-d54f78fa86e4,Ira Bansal,1988-09-11,Female,Singaporean,,National Museum Delhi
70da8b22-756d-4ef0-8cf0-9aa188f97ead,Aryan Chopra,1965-11-19,Female,UAE,9618868052,National Museum Delhi
58e04c1e-142e-423f-b3db-77bc5ed1b703,Arjun Bansal,1993-05-27,Other,British,,National Museum Delhi
310848c4-838d-4b93-8d69-65fa573ae51e,Sneha Agarwal,1987-06-04,Female,German,,National Museum Delhi
3d94a444-91bc-4caf-9edf-ab9b66f734cb,Krishna Patel,1977-01-28,Other,German,9478012926,National Museum Delhi
eff5f443-e086-433e-bafc-9539d406c19b,Aarav Singh,2001-06-21,Other,Indian,9432367382,National Museum Delhi
eabac414-e569-4c4c-b331-88adeaa50b37,Vivaan Agarwal,1984-01-07,Other,French,9948205012,National Museum Delhi
4f5183d1-f85c-4597-b0fe-9da295f8ee3a,Aryan Gupta,1961-03-15,Male,British,,National Museum Delhi
fc0377fe-24cb-435b-b8f7-34f9f7503963,Arjun Gupta,1970-07-15,Female,Indian,9235760342,National Museum Delhi
1d63d077-243c-4420-ac3f-241e7290b898,Rohan Mehta,1987-05-06,Male,Australian,9707975841,National Museum Delhi
94f970a9-571e-4699-8e48-ef855a2419b7,Vivaan Sharma,2004-09-23,Other,Japanese,9589312958,National Museum Delhi
85c55071-93d9-49cf-8677-1d3be9638f7d,Krishna Gupta,1987-08-28,Female,German,9218895404,National Museum Delhi
340b1437-3a54-43ba-b006-efe9d67f2488,Ananya Kapoor,1983-06-19,Other,British,9114828281,National Museum Delhi
ece6701d-36c1-417f-8969-627db6fad4d9,Meera Kapoor,1996-12-08,Other,Indian,9571338972,National Museum Delhi
d3ca5725-b642-4d10-a622-e05a7627a0a9,Kavya Singh,2002-05-11,Male,Australian,,National Museum Delhi
1c1b5613-936d-4152-835b-0fce0fba0ad8,Aisha Verma,1960-12-15,Female,British,9053315447,National Museum Delhi
d9b15685-f66c-4c13-a64f-151130687c52,Aarav Gupta,2005-11-19,Male,Australian,9980224286,National Museum Delhi
cbd3591b-5821-49a3-b61f-912758af7a5f,Arjun Patel,2015-04-26,Female,German,9945996968,National Museum Delhi
689940cd-4976-4d9f-8aad-24e5bd96b256,Priya Mehta,1993-11-28,Other,Australian,9582308887,National Museum Delhi
d08acfb0-9db7-4586-91fb-5b2dc3ef1479,Rohan Bansal,1963-02-04,Other,Singaporean,9470556628,National Museum Delhi
23ed3240-ee1f-42fa-bcc5-38d990c1ed70,Kavya Gupta,1970-10-22,Female,Canadian,9492054407,National Museum Delhi
e3201630-67bf-403f-bfbc-f447252d3a08,Arjun Bansal,1996-12-25,Female,German,9256246905,National Museum Delhi
fd2e9eff-7119-4251-94c5-1b2d3b15847c,Arjun Chopra,1972-11-20,Male,Indian,9415084862,National Museum Delhi
226786e5-fac6-4352-b7a2-d27031f7e063,Priya Agarwal,1995-01-18,Female,Canadian,9522199788,National Museum Delhi
0abef910-8ac0-4a5f-8b7b-f455d66d67c1,Priya Mehta,1979-02-24,Female,Indian,9284262537,National Museum Delhi
80cc8981-bd10-4f0e-b2fa-cdfc40debbde,Karan Sharma,2002-09-16,Other,Singaporean,9504642214,National Museum Delhi
003abafa-06cc-4944-9844-8a3a4c6a03a3,Kavya Verma,1984-07-15,Female,Indian,9630397402,National Museum Delhi
4639e42a-af83-40a0-b21b-976fd7309f5b,Ishaan Kapoor,2003-01-14,Other,British,9435369133,National Museum Delhi
d37df4aa-7560-4d9a-86d0-6050b8c90826,Arjun Gupta,1983-09-20,Male,French,9569255253,National Museum Delhi
52a4a516-a9d5-4d2f-b553-a35cf1db5696,Ishaan Patel,1984-12-06,Male,Canadian,9831379696,National Museum Delhi
b4a09b85-0316-4573-bb9f-fdea3999e499,Kavya Singh,1982-04-28,Male,German,9686928999,National Museum Delhi
060eb782-fedb-4053-b458-88df980bc29c,Neha Mehta,2011-02-02,Other,Indian,9828173050,National Museum Delhi
46f4cdb7-421a-461c-9f7b-54feca4539fe,Priya Sharma,2002-06-04,Female,Singaporean,,National Museum Delhi
5b875d8a-3805-4f5e-babc-3e1dbad54714,Krishna Kapoor,2010-02-11,Female,Singaporean,,National Museum Delhi
1d3c85cf-3af7-4221-897a-92b0b84108a0,Ishaan Chopra,1964-07-15,Female,German,9732075140,National Museum Delhi
32327fdc-7103-43be-90c3-9a3750af785a,Meera Bansal,1990-12-19,Other,British,9216034160,National Museum Delhi
fc6a7831-bc88-4f2d-9e74-ba85900eec89,Krishna Mehta,2014-11-16,Male,Australian,9440896927,National Museum Delhi
ff74240e-762e-4a62-9fe2-23cab6dd0f07,Karan Bansal,1961-05-21,Female,Singaporean,,National Museum Delhi
3496a62a-b3ef-4436-b112-9d5e2241c5a5,Aditya Chopra,1982-09-04,Female,French,,National Museum Delhi
4d494104-56f1-4fa3-a0e6-f40723eeb283,Krishna Verma,2008-07-20,Male,Japanese,9894076587,National Museum Delhi
7baae344-83c0-466e-8a86-0474992c9a62,Riya Patel,1960-07-30,Other,Canadian,,National Museum Delhi
eeeae037-ad90-4eff-a4ab-faf90b311f85,Sneha Chopra,1973-07-06,Male,British,9092934212,National Museum Delhi
5cdacfa1-5999-44a1-a371-bf5033cdc0dc,Ananya Singh,1990-11-15,Male,Singaporean,9277870696,National Museum Delhi
c9c1c984-8758-4e52-a13c-906170f0dc3d,Rohan Bansal,2005-08-27,Female,British,9506567155,National Museum Delhi
8c56870b-6ccd-4a82-95ea-e9c4d5768df2,Pooja Kapoor,2009-02-25,Other,Singaporean,9668013945,National Museum Delhi
d259a1d0-6dd0-404d-a65a-e6a4098343ae,Rahul Mehta,1976-04-01,Male,Canadian,9385490982,National Museum Delhi
1de0558e-3972-4aa4-9cd3-51aabd953a06,Aryan Verma,1985-11-06,Other,French,9157661909,National Museum Delhi
8bf35dd4-4b68-4f73-adb6-837f6253f6cc,Sneha Bansal,1981-11-16,Other,Indian,9040504534,National Museum Delhi
d25b11e4-d910-4b25-b04b-6568ec7cf862,Ishaan Mehta,1965-02-08,Other,Japanese,9122916688,National Museum Delhi
18f01221-2fcd-458c-92e8-1ddc432a26c8,Ishaan Bansal,2015-08-13,Male,American,9847229920,National Museum Delhi
2e97b0e0-c061-4add-9974-77673dcba861,Arjun Bansal,1996-12-19,Male,British,9585884534,National Museum Delhi
82538851-54fb-4522-a3d8-45784a54962c,Arjun Sharma,1993-06-18,Other,Canadian,9498185201,National Museum Delhi
cb32a376-c854-4dd9-b29a-4d5fe141f9de,Rahul Gupta,1970-04-24,Male,Canadian,9485648180,National Museum Delhi
96f466f3-6a0f-4dff-bba6-a495a6012970,Krishna Chopra,2006-06-10,Other,American,9618098283,National Museum Delhi
61f66ad4-0887-45ec-8591-dbc0dc7cb507,Krishna Kapoor,2000-02-06,Male,French,,National Museum Delhi
364a66b3-b2f8-4515-860f-efa734823c13,Rahul Verma,1967-08-31,Other,Canadian,9889068461,National Museum Delhi
62e89949-fa2f-405a-b8a1-4f92af476432,Rahul Patel,1971-12-23,Female,American,9094843147,National Museum Delhi
82b7c254-10bd-496e-9da8-1921cb98b70b,Pooja Verma,2012-07-19,Male,Canadian,9897184065,National Museum Delhi
082bb970-3251-4ef3-875f-eb9ad16efece,Arjun Agarwal,1968-02-12,Male,American,9870982928,National Museum Delhi
e3cbde21-d9d1-4add-b7ff-3ebf76e6c463,Aditya Chopra,1980-04-09,Other,Australian,9255842925,National Museum Delhi
e2df9662-29a2-4bf2-abb2-1c04227d6bb4,Aryan Bansal,1999-07-19,Male,Australian,,National Museum Delhi
74826994-3429-4977-a66d-8ac92facf3df,Krishna Verma,1985-06-04,Male,Australian,9404520687,National Museum Delhi
e2724fbd-bb70-4bdd-97ac-982f3e9cd2ac,Pooja Mehta,1982-07-23,Male,Canadian,9682062438,National Museum Delhi
aa67a36a-aff1-46b8-8c38-0d463b8a6091,Kavya Agarwal,1981-12-02,Male,German,9331527389,National Museum Delhi
f9ec0990-2f65-4661-b8bf-2eef280843ff,Ira Verma,1984-12-31,Male,Australian,9847610125,National Museum Delhi
d15e0aad-380a-42c7-9f5c-e01a6cbca0c7,Pooja Chopra,2014-01-03,Female,American,,National Museum Delhi
ff708790-4697-454b-873b-af1844e8f5c4,Kavya Agarwal,1993-09-04,Other,German,9999380121,National Museum Delhi
c6888795-205d-4a8f-b822-92b0e5f650c9,Aryan Gupta,2000-04-01,Other,British,9324039498,National Museum Delhi
eaa9f815-9ccb-40e5-bb94-bfb2be42f989,Kavya Sharma,1994-08-02,Other,Australian,9221883338,National Museum Delhi
9df6b126-01c7-4e81-a4db-7f68d35c3bd1,Aryan Bansal,1964-04-05,Male,UAE,9068470284,National Museum Delhi
95bffa00-c3ca-499d-9aff-1eff978bad24,Pooja Singh,2009-10-26,Male,Japanese,9042194133,National Museum Delhi
21532d7e-78e5-4d43-8d94-a8598bb3ce44,Rahul Verma,1963-01-05,Other,German,9890864594,National Museum Delhi
a49f1aa1-a422-4e6c-9a81-7904a77d0fcf,Pooja Kapoor,1983-07-14,Other,Canadian,,National Museum Delhi
05f11a07-1385-4187-bd52-73795c9c80d4,Aryan Patel,1984-09-25,Male,Japanese,9648550637,National Museum Delhi
6bd07c35-b359-4e75-bf90-0a25dbd8bcf6,Aditya Mehta,1989-11-21,Male,Japanese,9084657245,National Museum Delhi
9b3ea636-61a2-4a30-b0b9-cacc51478d9f,Priya Mehta,2003-02-26,Other,Canadian,9062003114,National Museum Delhi
2285780b-59c2-40f8-9ed9-69dbc97a4f03,Aditya Verma,1979-05-11,Male,Australian,,National Museum Delhi
7214a4a7-5973-4af1-950a-26ce151cffcb,Karan Chopra,1982-10-25,Other,German,9847862048,National Museum Delhi
c04270a8-c4d7-4bcc-9ec2-56179523ba2c,Priya Bansal,2003-02-23,Male,Canadian,,National Museum Delhi
3803eaed-35f3-4900-b67d-a86706a7369a,Karan Patel,1960-01-24,Male,Singaporean,9881379647,National Museum Delhi
964a4cc1-0ffc-419f-a2b6-0692fe370d34,Riya Gupta,2008-01-29,Male,American,9332019893,National Museum Delhi
e6421daa-0591-4136-a3f3-44330b379af4,Arjun Agarwal,1968-10-02,Other,UAE,9862117363,National Museum Delhi
0d4c45e6-8afc-4051-9b84-a50dcdeb7f7e,Arjun Singh,1975-09-24,Male,Canadian,9517517835,National Museum Delhi
49c5c8ed-ccb7-43f2-874d-4ad3120932ac,Ananya Chopra,1972-02-21,Male,UAE,9169967671,National Museum Delhi
396add44-f850-45d4-a5f4-3a8ebc51b040,Rohan Verma,2000-06-22,Other,Australian,9095082081,National Museum Delhi
ca23dcb6-9d0e-435c-bdc0-18b0331408ad,Krishna Patel,1972-10-29,Other,Japanese,9794171743,National Museum Delhi
9db13a14-72ec-4768-9956-6dc6f0f30dd5,Pooja Singh,1998-07-13,Female,Australian,9819235730,National Museum Delhi
d916e969-8167-4370-ad1f-e9b7e8638aec,Rahul Agarwal,1986-04-07,Male,Australian,9492069751,National Museum Delhi
65ad33c5-5bcf-42c4-9aa2-52fbee1901b5,Arjun Singh,1987-11-02,Male,German,9229220130,National Museum Delhi
b6893ef4-3f2a-4c35-8986-795c3be5077c,Ananya Mehta,1982-04-01,Other,Singaporean,9645813799,National Museum Delhi
a7b4196a-3e7a-416c-ad39-919cc306b810,Rohan Mehta,1988-10-01,Female,American,9589649874,National Museum Delhi
0b3bd216-1d5c-489c-ba82-824fa26e52e0,Aisha Gupta,1972-09-03,Other,Japanese,,National Museum Delhi
99f5bf6c-c3a1-4e9e-b045-dd026b78497e,Ishaan Singh,1962-01-10,Male,German,9370434850,National Museum Delhi
d0ae8ffe-88f2-466c-9615-6a64788fb47e,Vivaan Singh,2007-09-08,Female,German,9733214874,National Museum Delhi
64055b3d-130e-4386-ac28-3c00a6285bfd,Kavya Singh,2015-12-02,Male,British,9956686439,National Museum Delhi
0c1860f3-6bad-484e-add7-3857169adb5c,Sneha Agarwal,1971-09-16,Female,Singaporean,9567573002,National Museum Delhi
b13848cc-bec3-4aa6-bad1-8c52b5736da8,Priya Agarwal,1962-12-24,Female,Singaporean,9908990877,National Museum Delhi
d5f4043d-f345-4ef0-8e59-76670e30ab74,Ira Gupta,1984-01-19,Other,British,9006648110,National Museum Delhi
1ef03220-79f2-48a0-a703-7f1d1885d218,Priya Gupta,1978-05-18,Other,American,9629603999,National Museum Delhi
1a397f34-daaf-4582-aeb9-f286a93c45a8,Riya Agarwal,2011-02-16,Other,UAE,9552848726,National Museum Delhi
6e3ad5d0-1998-4b61-a861-ebc3f95f7f69,Priya Mehta,1973-11-18,Other,Indian,9010748268,National Museum Delhi
3ce5f018-ec7f-4d4d-beab-626dccf38c4b,Neha Bansal,2006-07-19,Female,Indian,9814811944,National Museum Delhi
d3caace6-247a-4341-be05-6ef2e79f3dd3,Krishna Chopra,1974-01-22,Female,Singaporean,9686816114,National Museum Delhi
3d69276a-f3b3-4a69-82fb-2502b11163ae,Meera Singh,2010-03-08,Male,French,9892541297,National Museum Delhi
966698b8-ba34-46e9-97aa-f08da065deca,Priya Chopra,2003-04-29,Male,Canadian,9278291299,National Museum Delhi
fea04f91-f36c-4fa5-945a-e08d528ab7da,Rohan Sharma,1972-07-14,Female,French,9081193324,National Museum Delhi
48054fce-8bf7-40b5-8b27-c6f219a51b66,Ananya Patel,1982-05-07,Female,Japanese,,National Museum Delhi
6b6ca1ba-3868-4083-8cf6-29c091ff2629,Krishna Chopra,1968-03-20,Male,French,9740190716,National Museum Delhi
440b021e-7cbd-4696-adf6-a6f7731e796b,Aditya Sharma,1988-05-26,Other,Canadian,9007280069,National Museum Delhi
6b94e8bc-3794-4931-825a-6029bf462325,Meera Verma,1999-03-23,Female,UAE,9448189749,National Museum Delhi
b8c938d5-ed74-4fa9-ae93-96891a193add,Meera Kapoor,1994-12-31,Female,Australian,9843353348,National Museum Delhi
494a7f32-99ec-41cb-9dc8-3409592b303e,Ishaan Agarwal,1981-01-19,Female,UAE,,National Museum Delhi
2759a10b-2f02-4401-80fc-b71bd98b9da5,Neha Verma,1983-04-10,Other,Australian,9417492243,National Museum Delhi
a0fe57b4-dc1b-44a3-98f7-60440c3c75e9,Ananya Sharma,1984-08-04,Female,Australian,9782361415,National Museum Delhi
188739aa-dc9a-40c7-bf05-7c6ea60e50ba,Aisha Agarwal,1976-11-11,Female,Australian,9836544431,National Museum Delhi
8a2b0689-b48c-4429-ba7a-ef2b07fa4135,Aarav Chopra,1984-09-02,Female,French,9876634563,National Museum Delhi
7e1d8a0b-441b-4a57-b548-495449ca43d7,Riya Mehta,1992-03-29,Female,Australian,9991257945,National Museum Delhi
738d042f-b46b-4c24-ab60-ace4c4db202f,Aarav Singh,2000-11-11,Other,Canadian,,National Museum Delhi
d408f5e3-48fa-471e-ac7b-5c74be0b962e,Aisha Agarwal,2000-10-17,Other,Australian,9022247492,National Museum Delhi
cb45a243-72ab-4020-9d32-86f8f4d2c5ff,Ananya Kapoor,1973-10-24,Male,UAE,9678145968,National Museum Delhi
cf93862d-7083-4bcc-ad8d-144d2a488dbe,Neha Bansal,2006-02-27,Female,British,,National Museum Delhi
e2398944-6d6b-4360-8444-0b87c1a6390e,Neha Gupta,1979-02-15,Female,UAE,9307940279,National Museum Delhi
27d9735e-1460-4301-a8b0-2c44f9ccdcc5,Sneha Verma,2006-10-18,Male,UAE,9526547239,National Museum Delhi
7b0c67b3-c451-4ff9-9b96-38453029efa9,Neha Singh,1963-06-17,Other,British,,National Museum Delhi
e8f83ca2-b3e7-4640-955a-77e5ff016213,Kavya Agarwal,2011-08-26,Male,Japanese,9425516306,National Museum Delhi
5513d4ba-156c-44b8-86cc-f7756c2c354a,Ishaan Mehta,2009-09-21,Male,American,,National Museum Delhi
edfa5139-c5e6-43d9-8c4c-e0320bddc12c,Rahul Patel,2006-02-16,Other,UAE,9546011828,National Museum Delhi
0b9d9fea-ec73-4458-a06f-b186c2819b2c,Meera Singh,1990-10-04,Male,American,9695793381,National Museum Delhi
1c16543b-d428-44e1-8d9a-36d2ee395304,Kavya Chopra,1999-06-05,Other,Canadian,9336660063,National Museum Delhi
100a4399-8c8f-4f2e-b978-3628f6fdde02,Ira Gupta,1965-02-23,Other,UAE,9490789938,National Museum Delhi
5ba0c218-f900-4b31-b92d-9af1e286bcb5,Ishaan Chopra,1975-12-09,Female,French,9230212605,National Museum Delhi
0644d8a2-436d-4376-863d-05f8edd63914,Arjun Chopra,1994-04-14,Other,UAE,9413696444,National Museum Delhi
369339b4-29b4-4b6b-a90e-783e22b0a37a,Pooja Kapoor,1967-01-02,Female,Australian,9289947220,National Museum Delhi
f665ffec-cc27-46a1-b365-f1ff67d9de4d,Karan Bansal,1962-10-22,Other,Canadian,9936234014,National Museum Delhi
c3e5942a-403f-4ae7-b2e2-1dbec080f1be,Aarav Chopra,1989-03-12,Male,German,9447210939,National Museum Delhi
2aff39f2-dce5-43ff-90f2-2b00524dc1fb,Neha Kapoor,1991-03-11,Female,Australian,9705712911,National Museum Delhi
5ba198e9-3d9d-4ce8-bb06-48f2f1b37ab4,Karan Kapoor,2005-10-01,Other,German,9637495915,National Museum Delhi
ae5d2bbc-30e2-4ecb-b271-f582f0720d71,Ira Verma,2015-04-26,Male,British,,National Museum Delhi
a51fb568-4065-4e29-bb3f-9384725dba57,Vivaan Mehta,1990-09-06,Female,Australian,,National Museum Delhi
16cbeb8b-fd81-445c-8650-3dde207007db,Riya Bansal,1971-08-13,Male,German,9210730987,National Museum Delhi
1aced61e-000a-476f-bcbf-fd3d7f284885,Riya Bansal,1987-11-14,Male,Australian,9772408791,National Museum Delhi
f5a8f592-fe7b-4828-a172-ab64ec8fe80d,Aarav Chopra,2006-04-14,Male,French,,National Museum Delhi
64d3983f-0286-4cdb-8134-08fa1ed0228b,Meera Chopra,1987-05-15,Other,American,9265942029,National Museum Delhi
80d1ae66-e14e-475e-a63a-46e325221325,Ira Kapoor,1960-07-19,Female,UAE,,National Museum Delhi
b319a539-8939-4ea2-88e8-f7a46a3ceffb,Aditya Agarwal,2011-08-10,Female,Indian,9197616411,National Museum Delhi
70231d15-0e6a-4c04-82bf-e50a0f78ba0e,Pooja Agarwal,1995-01-17,Other,American,9655030521,National Museum Delhi
fae2fa1e-9314-45d7-b072-e81d6512ec24,Meera Patel,2015-12-24,Male,Singaporean,9036470588,National Museum Delhi
173fc32f-bcfd-45dd-9fac-eccc3e1df448,Ira Agarwal,1992-06-19,Female,Japanese,9224642006,National Museum Delhi
6f0d89cd-091a-47b8-aae8-f8d2094e56f2,Arjun Bansal,1981-07-25,Other,British,9270018133,National Museum Delhi
a2c354ad-0313-40d0-9abb-75ffa244293f,Priya Sharma,1996-01-17,Male,Indian,9591066204,National Museum Delhi
8293d21a-8610-4b51-a39e-d5406db849cb,Priya Verma,2005-09-01,Other,German,9515999024,National Museum Delhi
1b52cdc9-1f11-4347-a443-9cca9d24c182,Karan Verma,1982-01-03,Female,Australian,9279432851,National Museum Delhi
c762288d-721a-4fc8-bc81-fae399ef0072,Neha Singh,1967-08-20,Male,British,9884406354,National Museum Delhi
0eaf4d12-1080-467a-a9e2-259dd4b9efac,Krishna Patel,1969-06-01,Female,Indian,9602317279,National Museum Delhi
12a345f0-aacc-4887-a0c0-a5ec88adc033,Priya Sharma,2001-11-16,Other,Australian,9992543659,National Museum Delhi
b7085fbb-a629-491b-a22b-e28e7beef8b1,Aditya Kapoor,1962-07-30,Other,Canadian,9393956737,National Museum Delhi
cc447241-5aab-4e46-9b00-24c4746b9c6f,Sneha Sharma,1970-11-21,Female,UAE,9182610528,National Museum Delhi
0bc84d8b-b39f-43eb-b6b3-a8a8fb1b00cb,Neha Sharma,1985-03-27,Female,Singaporean,9953810235,National Museum Delhi
1ad4fd0f-1879-499e-a9cf-598b3cb7c3fd,Neha Verma,2005-04-12,Other,French,9100235459,National Museum Delhi
81192767-c9f5-4c2b-ab45-6f152fd3a6b8,Aditya Chopra,2002-05-01,Female,Japanese,9968384517,National Museum Delhi
98720032-360f-4bd1-bd71-046c18b7bfc4,Vivaan Gupta,2006-07-04,Other,Canadian,9714747462,National Museum Delhi
5c2ce0d4-8982-40ad-b734-400788020304,Meera Kapoor,2000-07-20,Other,Indian,9177059143,National Museum Delhi
59a368bf-4287-45f5-a6ed-e6f62a43c0dd,Ananya Chopra,1987-05-28,Female,Japanese,9143237537,National Museum Delhi
f96de8d8-0a26-4e2a-9ce7-9ffaf7788c13,Rahul Agarwal,1990-01-09,Male,Australian,,National Museum Delhi
1fd8088f-f478-4657-b4b0-75675988a863,Aisha Bansal,1969-09-15,Female,French,,National Museum Delhi
259daced-32ee-4714-8b0c-2c880dc92070,Aisha Patel,1973-08-03,Male,British,,National Museum Delhi
58e9465c-f750-48d1-88e9-beb2b9e6afb1,Ira Agarwal,1981-07-06,Male,Australian,9970921690,National Museum Delhi
888b8b86-3e0d-42ad-8adb-df6a8c28715c,Aarav Mehta,1996-09-14,Other,American,9884275473,National Museum Delhi
4e35a7a5-24a7-4d9a-baa1-c3caba01ba0d,Ishaan Kapoor,1991-04-10,Male,Indian,,National Museum Delhi
c9151dbe-a123-4ff9-86f9-d96999fd3063,Rohan Kapoor,1963-04-23,Male,Canadian,,National Museum Delhi
128a17d5-715b-4b1c-85f9-3ae77a84381d,Sneha Agarwal,2006-08-26,Male,British,,National Museum Delhi
0f5d68c1-5a5a-44a0-933e-a12533eeb897,Arjun Kapoor,2012-12-06,Female,UAE,,National Museum Delhi
b0511ae6-4666-4dad-b946-0f5d339676fa,Aryan Sharma,1996-01-24,Male,German,9978617386,National Museum Delhi
d6bca850-4012-4a72-a0fa-a0a3fd44f8e3,Sneha Kapoor,1961-07-05,Female,Australian,9756929462,National Museum Delhi
e5e59bd4-a5d8-4b2b-8de4-04af6525aea0,Arjun Gupta,1968-03-22,Male,French,9101965340,National Museum Delhi
37cf3a1a-073b-47f4-953a-1a348b8b5090,Aisha Singh,1989-03-31,Male,Japanese,9858603826,National Museum Delhi
ee46caef-1944-43dd-a98e-d12bb9931f4d,Karan Verma,2000-12-07,Male,Canadian,9439163333,National Museum Delhi
ac710cca-dd82-4d2e-9111-a1310fc7a05f,Aditya Verma,1975-03-25,Other,Japanese,9128500638,National Museum Delhi
49569039-2c55-4f1e-8a90-46ef91b22571,Sneha Mehta,1989-04-07,Male,UAE,,National Museum Delhi
8699146c-4863-41c7-aba0-774616dadd4c,Aarav Agarwal,1990-07-18,Male,UAE,9954370687,National Museum Delhi
1d7fc941-7ba0-4565-ab89-e483ba1f39d8,Arjun Sharma,1961-02-11,Other,Japanese,,National Museum Delhi
dde09273-e6c5-4bbb-8421-8246a76fb120,Priya Singh,1973-05-06,Other,German,9973666788,National Museum Delhi
96250b0a-6583-4054-9edc-55dab7a28ff1,Neha Kapoor,2008-05-04,Other,Singaporean,9850384157,National Museum Delhi
f0a24cd9-41a1-4f49-8d17-59e131ce87c2,Karan Verma,2015-03-30,Male,German,9882438032,National Museum Delhi
07e39dd0-6e4e-4808-a2e7-121d101c0571,Aarav Mehta,2013-11-14,Male,French,9637483774,National Museum Delhi
23bf4447-865d-404c-a400-b50bda57b445,Arjun Verma,1995-12-07,Female,French,9077228093,National Museum Delhi
17c7dd42-bdc7-4b0c-8592-b1852e2f05f6,Karan Mehta,2011-08-05,Other,Indian,9916429547,National Museum Delhi
710318ba-0066-4153-b152-2ead899cc57e,Ishaan Bansal,1978-08-11,Female,French,,National Museum Delhi
60ffddf1-4ffc-40a3-b2d0-a2bf0d815122,Arjun Chopra,1973-07-15,Male,Australian,9690293809,National Museum Delhi
35046015-1bc8-4a59-be40-679e5c926ec2,Vivaan Singh,1972-09-08,Female,Indian,,National Museum Delhi
d7151659-222a-4cf1-a24d-b9fe9745aa75,Aisha Agarwal,1995-12-29,Female,Singaporean,9600901714,National Museum Delhi
2645c9f9-b0bf-4461-b2fd-1b20a3b22ced,Aisha Patel,1989-05-31,Male,Singaporean,9410284977,National Museum Delhi
fcf94a11-f5de-4995-9590-13a0239f791f,Aditya Singh,2000-07-22,Other,UAE,9805250813,National Museum Delhi
89f763ec-2288-402c-9dbc-032af0ea46da,Aisha Agarwal,1990-10-06,Female,American,9293447836,National Museum Delhi
1e01c60f-bb0e-4b8a-b53c-d2b2a3f1463d,Aditya Verma,1985-02-23,Male,Japanese,9987324032,National Museum Delhi
70e7509a-9a41-4c91-8640-2c3eb106b9d8,Ira Patel,1982-05-26,Male,Japanese,9327413217,National Museum Delhi
e6a79dc1-e6dc-4426-92e3-7ea7af4f0041,Riya Bansal,1983-12-10,Other,Canadian,9130850314,National Museum Delhi
bcf603a6-6fe4-48d4-84dd-5eb85eae49af,Vivaan Bansal,1967-09-22,Female,American,9988354525,National Museum Delhi
772ebc2d-fe17-4180-bbf8-b13dbfdb4a58,Priya Verma,1961-04-01,Male,Japanese,9832650870,National Museum Delhi
e04d65b0-e036-4d1d-b5ea-88e5a5cc2458,Aisha Patel,1998-04-17,Male,German,9444336116,National Museum Delhi
41db2552-420a-4bec-9a92-df74300d4731,Krishna Agarwal,1969-05-03,Male,Japanese,9411137612,National Museum Delhi
6d381e53-813c-4e8a-ba7c-01bcb425298a,Aarav Verma,1970-10-16,Female,British,9596261589,National Museum Delhi
c562f16d-8538-448c-bfaf-a776cb58da91,Rahul Sharma,2004-03-22,Male,American,9920556960,National Museum Delhi
58835032-17cd-4a4d-ba64-738ed1d231ae,Priya Sharma,1980-12-09,Other,Australian,9661789397,National Museum Delhi
6dde84b4-dc11-4e38-8cbd-cece39f4efc6,Neha Singh,2012-09-25,Other,German,,National Museum Delhi
fb4e9466-21f9-4fdc-be66-303d9363783e,Pooja Mehta,1969-05-13,Female,American,9674365138,National Museum Delhi
1041cfdb-da26-4fda-90fa-f59f54f9d052,Aarav Verma,1963-06-13,Male,German,9790345183,National Museum Delhi
8b49afc2-0a7a-4049-8741-6437935c2c55,Ananya Agarwal,2007-07-25,Other,Australian,,National Museum Delhi
b83a9e37-855f-4124-b0bd-4c5db6386922,Ishaan Gupta,1961-03-02,Male,German,9144591342,National Museum Delhi
330a62c4-b2da-4244-b673-39913de4a59b,Kavya Agarwal,1981-07-27,Female,Singaporean,9164659010,National Museum Delhi
62570302-740c-4123-a5ea-a1fb7f9f8f2f,Sneha Singh,1992-01-01,Other,UAE,9872360149,National Museum Delhi
067db413-74a3-446d-acc3-85426c8dac2a,Kavya Patel,1984-10-10,Male,Indian,9033007891,National Museum Delhi
04b848d8-fe7b-42d2-9cf1-0bf8d6f16c1e,Kavya Singh,1994-01-25,Other,Singaporean,,National Museum Delhi
dbbf3610-44d6-4528-a76b-85e576291f30,Arjun Sharma,1973-03-31,Male,French,9668366266,National Museum Delhi
61b928e7-4c7f-4367-8eda-6c0c9320b860,Karan Bansal,2011-12-10,Male,Canadian,9632170541,National Museum Delhi
75da53d8-11fd-4610-9b2a-369d12753c07,Aarav Sharma,2014-09-25,Other,American,9950378837,National Museum Delhi
a64ce8af-3230-45b2-bcfb-28134845303c,Aarav Sharma,1963-10-27,Female,Canadian,9239638715,National Museum Delhi
c4ad6f03-b77d-4e90-9a87-86e789f14ded,Pooja Agarwal,1984-08-23,Female,French,9026711158,National Museum Delhi
c74657f4-7aff-4369-b074-74a8f7a43a07,Rahul Verma,1991-11-02,Other,British,9287485297,National Museum Delhi
296a5bdd-568e-4966-bcb2-85324309cfdb,Aditya Chopra,1993-11-19,Other,Japanese,9048889363,National Museum Delhi
b235b809-3ea7-4b74-937c-29fd861fb916,Pooja Kapoor,1969-04-15,Other,Singaporean,9902636843,National Museum Delhi
38b275b9-8e2f-438e-a850-d49e3642b4d4,Meera Agarwal,1971-03-19,Other,Japanese,,National Museum Delhi
f31cc51e-b966-445d-9b66-547fc910a548,Vivaan Chopra,1962-09-07,Other,Indian,9217609116,National Museum Delhi
0f3914e4-4d20-4afe-8a74-952d797f309d,Kavya Bansal,1961-12-05,Male,UAE,,National Museum Delhi
7b76a13f-9e81-4c2c-a96a-b8a82bc6de3b,Arjun Mehta,2010-12-08,Female,Canadian,,National Museum Delhi
6835eb61-9f65-4c18-83bf-e373035649cc,Riya Sharma,2015-12-20,Other,German,9676409936,National Museum Delhi
4d8d2d9d-4a6e-45a1-a2b3-522c6f74e66a,Vivaan Mehta,2001-08-25,Female,Singaporean,9076717733,National Museum Delhi
da792445-b5cc-4b45-8d8b-ec5c1cab86f7,Aisha Kapoor,1963-12-20,Male,American,9291587282,National Museum Delhi
17eea88d-6fef-4301-9ea0-3983b87ebb49,Riya Bansal,1965-08-02,Female,Australian,9315804224,National Museum Delhi
e965b1fe-3a67-4048-b706-5756e3ea3085,Pooja Gupta,2006-05-25,Female,Canadian,9444088269,National Museum Delhi
3b23e5db-1b86-47eb-a170-f2a8752fc90d,Arjun Mehta,1998-11-26,Female,British,9965735303,National Museum Delhi
42535a15-7ddf-413c-a863-e94bef43587c,Aisha Patel,1995-09-16,Male,Australian,9096772990,National Museum Delhi
a75e3d01-54ab-4838-a314-c7baa54a720a,Aisha Sharma,1992-12-31,Other,UAE,9079693921,National Museum Delhi
6ed5f4cd-b26d-433e-bbff-c92860fa4ca2,Pooja Bansal,1963-08-17,Male,Canadian,9940597481,National Museum Delhi
83e4543e-3e09-4cc2-b47a-9ea0da9049c0,Vivaan Mehta,1961-05-04,Male,Canadian,9019790735,National Museum Delhi
9e493590-89b7-48f4-bb09-bb223623f442,Pooja Bansal,1989-07-20,Male,Indian,9752622336,National Museum Delhi
0965e456-d76c-4e1f-bc80-a37d2be8c732,Aditya Singh,2005-06-20,Female,American,9877056742,National Museum Delhi
ad08dc9a-229e-4173-a5fb-f9b245858ae0,Rohan Sharma,1988-08-14,Female,Australian,9877433569,National Museum Delhi
88abe0ca-3afe-4cb1-bc2c-cc52e25e2f8d,Kavya Sharma,2007-12-24,Female,Australian,9809857413,National Museum Delhi
02df834f-1f68-4a7a-a155-ebf557df29c7,Riya Bansal,2013-09-01,Other,Singaporean,9716575078,National Museum Delhi
d8558b43-29fb-4c36-aef7-b73446b61445,Vivaan Sharma,2004-06-13,Other,Australian,9050634983,National Museum Delhi
abc5b90e-5d35-46da-9aa0-93dc61be3f3d,Aditya Kapoor,1978-03-15,Male,Japanese,,National Museum Delhi
686db255-a9a0-4685-8339-8b58c2ae1377,Krishna Singh,1982-03-09,Male,Australian,9531493792,National Museum Delhi
ce936e64-74e4-4eb6-9eae-f60f58fea4b6,Ira Agarwal,1999-12-24,Male,Indian,9512251123,National Museum Delhi
f8dcdee0-5fc5-4bd3-a279-208ffad2d0e0,Arjun Kapoor,1960-08-24,Male,German,,National Museum Delhi
c1ee3e6f-05f3-478b-b56a-45b01ff93ea2,Aisha Agarwal,1981-01-30,Other,UAE,,National Museum Delhi
a0653fcf-162d-4cd1-b44b-cd5b3a67abd2,Aditya Sharma,2008-01-28,Male,French,,National Museum Delhi
bad8a16a-9488-415e-9e85-e25dcfec8cc9,Neha Singh,1990-04-10,Other,Australian,9423974600,National Museum Delhi
2d5b3bdd-eed8-4f54-8c63-7e03d30ef4be,Kavya Chopra,1988-05-12,Male,Indian,9586780654,National Museum Delhi
72143f25-16c0-47f5-8eb2-e475a5f5f1f6,Aarav Verma,2015-08-09,Other,Indian,,National Museum Delhi
b273986e-f8cd-420b-9b66-f374e3cf0cb7,Aditya Singh,1994-04-14,Male,Canadian,9424276595,National Museum Delhi
4ea25625-6d16-4c5d-b87d-0ae55bcc04f6,Kavya Mehta,2001-05-13,Male,British,9696338772,National Museum Delhi
96684504-33cf-4f41-a9fc-02bb05f87bbf,Pooja Verma,2004-06-16,Male,Australian,9103086494,National Museum Delhi
ba41385f-7a7a-45e9-89b6-854888c19fc8,Aditya Sharma,1960-10-13,Other,Japanese,,National Museum Delhi
a9857957-280b-45b5-967d-7afb91015219,Karan Gupta,1970-11-29,Female,German,,National Museum Delhi
fcb6fb03-0e68-4ed1-9be7-1a7424c19f72,Rohan Singh,1986-06-29,Other,German,9289907483,National Museum Delhi
8614d233-b032-46c6-9ba0-701185d5d406,Ananya Kapoor,1967-08-15,Female,American,9522547080,National Museum Delhi
c9e1fb54-1139-4496-be3d-908220b39f4c,Krishna Mehta,1961-11-06,Other,Canadian,9178954860,National Museum Delhi
518aa564-5c6e-46d7-b1a0-426fba323972,Meera Chopra,1979-09-03,Other,Australian,9843718430,National Museum Delhi
4193ad0b-1890-4dab-894d-1f0b621e9c3f,Ananya Mehta,1999-06-16,Male,Canadian,9146303006,National Museum Delhi
d31ac94a-65cb-4e4c-9e9b-1f2f38e059b9,Neha Agarwal,1966-12-27,Female,UAE,9432379448,National Museum Delhi
d5ccce39-9d52-4a55-84a4-9466b9809857,Rohan Singh,1998-01-19,Male,Japanese,9815245962,National Museum Delhi
b53678e7-532c-48da-85c8-8a589ba1920f,Ishaan Verma,2010-12-18,Female,Australian,9663052852,National Museum Delhi
4ecb8a8e-2b0a-4332-9111-4dc2f4494d76,Priya Sharma,1982-02-14,Male,Japanese,9232262990,National Museum Delhi
c41b2c17-67c0-4e00-b5fa-5dfde8ed24ca,Kavya Chopra,1971-09-02,Other,German,9000313061,National Museum Delhi
0ce6b8b3-8224-4be7-ae5e-7d0f046d27e7,Aisha Sharma,1999-03-14,Other,German,9692846130,National Museum Delhi
e02de96b-cc1d-4f5d-a54c-6e32a22fd226,Kavya Gupta,1977-01-08,Other,British,9758945800,National Museum Delhi
46a6894c-3b1d-4f5c-a474-1d8ed9f08ac2,Arjun Mehta,1998-06-29,Other,German,,National Museum Delhi
4c64a925-9013-4e75-a48f-ab5caea2e6b7,Meera Bansal,1989-05-27,Female,German,9449350775,National Museum Delhi
566feea4-6c01-470d-ac16-4daabd9436e0,Meera Patel,1992-02-18,Male,Singaporean,9033995443,National Museum Delhi
e179e0a6-2d77-4d9b-9dc5-aa546501e989,Aditya Bansal,2001-04-17,Male,German,9202785501,National Museum Delhi
d206230e-0667-403f-a7d1-4c225156bf71,Sneha Chopra,2015-04-18,Female,UAE,,National Museum Delhi
9add25ac-e67c-4586-a280-465e9bfbbec4,Ira Chopra,1975-11-15,Female,German,9510470374,National Museum Delhi
f423e1ca-75af-45dc-8e7d-8195cb4bfc28,Karan Patel,1984-05-14,Female,Australian,,National Museum Delhi
0281e629-de9e-449c-a7cf-b48baa1486b0,Ira Patel,1968-09-26,Female,Canadian,9483463341,National Museum Delhi
87ac91f5-5af2-4773-9cee-857d36d3dd4b,Rohan Kapoor,1965-09-05,Other,Japanese,9260546678,National Museum Delhi
d8d4cc0c-6c50-4b01-a03e-a0ff3afc9e78,Sneha Agarwal,2012-12-26,Other,British,9136062548,National Museum Delhi
fa5200aa-0af5-4da4-b177-d4769bdb4ba2,Rahul Bansal,2007-10-04,Female,Indian,9368624457,National Museum Delhi
e8fb40db-d487-4f21-9e55-dae80c7fdad1,Rahul Gupta,2012-10-21,Other,Australian,9624118364,National Museum Delhi
a760ef08-2f85-4a7d-85ea-92b1606e701d,Meera Verma,1960-04-29,Female,French,9877071210,National Museum Delhi
9371a77f-a475-4954-bb19-8c2716f8a9b9,Rahul Patel,2013-06-05,Male,British,9186173622,National Museum Delhi
ab347a8b-26b4-463e-9042-90f0d87b03c3,Ishaan Singh,1968-02-10,Female,Japanese,9295573871,National Museum Delhi
b43f78ef-7e56-49ee-84f5-d7511e1a8f1d,Aditya Sharma,1969-03-26,Other,British,9378653436,National Museum Delhi
66fce013-af78-4c28-ac43-ab9b7d8f2c2c,Ira Kapoor,2010-12-11,Other,American,9581777679,National Museum Delhi
32196848-6da2-4919-8e70-214616dee067,Priya Agarwal,1998-12-10,Male,Singaporean,9615342703,National Museum Delhi
f7cb9a85-6724-40cf-9f58-89fd9b317885,Arjun Verma,2000-12-24,Other,Singaporean,,National Museum Delhi
38b69fed-d0b2-4791-9aa4-1d171c478f3d,Vivaan Mehta,1977-06-02,Other,Singaporean,9909719207,National Museum Delhi
41ab3af6-961a-4986-8f44-6e2dcb2a6493,Riya Agarwal,2012-09-30,Other,Indian,9477894322,National Gallery of Modern Art Delhi
0a9a710c-1794-4133-8422-fb6555550fd8,Sneha Singh,1970-12-15,Other,British,9786846848,National Gallery of Modern Art Delhi
323879f9-335b-48e3-89da-daf65e498693,Rohan Sharma,2004-06-20,Female,Australian,9394470260,National Gallery of Modern Art Delhi
ac37dfdb-ab98-4d0a-9b8e-2e67e07a0b25,Aryan Agarwal,1966-09-21,Male,German,9897794056,National Gallery of Modern Art Delhi
4521cea3-6edd-46c3-bade-0b9e3a5c0eaf,Priya Agarwal,1999-11-24,Male,Singaporean,9282209756,National Gallery of Modern Art Delhi
64387e95-1074-4aa5-a3b3-e1d7b386037c,Pooja Patel,1997-11-22,Other,British,9451900757,National Gallery of Modern Art Delhi
08e2593a-ea3f-44f9-bc16-8400b5e1efd1,Ira Mehta,1987-11-19,Male,British,,National Gallery of Modern Art Delhi
6687ff3b-8e86-4a9b-974b-7c517d2a2d6d,Riya Verma,2012-05-01,Female,German,9317192010,National Gallery of Modern Art Delhi
0ed1d3d7-5710-4419-a47e-fc8cd87cc4b3,Karan Kapoor,1989-12-23,Female,Canadian,9303337807,National Gallery of Modern Art Delhi
a265179e-b4b0-4227-9c9d-af09b93d028f,Aarav Gupta,1991-09-03,Female,Singaporean,9483691433,National Gallery of Modern Art Delhi
7c1ad87b-8fae-4ded-a316-9e82fbdfd0e5,Ananya Singh,2001-08-26,Other,Indian,9037688254,National Gallery of Modern Art Delhi
579ef2cb-d144-4ed2-992e-568f9bcbe161,Rahul Singh,2012-10-11,Male,Singaporean,9507637200,National Gallery of Modern Art Delhi
04782854-b2db-4187-8250-8d1295f5e39d,Aisha Patel,1981-03-14,Male,American,9723722509,National Gallery of Modern Art Delhi
4c28774d-fc73-4705-a999-a68225621160,Aryan Mehta,1985-01-31,Male,French,9243763079,National Gallery of Modern Art Delhi
ad6abc2a-8400-43d1-9a0c-99f401b51ccd,Ira Singh,1967-06-21,Female,American,9816376180,National Gallery of Modern Art Delhi
0b9d7e41-064e-40f7-9d37-ebaacc679ee3,Ananya Gupta,1983-09-27,Female,Australian,9513080115,National Gallery of Modern Art Delhi
ca28e002-c461-455a-9eb0-97396a3d735d,Ira Sharma,1992-09-17,Female,French,9128941372,National Gallery of Modern Art Delhi
4e9e5234-5d16-489b-87a1-ce1752f6b63b,Aditya Agarwal,2014-07-18,Other,Japanese,9089571930,National Gallery of Modern Art Delhi
5ce355fc-72cf-40c7-9ca4-8d3c16c1da68,Ishaan Agarwal,1988-09-07,Female,British,9362957375,National Gallery of Modern Art Delhi
b6ab8000-acee-421a-8aaa-661d1f508bd4,Aisha Verma,2010-11-26,Male,Indian,9584136066,National Gallery of Modern Art Delhi
0f57531f-1c3b-4148-aee6-c1abca95ed1f,Sneha Sharma,1982-07-14,Male,German,9972765843,National Gallery of Modern Art Delhi
5b04310c-4b87-4fe0-8c54-c43603f381d3,Meera Singh,1986-12-26,Female,German,9512579727,National Gallery of Modern Art Delhi
d0ac62e8-4be5-4bbc-9cde-b699887821f5,Aarav Patel,1992-06-22,Other,Canadian,9667475673,National Gallery of Modern Art Delhi
a198b395-6108-4c1f-8aca-b029007eb233,Aisha Patel,1977-11-23,Male,Canadian,,National Gallery of Modern Art Delhi
2397c2c2-ea35-4b97-9bc2-af58d5c5f825,Aryan Mehta,1974-08-24,Male,French,,National Gallery of Modern Art Delhi
4ae08219-b1cc-4759-ad4f-e0069aaefe7a,Sneha Chopra,2003-05-13,Male,German,9760872873,National Gallery of Modern Art Delhi
56cd6923-7955-450c-8b9c-53439cc20bfa,Arjun Sharma,1988-08-13,Male,French,9334139109,National Gallery of Modern Art Delhi
66067468-9d8e-4cd6-9823-bfb47496a0aa,Priya Singh,1979-01-04,Male,Japanese,,National Gallery of Modern Art Delhi
3024b25b-196a-4c79-b8c9-af51c32d0cbd,Ananya Gupta,2004-03-15,Female,Indian,9863787891,National Gallery of Modern Art Delhi
b80f36fe-851f-40ee-b4e2-423dff827f5d,Meera Mehta,1971-10-29,Female,French,9347222743,National Gallery of Modern Art Delhi
5dfcc276-4860-4e10-9b85-39a6fab9074a,Pooja Gupta,1964-03-27,Male,British,,National Gallery of Modern Art Delhi
175ffa2f-b378-4d49-bd08-4d59cdd5a1c8,Karan Sharma,2000-10-24,Male,British,9040707393,National Gallery of Modern Art Delhi
5a9ec761-f429-4fe1-80c9-8ea40ba6ab37,Meera Mehta,1989-08-02,Other,Indian,9725436740,National Gallery of Modern Art Delhi
7f371233-d2a6-43c3-ae19-73f4ac596e34,Aditya Gupta,2012-12-26,Other,Australian,9193080043,National Gallery of Modern Art Delhi
4a7f6bf2-0584-4a64-a209-414b3e904b09,Meera Mehta,1967-10-22,Other,American,9590675651,National Gallery of Modern Art Delhi
89fe1ad9-a1ab-4c2e-ba47-c391e9f3ce1c,Rohan Singh,2002-05-25,Other,Australian,,National Gallery of Modern Art Delhi
ed6375d5-f3eb-4fac-8062-af5cf1d12ac1,Aarav Kapoor,2006-04-21,Male,British,9134677128,National Gallery of Modern Art Delhi
e9fc5d9a-5b32-40bd-a97f-0a185febfc8e,Rohan Sharma,1982-01-08,Other,UAE,9283454770,National Gallery of Modern Art Delhi
b4dcf5d4-12af-4d76-a21f-0b8adf8c158f,Krishna Gupta,2012-09-28,Other,British,9590555162,National Gallery of Modern Art Delhi
7578a340-0cbc-4320-b610-48d548181f68,Kavya Singh,1964-09-12,Male,British,,National Gallery of Modern Art Delhi
3f9f4569-bc07-46ee-a59c-218e0bf477d2,Pooja Patel,1963-04-05,Male,British,9675677620,National Gallery of Modern Art Delhi
cc81e902-39b3-4dca-8cac-cb0860d6e7cc,Rohan Mehta,1983-01-05,Other,Australian,9665811670,National Gallery of Modern Art Delhi
e0ceda62-5f1d-42c5-8d17-2cec26ce362b,Ishaan Gupta,2014-03-10,Female,Japanese,9837323016,National Gallery of Modern Art Delhi
d310a559-1690-40a7-93f7-849cc4d3bbae,Karan Agarwal,1989-08-18,Other,Japanese,9948852270,National Gallery of Modern Art Delhi
f7a3012f-f91d-4c3f-b763-c4e50e412495,Neha Gupta,2007-03-23,Other,German,,National Gallery of Modern Art Delhi
f05422b8-24d0-4bff-82c2-f6ab5e4a2f49,Rahul Bansal,1997-08-25,Other,Canadian,,National Gallery of Modern Art Delhi
77f1ff16-f13d-4acc-8d3b-7fad6e72a66c,Krishna Verma,2013-05-13,Male,German,9856768014,National Gallery of Modern Art Delhi
b608a0a9-5ee8-4eac-afe0-ea3a93e3287b,Neha Agarwal,1992-11-12,Female,French,9851424335,National Gallery of Modern Art Delhi
7a6be948-a954-4358-9106-4c66afdb514b,Priya Patel,1991-11-12,Other,American,9593919524,National Gallery of Modern Art Delhi
ede5de36-339b-4d13-9af2-33ab34373942,Ishaan Verma,1974-10-04,Other,UAE,9435697757,National Gallery of Modern Art Delhi
79e5cfdb-3b3d-4dca-9f82-62e3b116b3a3,Karan Kapoor,1999-12-06,Male,French,9208980966,National Gallery of Modern Art Delhi
8c007f47-c689-4766-9b49-e4f0a3f4351f,Karan Kapoor,1969-11-14,Other,French,9385025666,National Gallery of Modern Art Delhi
0b9605bc-6272-4132-8819-8973bd979368,Priya Bansal,1966-08-10,Female,Australian,9195328242,National Gallery of Modern Art Delhi
fd95c3e7-df3c-4ef3-bd3e-86634cec8ca0,Karan Gupta,1998-02-10,Other,Canadian,,National Gallery of Modern Art Delhi
307fe930-2d70-4c73-ad7f-de085f4c4492,Aarav Bansal,1992-03-19,Other,Singaporean,9879397537,National Gallery of Modern Art Delhi
1ef026eb-8ff5-4858-9fbe-ae7778003a9c,Vivaan Kapoor,1977-10-18,Female,Japanese,9726147298,National Gallery of Modern Art Delhi
9c57a0f7-33b3-46ee-991e-4b3456fa85f5,Krishna Kapoor,2005-07-26,Female,American,9375333302,National Gallery of Modern Art Delhi
1fc28f08-fd08-4557-8a4f-db952174a43a,Ira Patel,2004-03-02,Other,British,,National Gallery of Modern Art Delhi
f6ee47e2-ae45-4adf-b0cc-c520717c3382,Arjun Kapoor,1963-07-09,Male,Canadian,,National Gallery of Modern Art Delhi
15013aeb-9b34-43aa-b0a1-c61c813a5d94,Ishaan Chopra,2004-11-02,Female,American,9481988582,National Gallery of Modern Art Delhi
3a4bc206-48d3-47e0-bffa-6878be8cfdad,Sneha Chopra,1981-08-02,Female,Australian,9861857129,National Gallery of Modern Art Delhi
41cd763f-a0b0-4775-ac9a-c7c84ffa4eb2,Aryan Bansal,1994-11-20,Male,Canadian,9788195719,National Gallery of Modern Art Delhi
3dc6cb70-5779-4a53-941c-8b5277820f15,Aryan Verma,1962-08-07,Male,Indian,9600090381,National Gallery of Modern Art Delhi
6149da64-c7db-41fe-8eef-d00a0b4cd0a6,Aditya Sharma,1963-03-17,Female,British,9859620425,National Gallery of Modern Art Delhi
a84155d5-441a-4df1-b949-c8c2821de7b6,Ananya Sharma,1990-01-28,Other,Singaporean,9001874848,National Gallery of Modern Art Delhi
fdc3e3eb-21a9-4b85-ad30-f591ec67817a,Ishaan Verma,1989-08-14,Male,UAE,9375724146,National Gallery of Modern Art Delhi
ada3e06e-03cc-454c-a5f8-f16a0636ecb0,Riya Bansal,1966-12-22,Other,Australian,9513271579,National Gallery of Modern Art Delhi
1321ed8a-521c-4e05-ade5-d65863b9491e,Karan Chopra,2011-06-08,Other,Australian,9271391566,National Gallery of Modern Art Delhi
28e12cb9-2b2c-40ee-b863-3b0db47f8dc9,Aarav Verma,2007-10-03,Other,Japanese,9715328313,National Gallery of Modern Art Delhi
8be2a5ec-8900-45de-92d5-3e1fa9faff31,Ira Patel,1975-09-06,Other,American,9346680392,National Gallery of Modern Art Delhi
d80618dd-bd0a-40b2-866c-43141000336f,Karan Singh,1970-10-20,Other,German,9215484789,National Gallery of Modern Art Delhi
4539de14-05be-4753-8e7d-128522e3917f,Meera Singh,1962-03-27,Other,Canadian,,National Gallery of Modern Art Delhi
43d36d98-0b14-4b2f-931f-30f59ead20f5,Ananya Chopra,2002-01-28,Male,American,9970104553,National Gallery of Modern Art Delhi
901b720d-7ede-4f60-a979-ba9f8622bbe2,Pooja Bansal,2012-01-09,Male,UAE,,National Gallery of Modern Art Delhi
c9602fa7-c36f-4fd5-b225-c44e5e12a3ab,Arjun Singh,1999-03-29,Male,Indian,9806870312,National Gallery of Modern Art Delhi
55bf142d-a05b-4537-8070-2e8fe032f66f,Pooja Chopra,1998-08-18,Other,French,9017288915,National Gallery of Modern Art Delhi
3ba30440-6c74-4c5e-b568-2198b5afb6a6,Neha Agarwal,2011-08-21,Other,German,,National Gallery of Modern Art Delhi
8105c983-f3c3-40a9-907e-da50f88f9bf0,Krishna Kapoor,1978-05-07,Other,German,9077981241,National Gallery of Modern Art Delhi
66a05e0a-d124-4443-9115-9aae9d5c3cd0,Riya Gupta,2001-12-04,Male,British,9924744655,National Gallery of Modern Art Delhi
cd4110bc-cec9-4f71-b69b-1c9071667ecb,Kavya Sharma,1982-07-19,Female,Indian,9579171955,National Gallery of Modern Art Delhi
a1ab713f-cbe5-434f-abb1-4a5a93eb2044,Kavya Patel,2004-01-02,Female,Japanese,9571071793,National Gallery of Modern Art Delhi
5ae39fdb-5a02-4724-92d0-74c7e7ebed70,Krishna Agarwal,1964-04-01,Other,Australian,9109584535,National Gallery of Modern Art Delhi
435c18c7-85aa-4f78-832c-a116fc6a5f4f,Aryan Sharma,2014-12-20,Male,Canadian,9685876685,National Gallery of Modern Art Delhi
fff0a288-5541-4251-bd00-81046aea6ff8,Aisha Chopra,1988-06-21,Male,British,9738404356,National Gallery of Modern Art Delhi
36ae735d-8dd3-46c5-b2b0-59e8840fdfdb,Karan Agarwal,1967-06-25,Other,Canadian,,National Gallery of Modern Art Delhi
f719f514-69c9-40f9-907c-a8c685cb34f5,Pooja Chopra,1987-01-27,Male,Canadian,,National Gallery of Modern Art Delhi
d151d0fe-95d6-4f7a-9448-f3fd7825ed93,Aditya Mehta,2012-01-05,Other,Australian,9880051723,National Gallery of Modern Art Delhi
1ee78df8-95ed-4436-8ca5-8039454739e5,Meera Mehta,1982-06-26,Male,American,9536954459,National Gallery of Modern Art Delhi
7c017c86-00e0-4323-b6b6-2e06721c1c47,Meera Agarwal,1998-04-02,Other,Indian,9290076384,National Gallery of Modern Art Delhi
6a154f7f-c033-4312-a2a7-dc24055b03db,Neha Kapoor,1963-07-21,Other,Canadian,9793859267,National Gallery of Modern Art Delhi
45c3e63b-5524-45ff-a065-d01314107ace,Aarav Singh,1965-05-06,Male,British,9509752541,National Gallery of Modern Art Delhi
3286ca35-c7ad-478f-90a8-1d4ffd21b9a0,Karan Mehta,1971-01-06,Other,Japanese,9761790406,National Gallery of Modern Art Delhi
25d5e4ee-f1e3-4877-88fd-c990a4f94f47,Neha Mehta,1983-02-22,Other,British,,National Gallery of Modern Art Delhi
7f43961c-03f0-40a0-9b5f-3cb664b1efad,Karan Gupta,1988-04-07,Female,British,9888072633,National Gallery of Modern Art Delhi
d7bd509e-79fc-4f80-8dc5-c336fa902401,Ira Mehta,1970-12-21,Female,British,9307613951,National Gallery of Modern Art Delhi
144d08b8-d14b-4a1e-b75c-9f52d66f0331,Ira Patel,1981-04-26,Female,French,9728185037,National Gallery of Modern Art Delhi
390063f5-c012-40a4-9f58-f29ca3f98bc8,Rahul Verma,1961-11-20,Male,Indian,9788635512,National Gallery of Modern Art Delhi
f175a7a0-f81b-42b1-83c9-ea940841fed9,Kavya Chopra,1988-08-20,Male,Canadian,9777389948,National Gallery of Modern Art Delhi
44a5b5bd-1103-4614-821e-987aa05a0cb6,Sneha Chopra,2005-03-09,Other,American,9871462433,National Gallery of Modern Art Delhi
68f1ab53-2088-40f4-b160-6e8dc9b0e213,Riya Bansal,1980-02-26,Female,French,9809996210,National Gallery of Modern Art Delhi
3d25faf0-3379-4e07-b32e-4be6d02405f8,Meera Singh,1976-07-04,Other,British,,National Gallery of Modern Art Delhi
adcd4907-21c1-461a-a393-02bdb88d1da6,Meera Singh,1969-12-26,Male,Japanese,9226534543,National Gallery of Modern Art Delhi
ad307ba1-c751-47a6-b9ef-572692032154,Neha Patel,1983-07-28,Female,German,9923698992,National Gallery of Modern Art Delhi
1ac0ef87-5b00-4040-91bc-80aef0e779ea,Aarav Verma,1960-12-29,Female,British,9833157921,National Gallery of Modern Art Delhi
07251f69-b7fb-4135-88c9-bec1d378896c,Meera Verma,1978-05-22,Male,German,,National Gallery of Modern Art Delhi
926e05f5-7410-4b9f-a038-b90f74b83611,Meera Bansal,1994-10-14,Other,German,9191255516,National Gallery of Modern Art Delhi
3e1d0ab9-427f-45ec-9fa7-01393a5c85f7,Pooja Kapoor,2010-06-23,Male,French,9320611046,National Gallery of Modern Art Delhi
0586ca3f-2146-4ad2-8509-9b40d2b1e9cc,Vivaan Gupta,2011-02-09,Other,Japanese,9926980449,National Gallery of Modern Art Delhi
3a3854d2-342a-49fd-a427-b79cf1f36dde,Aarav Verma,1982-10-10,Other,Japanese,9468134870,National Gallery of Modern Art Delhi
79d56962-5dca-4264-bfc9-52bb85914e8f,Pooja Verma,1984-09-13,Female,French,9353141521,National Gallery of Modern Art Delhi
182d774d-cfdb-4c5e-a36b-2f421c284829,Kavya Singh,1979-05-26,Other,Singaporean,9129457152,National Gallery of Modern Art Delhi
6f9019c1-3a3e-4a1e-9f82-987296c239f0,Ira Chopra,1994-02-08,Male,Japanese,,National Gallery of Modern Art Delhi
bf86bcb2-8d52-4aba-9c1a-a2d79813a972,Aditya Sharma,1987-06-25,Other,UAE,9689784366,National Gallery of Modern Art Delhi
624329f9-c28b-4fb4-b475-be724c3a743b,Rohan Chopra,1984-04-29,Other,Japanese,9107966814,National Gallery of Modern Art Delhi
a3383c29-6814-466c-955a-d2dacf1b8504,Aisha Agarwal,1985-12-14,Other,UAE,,National Gallery of Modern Art Delhi
d5245e85-a550-4b6c-be86-52e3f60b2d2d,Neha Patel,1993-05-27,Female,UAE,9000309090,National Gallery of Modern Art Delhi
f1d0c882-1a53-42eb-a858-40f43908538b,Ananya Bansal,1965-03-09,Female,UAE,9058121001,National Gallery of Modern Art Delhi
77f25420-2bbd-4cae-9d1a-c739fc098143,Arjun Singh,1995-10-23,Male,French,9243344464,National Gallery of Modern Art Delhi
a02c95f8-52e4-4fdf-b670-45662a931fe0,Meera Singh,1981-03-18,Male,UAE,9708315315,National Gallery of Modern Art Delhi
40781629-9bc5-46b3-bf21-7cfd82c279f7,Riya Agarwal,1964-02-19,Other,Japanese,,National Gallery of Modern Art Delhi
21b8da49-5551-42df-9a79-1859472580bd,Aditya Gupta,1972-02-17,Female,British,9408029250,National Gallery of Modern Art Delhi
1e936fae-e77c-46a9-9b58-ab62192e021c,Arjun Agarwal,1981-06-07,Male,Australian,9602863588,National Gallery of Modern Art Delhi
553b7b72-15f2-4d5a-a3a2-8dcb2647f177,Aryan Verma,1982-02-02,Female,UAE,9994368351,National Gallery of Modern Art Delhi
6e73d14f-a731-4a6a-aa49-e91e087d326d,Meera Patel,1974-02-22,Female,Indian,,National Gallery of Modern Art Delhi
2aa29bee-d77d-4262-ae21-4b1b85b9e6eb,Sneha Chopra,1990-10-05,Female,UAE,9911927607,National Gallery of Modern Art Delhi
ddb43179-2bb9-4460-aee2-62c9bf75e55e,Pooja Patel,1981-08-04,Male,German,9304160836,National Gallery of Modern Art Delhi
37f98e6d-f3d7-4039-936f-0e832ddd5d1a,Meera Chopra,1974-12-13,Male,German,9174535972,National Gallery of Modern Art Delhi
b0a3234c-681e-4b6b-b94a-c2d4ce174d8a,Karan Singh,2003-02-13,Female,Canadian,9094867780,National Gallery of Modern Art Delhi
c9882ade-6e11-4259-abdf-82e53bb4be3f,Sneha Patel,2006-03-29,Male,French,,National Gallery of Modern Art Delhi
fd802687-2987-4249-9c6c-2c4a5ee7cea5,Ishaan Agarwal,2013-08-24,Male,UAE,9295095551,National Gallery of Modern Art Delhi
509c7e8f-008e-4a07-a6d5-68520d93726b,Aditya Chopra,1996-01-25,Other,Singaporean,9705836096,National Gallery of Modern Art Delhi
8c714d6d-24ae-4f02-9ce2-f16dc3ead764,Riya Verma,1980-04-05,Male,British,9609643479,National Gallery of Modern Art Delhi
3960491b-15ba-458a-bfe8-2a315522d2e8,Vivaan Sharma,2004-12-09,Other,French,9793796917,National Gallery of Modern Art Delhi
b56b6192-5991-43ac-84a8-7effd516663a,Aryan Mehta,1995-10-12,Female,Indian,9515697253,National Gallery of Modern Art Delhi
7ebf9c57-3815-488b-9c47-6863f1b8dd1a,Kavya Chopra,1982-07-09,Other,German,,National Gallery of Modern Art Delhi
88d7c90b-7ecb-4b94-9097-8301ad1cb5cb,Pooja Kapoor,1988-10-16,Male,German,,National Gallery of Modern Art Delhi
e75281a2-dd86-4e3f-9fc5-92c2a466fb48,Priya Bansal,1985-07-14,Female,Japanese,9986767577,National Gallery of Modern Art Delhi
407857f4-d20b-4c65-9395-2ccf92faa2f8,Priya Patel,1996-02-01,Other,British,9068949910,National Gallery of Modern Art Delhi
c6f2e60f-5560-4c5c-8d22-1cf14118e461,Karan Patel,1961-04-29,Female,Australian,9084168578,National Gallery of Modern Art Delhi
ffd367fd-a731-457e-85ef-76fe3d6e3085,Ira Chopra,1980-09-30,Male,Australian,9935931139,National Gallery of Modern Art Delhi
33f54da2-efc0-44ba-b67b-bf60b6862e45,Kavya Singh,1980-02-23,Male,UAE,9554723015,National Gallery of Modern Art Delhi
909c30ea-82ec-42e7-aa28-dd502bc008c9,Aisha Mehta,1984-08-10,Female,Indian,9138383216,National Gallery of Modern Art Delhi
d56fe68b-a749-4059-8fc5-b88a3395de1e,Kavya Mehta,2015-08-03,Other,Australian,9271663566,National Gallery of Modern Art Delhi
a7351a7a-df9f-4e5e-a020-c84030a7ab33,Riya Patel,1984-07-24,Other,American,9034846444,National Gallery of Modern Art Delhi
84350440-44c0-42eb-93e6-64b430c52466,Sneha Gupta,1972-06-13,Male,French,9756580374,National Gallery of Modern Art Delhi
c8ca22a9-e905-42b1-b8fb-bdf14dfd6eea,Aryan Gupta,1979-11-01,Other,Australian,9336658157,National Gallery of Modern Art Delhi
45f89e81-ef0d-4463-88af-7272c36d0467,Aarav Patel,1972-07-23,Male,Singaporean,9969289985,National Gallery of Modern Art Delhi
e2956cc5-b813-4b52-8ac2-40c1b05b1c84,Neha Agarwal,1978-08-07,Female,German,,National Gallery of Modern Art Delhi
928bbcd1-9978-434b-989f-ef273268446c,Aditya Agarwal,1983-06-14,Other,Japanese,9772573970,National Gallery of Modern Art Delhi
ecf0e385-2771-4d75-a342-d9643f10822c,Neha Verma,2006-02-12,Female,Japanese,9627673224,National Gallery of Modern Art Delhi
35adc3e8-0528-4fb5-b010-0b3f85ce66b0,Krishna Patel,1975-09-02,Female,Australian,9974157118,National Gallery of Modern Art Delhi
6c9f9b74-37e0-443e-bb54-4da78f5df93e,Aditya Agarwal,2013-12-23,Other,American,9423031097,National Gallery of Modern Art Delhi
d98ce6cb-f519-4c09-a82b-2327de745b10,Priya Kapoor,1984-11-08,Female,Indian,9338658745,National Gallery of Modern Art Delhi
977f5797-600f-4788-863a-9a7d3c28679e,Rohan Singh,2007-03-20,Male,British,,National Gallery of Modern Art Delhi
041a6ef1-e943-428c-9f46-5dc53f578b91,Ira Sharma,2010-05-10,Female,UAE,9705215154,National Gallery of Modern Art Delhi
0b86c3e0-2066-4a94-8f65-72ca85c3e984,Aditya Patel,2004-09-13,Male,American,,National Gallery of Modern Art Delhi
6592d75a-7e23-49fe-9b4e-9120a9357a64,Ishaan Patel,1997-01-31,Female,Indian,9693043575,National Gallery of Modern Art Delhi
2534404c-4399-4545-b641-91576dc4c6be,Ananya Singh,1987-05-26,Male,Singaporean,,National Gallery of Modern Art Delhi
10cf3fbd-c74a-4c21-8d62-cdfff785b4c4,Kavya Verma,1997-11-29,Female,Singaporean,9823731563,National Gallery of Modern Art Delhi
2d1146b6-5232-4a8a-9e79-dce1e2ed5370,Arjun Kapoor,1999-05-19,Other,Indian,,National Gallery of Modern Art Delhi
5a6104e3-7b28-44e6-823e-7335fc3899ae,Neha Gupta,1998-09-23,Other,American,9022784053,National Gallery of Modern Art Delhi
5ddfb5a9-21d2-46c6-ae7f-35f40a34ea95,Aditya Bansal,1979-11-06,Other,American,9813486764,National Gallery of Modern Art Delhi
1dcd5d06-eb23-4042-a10b-e43461233e8c,Kavya Kapoor,1981-08-06,Female,UAE,9413437314,National Gallery of Modern Art Delhi
3ac8333e-1eee-44f9-8f14-b70f269e3bf3,Neha Mehta,2009-08-07,Male,Japanese,9126899937,National Gallery of Modern Art Delhi
8ab32bdc-2124-41bc-856c-23886a4c31a4,Rahul Singh,1981-01-15,Female,Singaporean,9968358320,National Gallery of Modern Art Delhi
cf117460-c375-4df5-b152-d231b45e9238,Arjun Singh,2012-10-15,Other,UAE,9102568321,National Gallery of Modern Art Delhi
c72462eb-9708-4049-ab12-1063bedf49ed,Ishaan Verma,1998-08-27,Male,French,9058797585,National Gallery of Modern Art Delhi
69ec8554-e37b-4579-a732-63f2125d455d,Rahul Kapoor,2002-10-31,Female,Indian,,National Gallery of Modern Art Delhi
05de5c60-0ba8-401e-813c-bca62afc434e,Aditya Singh,1972-04-09,Female,French,9487901548,National Gallery of Modern Art Delhi
4d6bd4d4-1c0a-4f0e-9228-c503484fa6a9,Ira Singh,2009-05-18,Other,UAE,9075961495,National Gallery of Modern Art Delhi
d0efefa0-d3b7-41d5-ae79-e6615a943fad,Neha Singh,1961-10-01,Male,Canadian,9506361837,National Gallery of Modern Art Delhi
972846bd-737f-4a98-b22e-64f443b957d5,Vivaan Mehta,2003-07-15,Male,Australian,9702306236,National Gallery of Modern Art Delhi
53e2f7a5-89c4-497d-ac8c-47aa782e62b7,Ira Singh,2009-10-31,Other,British,9764988708,National Gallery of Modern Art Delhi
ba48cb70-e7f4-4c0a-b6f2-18da8c4b8814,Vivaan Kapoor,1988-10-04,Male,UAE,9534226114,National Gallery of Modern Art Delhi
19216af3-32b9-48c2-9e83-5fb9ad3b52c0,Ishaan Chopra,1977-06-30,Male,Australian,,National Gallery of Modern Art Delhi
fb5cf052-656d-41fa-88c4-7bed02a94efa,Rahul Verma,1994-08-07,Other,German,9463302982,National Gallery of Modern Art Delhi
abe1abf3-1587-402b-80d4-5dba2d8ac98e,Meera Bansal,1967-11-10,Other,Singaporean,9509532086,National Gallery of Modern Art Delhi
e18c2988-281b-4b53-9b18-6add75d7b502,Sneha Agarwal,2014-05-02,Female,American,9649124111,National Gallery of Modern Art Delhi
ca1cded8-7731-4429-80b1-461db5c09221,Aditya Gupta,1993-09-09,Other,Indian,9974869418,National Gallery of Modern Art Delhi
74e3d0cc-107a-4a78-b7e7-ae1d08923620,Arjun Kapoor,2007-06-16,Female,Singaporean,,National Gallery of Modern Art Delhi
0b9e70de-98f5-45e4-8ca6-cd093ba03d6e,Vivaan Gupta,2011-07-17,Male,Australian,9942860749,National Gallery of Modern Art Delhi
6a77d81d-a4ba-4dfa-be98-807c04039265,Pooja Mehta,2011-08-16,Male,French,9630963295,National Gallery of Modern Art Delhi
f89a70a8-06c2-4167-b421-64b0c4f27571,Aryan Bansal,1972-09-15,Male,American,9484610639,National Gallery of Modern Art Delhi
29fc24b5-c3c3-4d2b-9e56-8a2d987ab7ac,Karan Bansal,2001-06-27,Other,Indian,,National Gallery of Modern Art Delhi
ac19100c-4b9b-4667-8dc1-c04f86ae2344,Vivaan Mehta,2005-06-07,Other,Canadian,9202008023,National Gallery of Modern Art Delhi
b008f9ea-36fc-4f84-9ddb-e8feb33af016,Riya Singh,1964-10-17,Other,French,9139827619,National Gallery of Modern Art Delhi
e731cd8b-80fa-4a36-8d06-0279e7fea631,Aryan Agarwal,1996-06-08,Female,UAE,9507888476,National Gallery of Modern Art Delhi
19b0d7eb-3e20-4a25-bbd9-366377167d4b,Arjun Bansal,1990-12-22,Female,Australian,9508350979,National Gallery of Modern Art Delhi
43ebf68c-2f02-483c-8b56-ad3a98983204,Aarav Gupta,2005-07-17,Female,Singaporean,9139124818,National Gallery of Modern Art Delhi
18cf4c64-7f85-412e-8516-b3c130eaa57c,Ira Chopra,1985-04-24,Male,Australian,9965591401,National Gallery of Modern Art Delhi
4a7a9f83-77a6-4b89-87bb-d8a246ede8c5,Krishna Sharma,2001-06-10,Male,Indian,9361725571,National Gallery of Modern Art Delhi
f2c3e07b-e9b8-4494-b06f-41f223ce1951,Ananya Patel,1983-04-28,Male,Singaporean,9726224369,National Gallery of Modern Art Delhi
f0dd772a-7fe7-4d33-b572-f610bc5dcdc7,Krishna Patel,1999-12-17,Other,German,9825428525,National Gallery of Modern Art Delhi
242a4107-1cd6-4dd2-9594-709a4d30a656,Arjun Bansal,2009-08-20,Female,German,9837403463,National Gallery of Modern Art Delhi
41b2998e-dfe6-4003-8f47-09620835cd8c,Rohan Bansal,2014-10-14,Female,Australian,9748344934,National Gallery of Modern Art Delhi
7add4d3c-ce8b-46be-999f-6866080b7748,Meera Bansal,1965-11-25,Male,British,9262755998,National Gallery of Modern Art Delhi
41f1cc25-7640-4d0b-b9dd-89a11daab8db,Ananya Mehta,1982-07-07,Female,Singaporean,9341536753,National Gallery of Modern Art Delhi
6c466bbd-4363-4363-9b66-42b460d6fa4b,Pooja Mehta,1997-09-26,Male,Singaporean,,National Gallery of Modern Art Delhi
7bffc3a1-a435-4f59-af25-07ddb509fdd1,Sneha Kapoor,1975-10-14,Male,Indian,,National Gallery of Modern Art Delhi
27d93ee4-be93-47f9-9e53-40f9486286eb,Meera Chopra,2014-10-20,Male,German,9765118918,National Gallery of Modern Art Delhi
b3351f48-23e2-45ac-a27a-08172f40f954,Arjun Singh,2006-11-01,Other,French,9944219743,National Gallery of Modern Art Delhi
8db90ccc-bb0b-4b51-823c-5dd7262c0db0,Rohan Bansal,1996-12-15,Male,German,9245800272,National Gallery of Modern Art Delhi
075be6c1-d2ac-4e0b-8b71-af64ec0cbe3e,Aisha Mehta,1974-02-09,Male,Indian,9498265736,National Gallery of Modern Art Delhi
65fc83a2-2c45-4d82-82e6-c2da6d57f7d6,Karan Sharma,2005-03-23,Female,Australian,9149561602,National Gallery of Modern Art Delhi
5dd1070d-39f7-41be-9447-0d151054bed2,Neha Mehta,2000-02-07,Female,Australian,9548147153,National Gallery of Modern Art Delhi
93c02fd3-5499-4bf3-b1c6-6fef1ba4c68a,Ananya Agarwal,1989-05-31,Other,American,9468809146,National Gallery of Modern Art Delhi
857a9407-2dce-46cb-a73d-405e294d6cda,Arjun Bansal,1969-06-15,Female,German,9742545257,National Gallery of Modern Art Delhi
88583493-a781-49de-896f-4e2b3ba51b7e,Priya Mehta,2011-09-25,Other,German,9886771128,National Gallery of Modern Art Delhi
2df2773e-b21d-4023-8768-5dea9fce2ec8,Vivaan Agarwal,1981-08-24,Male,Singaporean,9062798691,National Gallery of Modern Art Delhi
369cd8e0-c00b-4944-bec7-92fe32ae09b3,Arjun Kapoor,1970-12-30,Male,German,9560888492,National Gallery of Modern Art Delhi
c33daa9b-ecc1-4fea-9ae2-838d7b3358c8,Ishaan Bansal,1986-08-20,Male,Australian,9770798405,National Gallery of Modern Art Delhi
11490f3b-e0d8-44fa-b356-c63e33e83262,Arjun Singh,1976-05-12,Other,Japanese,,National Gallery of Modern Art Delhi
cc714dc1-f487-4d1a-9732-5fa9ba273e58,Pooja Patel,1962-08-06,Other,British,9625028802,National Gallery of Modern Art Delhi
61842a55-3ff4-430c-adf0-82252a89da4f,Arjun Kapoor,1972-01-04,Male,Canadian,9233277490,National Gallery of Modern Art Delhi
d2893345-31af-4e58-ab15-729bf5ff2cc0,Rohan Singh,1973-02-15,Female,Japanese,,National Gallery of Modern Art Delhi
dc81b413-e7fb-4c1b-899c-a67e366c8975,Pooja Chopra,1968-01-17,Female,American,,National Gallery of Modern Art Delhi
c95faef5-2916-40a9-a806-ab54f0a65c23,Meera Mehta,1999-06-08,Other,Indian,9282737507,National Gallery of Modern Art Delhi
e5ee8cc0-c549-43d1-bfa6-af34617d2c91,Aryan Sharma,1990-01-08,Female,Indian,9486842286,National Gallery of Modern Art Delhi
a6f0e2ae-5eed-4896-81ea-19e26aa1a079,Ishaan Sharma,2013-03-09,Other,Japanese,9195993687,National Gallery of Modern Art Delhi
ea15119d-9c36-4063-a204-230c6b9737bf,Meera Sharma,1983-06-08,Other,Japanese,9479795072,National Gallery of Modern Art Delhi
d512fe93-a174-48e0-90e0-b1a16c8072f3,Sneha Chopra,2011-03-04,Female,Indian,9376429581,National Gallery of Modern Art Delhi
9e95dbee-0abc-4753-910c-d9eb38f234e0,Sneha Mehta,1974-06-07,Female,British,9475638645,National Gallery of Modern Art Delhi
1a3c243c-179a-490b-a4d6-e5bb51ab43d5,Aditya Agarwal,1984-04-05,Male,German,9350550727,National Gallery of Modern Art Delhi
1cc43701-e7b4-4abb-a8ee-8c6edfc03c85,Priya Verma,1988-06-10,Female,Canadian,9245681319,National Gallery of Modern Art Delhi
67c41a4b-f5cb-4326-91cd-44eb5dfaec17,Riya Sharma,2007-07-05,Other,British,9729534378,National Gallery of Modern Art Delhi
38228d61-f114-4f64-89d8-3d884b15b78e,Neha Verma,2008-01-08,Other,Singaporean,,National Gallery of Modern Art Delhi
270bef70-3bd2-47d3-b27d-c3a57fd5cf2d,Rahul Agarwal,1972-03-20,Male,British,9959223520,National Gallery of Modern Art Delhi
57748dc8-4f2a-42fd-9bf1-31a180b04d40,Priya Bansal,1979-07-14,Female,American,9027901062,National Gallery of Modern Art Delhi
e87a6317-00ae-4e6a-9c90-e4d0d0dab2b5,Aditya Sharma,2015-05-03,Other,British,9718538368,National Gallery of Modern Art Delhi
1fe5d708-1242-479a-b06a-14100ea3fa8f,Rohan Gupta,1980-12-16,Male,British,9138157226,National Gallery of Modern Art Delhi
7e0f58c0-b9c2-4ea3-b700-ba08b33881ff,Vivaan Kapoor,1988-02-24,Other,French,9048931617,National Gallery of Modern Art Delhi
934c3f16-5613-40d9-af1d-40d438778bd8,Riya Agarwal,1989-01-31,Male,Singaporean,9121619866,National Gallery of Modern Art Delhi
9e626dba-7bba-4ce6-853d-448c78f2313f,Ishaan Chopra,1992-06-25,Other,German,9449908645,National Gallery of Modern Art Delhi
4ef6106e-1998-4763-9b70-7431aea62ea3,Ira Verma,2000-07-31,Female,Canadian,9981959679,National Gallery of Modern Art Delhi
0acb56aa-cbc3-4c6d-b5de-a832d3dd50cd,Meera Gupta,1990-06-21,Male,Australian,,National Gallery of Modern Art Delhi
8f7f0319-ab92-48d5-8c6b-d9fd292d417a,Aarav Bansal,1994-04-27,Male,French,9798492306,National Gallery of Modern Art Delhi
1517d9f7-c2e3-4390-be70-7f7d7a16bc68,Ishaan Mehta,1997-12-07,Male,UAE,9296571341,National Gallery of Modern Art Delhi
780a6c76-af71-486c-9cbf-f32d3153859f,Aditya Agarwal,1968-04-26,Male,American,9413470945,National Gallery of Modern Art Delhi
beca9a5c-44d5-4308-b968-f63cf6832f67,Kavya Chopra,2004-05-18,Female,UAE,,National Gallery of Modern Art Delhi
c62e064f-af1c-4422-b693-25812b5aa6d6,Aarav Patel,1967-10-12,Male,Japanese,9782773272,National Gallery of Modern Art Delhi
435c45a6-7acd-4bdb-a549-e4d0c395374f,Aarav Gupta,2015-03-24,Female,Australian,9147834739,National Gallery of Modern Art Delhi
20b4a60c-e3ab-4442-a3c1-13c54abb449a,Rohan Verma,2005-05-11,Male,British,9220224957,National Gallery of Modern Art Delhi
8acbe47f-d3b4-4149-bc22-1c19099d5c01,Ishaan Verma,2001-10-31,Male,Singaporean,,National Gallery of Modern Art Delhi
a963bc2f-e8a2-4225-a200-d0550f07afee,Sneha Mehta,1972-07-08,Female,British,,National Gallery of Modern Art Delhi
2ab6ead6-bcc4-404a-9c2e-803a86e495de,Kavya Agarwal,1988-06-16,Male,French,9695643733,National Gallery of Modern Art Delhi
7caab573-fe42-4bcc-b163-966acd092842,Priya Agarwal,2010-05-15,Male,American,,National Gallery of Modern Art Delhi
f636c9c9-e3c4-4df5-8358-3727ffb7e644,Rohan Chopra,1969-04-12,Male,German,9341260452,National Gallery of Modern Art Delhi
e77b736e-88af-4944-9a8e-cf96f092684b,Vivaan Mehta,2013-12-01,Male,American,,National Gallery of Modern Art Delhi
bd2130dd-fda5-4045-9064-85b0c73cc71c,Meera Gupta,1989-10-01,Male,French,9797723696,National Gallery of Modern Art Delhi
350528e0-694c-4c44-8315-6e5b4a113959,Vivaan Patel,1963-08-04,Female,Japanese,9677254267,National Gallery of Modern Art Delhi
7c5a9b0f-0cb9-457e-8999-c5e97dd7ebe0,Vivaan Sharma,2007-02-03,Male,Singaporean,,National Gallery of Modern Art Delhi
98f58bb7-f903-471f-bc0c-376be4ea3cf6,Aisha Sharma,1993-08-29,Male,Australian,9674385956,National Gallery of Modern Art Delhi
eb422ec1-665b-4dc4-8111-e2ff03114a9a,Pooja Kapoor,1986-01-04,Male,Japanese,9515493000,National Gallery of Modern Art Delhi
09428daa-a468-480e-a94f-e2fc297894f3,Rohan Patel,1975-03-27,Female,UAE,9517230099,National Gallery of Modern Art Delhi
c94957a5-692a-4dbe-becc-785a4f423f7d,Riya Patel,1996-09-16,Male,Japanese,,National Gallery of Modern Art Delhi
a54c92c9-c63c-4527-9a30-a53825249511,Priya Kapoor,2015-06-02,Female,Indian,9754775967,National Gallery of Modern Art Delhi
64420bd3-5354-4e61-9664-36bd7e86594e,Priya Patel,2001-07-08,Female,Singaporean,9101619195,National Gallery of Modern Art Delhi
a8fffff5-f5a2-4216-8d79-a95b380a3f1a,Rahul Sharma,1972-06-14,Female,German,9655724231,National Gallery of Modern Art Delhi
cb9dd284-e2c3-4c7a-9338-5a4ec810a111,Karan Bansal,1968-04-17,Female,Japanese,9518865574,National Gallery of Modern Art Delhi
0991e843-4d69-49a5-abaf-9a77f2da26c2,Arjun Sharma,1979-09-27,Other,French,9753228739,National Gallery of Modern Art Delhi
6a2f1b77-38cc-49de-8f0c-990084000130,Aarav Verma,1978-01-01,Other,British,9268590583,National Gallery of Modern Art Delhi
b378f6c0-dd5c-4a3b-9de0-5e46a81ad0ba,Aryan Kapoor,1978-02-26,Female,Indian,,National Gallery of Modern Art Delhi
e3401222-9191-4ca1-bd3a-87234e332ad1,Aditya Chopra,1981-05-19,Female,German,9157213618,National Gallery of Modern Art Delhi
b752d38b-eb8b-450a-9246-b27a1546a769,Karan Patel,1992-08-24,Male,Singaporean,9519973907,National Gallery of Modern Art Delhi
de01f716-92b7-4ca1-8e01-c4eff029d544,Vivaan Verma,2002-03-26,Female,Indian,9212962171,National Gallery of Modern Art Delhi
d977975c-45f1-4a31-a872-df886c62551d,Ishaan Verma,1971-08-26,Male,Singaporean,9889977201,National Gallery of Modern Art Delhi
f3422520-7c3c-4a20-a8b4-0740c80cfde4,Meera Agarwal,1998-01-18,Male,UAE,,National Gallery of Modern Art Delhi
9c353dc5-c4c0-45bc-92f1-c009358793ad,Neha Gupta,1983-07-15,Male,Singaporean,9125948367,National Gallery of Modern Art Delhi
15813b12-f9ad-45d9-b3d1-57e3327ac591,Aisha Mehta,2014-08-23,Other,French,,National Gallery of Modern Art Delhi
c7d921db-1e9a-47d8-8046-5c0220baf5b3,Neha Sharma,1996-12-25,Male,Indian,9580771502,National Gallery of Modern Art Delhi
ee6c40cf-a03a-47b6-a3ef-5783de4a643b,Neha Gupta,1993-08-07,Other,UAE,9006304097,National Gallery of Modern Art Delhi
22dbb37a-6e0a-4071-899c-72701ab2e244,Aarav Kapoor,2007-01-08,Female,American,,National Gallery of Modern Art Delhi
9f150b8d-b1ed-4769-ac7c-c81bb45a9b72,Rahul Gupta,1970-05-17,Other,Australian,9268161073,National Gallery of Modern Art Delhi
245ad4da-2bf2-45a4-aaef-ad7d18c8e395,Sneha Verma,2009-02-26,Other,German,,National Gallery of Modern Art Delhi
7484f382-cc29-45e3-981e-ad3d564b5971,Neha Patel,1977-05-13,Female,Australian,,National Gallery of Modern Art Delhi
13c0fa5f-1814-4790-97d1-461c1d0cb702,Vivaan Agarwal,2006-01-03,Female,Singaporean,,National Gallery of Modern Art Delhi
d94cba89-73f4-4128-bf52-54c89f23e537,Arjun Gupta,1964-11-14,Female,Canadian,9285358230,National Gallery of Modern Art Delhi
79d5c845-5473-4948-bf00-3588943a79c0,Priya Chopra,1962-05-19,Other,Australian,,National Gallery of Modern Art Delhi
e3388fe8-b4ab-4913-b35b-593f834be797,Karan Verma,1972-01-02,Other,British,9089547084,National Gallery of Modern Art Delhi
ec00e18e-c301-4e2f-b285-223848bb5235,Aisha Verma,1996-04-16,Other,Canadian,9431696564,National Gallery of Modern Art Delhi
ff743048-6d78-4b15-a765-d01329aabe7c,Aditya Bansal,2010-12-24,Male,British,9519581315,National Gallery of Modern Art Delhi
393dbdba-5a31-4e3a-b52a-a6fedc5edbf5,Arjun Agarwal,1968-03-18,Male,Japanese,9304918722,National Gallery of Modern Art Delhi
d1c95b6f-3654-4f02-8f38-5cc04fd9b2b8,Kavya Agarwal,1969-10-02,Female,American,9879050785,National Gallery of Modern Art Delhi
38bb8413-e633-42c8-81b0-32893d12c79a,Arjun Patel,1996-08-18,Other,American,,National Gallery of Modern Art Delhi
cfe931ba-d688-4bf2-a8c1-9f49393f7360,Vivaan Singh,1984-04-04,Female,British,,National Gallery of Modern Art Delhi
a75c6890-8b97-41c6-9369-13dabddf6e74,Aditya Mehta,1982-06-09,Male,German,9548492796,National Gallery of Modern Art Delhi
6abab3c5-073b-425f-80dd-bfc8c21b29e9,Krishna Singh,1994-04-04,Other,UAE,,National Gallery of Modern Art Delhi
39c1b13e-03e8-43aa-82e6-dd9e4c998c62,Sneha Bansal,1990-09-25,Female,Canadian,9802414932,National Gallery of Modern Art Delhi
2fcf6968-ed02-4aca-b269-1d3b7b206fc2,Aditya Kapoor,2011-05-26,Female,French,,National Gallery of Modern Art Delhi
9ea31607-4a3f-4c45-9339-c4b18cefd019,Ira Verma,1998-08-20,Female,Japanese,9990653087,National Gallery of Modern Art Delhi
ef407994-ac40-4fde-8c4c-26e97ada03ae,Kavya Patel,1972-12-23,Male,German,9505123790,National Gallery of Modern Art Delhi
a9468577-0758-4fa7-a930-80013e78564b,Priya Patel,1974-08-03,Female,French,9650469658,National Gallery of Modern Art Delhi
11d9fff5-a9a9-473b-ad09-676ce0f0af52,Priya Agarwal,1967-04-14,Male,German,9409567509,National Gallery of Modern Art Delhi
76dbbe00-ecfc-402b-93cb-aeb39a3b6daf,Riya Gupta,2000-03-10,Female,Japanese,9424505693,National Gallery of Modern Art Delhi
ae2cfbc7-35e0-4af5-b6c7-e51bb903d507,Ananya Bansal,1961-11-30,Female,American,9565877161,National Gallery of Modern Art Delhi
076a47c6-5a7e-4268-9dec-4850dbea2e36,Aarav Sharma,1973-11-21,Female,Indian,9623039206,National Gallery of Modern Art Delhi
e12dc155-b8cc-42cb-a412-ad61d7bc8408,Aarav Agarwal,1998-01-21,Male,Indian,9311335678,National Gallery of Modern Art Delhi
7c3f70d5-9512-417b-ba74-7a10a9384737,Aarav Chopra,1961-04-08,Female,American,9090533092,National Gallery of Modern Art Delhi
93cccdcc-a3c0-405d-a8ef-465e9939b416,Vivaan Agarwal,1997-12-30,Male,Canadian,9659365163,National Gallery of Modern Art Delhi
4236a00c-06b8-4f38-844d-fb49299b753c,Vivaan Sharma,1964-12-15,Female,Canadian,9042918718,National Gallery of Modern Art Delhi
3d492941-c297-4d86-ab3a-8c90fff6f91f,Karan Gupta,2010-10-08,Male,Japanese,9439375413,National Gallery of Modern Art Delhi
a1c77266-6c13-4943-9393-8b40d17d2912,Rahul Bansal,1982-05-01,Male,Singaporean,9032812590,National Gallery of Modern Art Delhi
0818850e-0054-42c8-8698-f00ce1df243c,Krishna Gupta,2013-07-25,Female,German,,National Gallery of Modern Art Delhi
07e38494-0d85-4dc6-8106-872f1a90c16b,Ananya Agarwal,2013-07-29,Female,Singaporean,,National Gallery of Modern Art Delhi
19f11628-e29d-49b5-80b9-9ad8ef88b3ac,Neha Chopra,1995-01-02,Male,UAE,9677539867,National Gallery of Modern Art Delhi
e6c98632-df6b-460e-9e79-b55288bb05f1,Aditya Patel,2002-07-12,Male,British,9513484260,National Gallery of Modern Art Delhi
608a8a1f-585d-4eaf-8cc5-e3b46cb9bffc,Meera Singh,2003-06-02,Other,German,9226493742,National Gallery of Modern Art Delhi
de52fffb-e2ed-4b69-8750-54ed251b217e,Aryan Verma,2005-06-07,Other,British,,National Gallery of Modern Art Delhi
17191b03-e6bd-4824-83d8-2ab97a855434,Arjun Kapoor,1997-05-10,Female,French,,National Gallery of Modern Art Delhi
36745a0f-47d5-471c-82a9-bc1ac24b2ba8,Aditya Kapoor,2009-04-07,Female,Singaporean,9171073425,National Gallery of Modern Art Delhi
3b0a92bc-f3bb-4b9d-89a3-9824722c480b,Rahul Sharma,2007-07-16,Female,American,9904521188,National Gallery of Modern Art Delhi
fe69eb65-222b-4c68-bcf4-c64424502c97,Vivaan Singh,1961-12-28,Other,Indian,9577146047,National Gallery of Modern Art Delhi
4f371987-81be-4865-8cae-bf8d62f7b5da,Ira Kapoor,2002-10-03,Other,Australian,9828118106,National Gallery of Modern Art Delhi
d972c3e3-75db-4b7b-a5e4-85570969fd19,Vivaan Verma,2000-11-21,Female,Indian,,National Gallery of Modern Art Delhi
d8c80d75-5828-402b-8aee-ee7cd1ad441e,Riya Patel,1980-05-03,Male,Japanese,9969742709,National Gallery of Modern Art Delhi
204d2410-d13c-4739-a077-877cb63ac84b,Vivaan Kapoor,2010-10-02,Other,French,9729630775,National Gallery of Modern Art Delhi
e848ac31-8c59-423b-842a-c1448d56f2db,Kavya Mehta,1981-10-08,Male,French,9714328198,National Gallery of Modern Art Delhi
3d89d9cc-6ee7-4179-96ac-a3f984f661ff,Rohan Mehta,1969-08-23,Female,Japanese,9668122293,National Gallery of Modern Art Delhi
aae0a815-e75b-461f-a567-16a355405eaf,Rohan Verma,1975-06-22,Male,Australian,9164011159,National Gallery of Modern Art Delhi
5ea1d64c-ba99-4b23-b2e0-d6b3acac769d,Ishaan Singh,2007-01-20,Male,Canadian,9474800765,National Gallery of Modern Art Delhi
23a74c56-2f29-48f3-9dba-ec1ef1ed7595,Ira Verma,2014-09-08,Male,Singaporean,9615337121,National Gallery of Modern Art Delhi
cf1a010d-184f-419b-bb68-9f4668930c62,Ananya Patel,2013-03-29,Male,Australian,9199597095,National Gallery of Modern Art Delhi
e51b666c-4403-44b3-a521-f7400640708a,Aryan Chopra,2015-03-23,Other,German,9983375377,National Gallery of Modern Art Delhi
3014de8c-f7da-4b6c-aeac-f6153a7ac9f9,Meera Patel,1970-10-19,Male,Singaporean,9965787715,National Gallery of Modern Art Delhi
0c68a12e-8ae3-433e-aed9-0e115090bd7e,Sneha Bansal,2004-12-25,Female,Australian,,National Gallery of Modern Art Delhi
eca98427-3559-4687-97c5-b43e5f1694a3,Arjun Mehta,2006-08-04,Male,Canadian,9547002416,National Gallery of Modern Art Delhi
593b5c68-692d-408e-a61d-4651fcb62614,Ananya Kapoor,1999-05-23,Other,German,,National Gallery of Modern Art Delhi
4bb0d4bf-34f5-43d7-8237-96876dfd28b2,Arjun Kapoor,2006-02-07,Male,Indian,,National Gallery of Modern Art Delhi
bd1b0782-a4b5-46c0-83f1-1cff3ed91e13,Karan Verma,1985-07-28,Male,Japanese,9033287186,National Gallery of Modern Art Delhi
21c5ed8c-f87b-431e-933c-47e8ccb544cd,Rahul Mehta,1967-02-15,Other,Japanese,9223740667,National Gallery of Modern Art Delhi
4ecf6c89-1b9b-493f-ba4b-f0558a7a243b,Neha Sharma,1972-02-10,Female,UAE,9164578628,National Gallery of Modern Art Delhi
965c5fcd-5500-41b9-93df-3583acb8965e,Pooja Agarwal,1988-11-16,Other,Australian,9188693851,National Gallery of Modern Art Delhi
95a670a1-604e-4561-b3dc-3803e413a2a8,Riya Chopra,2000-09-16,Other,French,9525010850,National Gallery of Modern Art Delhi
fe2cfa9b-c728-43e5-aee2-f96fad483974,Neha Singh,1977-08-31,Other,UAE,9977250491,National Gallery of Modern Art Delhi
ee3b0734-38ca-42e4-b461-7ee3539796fa,Karan Gupta,1996-05-10,Other,Japanese,9797595495,National Gallery of Modern Art Delhi
ba2c7cbc-5d20-4b5e-becb-acb63fba5fad,Aryan Chopra,1970-06-24,Male,Australian,9494697972,National Gallery of Modern Art Delhi
df230d8f-85ff-49b8-a412-b9f0dcb79f5e,Aryan Agarwal,1986-05-15,Male,American,9010455883,National Gallery of Modern Art Delhi
80cb6263-440d-4d4e-9d22-df96b4610d4c,Sneha Verma,1994-04-19,Other,Australian,9288585687,National Gallery of Modern Art Delhi
fdeeb60c-572d-4c25-a8c9-dd9becf39e4b,Vivaan Gupta,1986-09-15,Female,Singaporean,9720779432,National Gallery of Modern Art Delhi
8b171f61-f822-4680-8159-0218b3bfa9c5,Neha Mehta,1965-09-06,Female,Indian,9750474199,National Gallery of Modern Art Delhi
c1943437-a891-4ff5-9d2a-73b8f6591688,Rohan Verma,2015-11-16,Other,Singaporean,,National Gallery of Modern Art Delhi
74d6233a-bfea-40aa-809d-feeba66dbd56,Pooja Mehta,1960-01-31,Other,Canadian,9538999334,National Gallery of Modern Art Delhi
bdfe1eb9-74af-4e7f-874e-16be76007fb3,Vivaan Bansal,1988-06-24,Other,Japanese,9374759847,National Gallery of Modern Art Delhi
b104bf4b-ee4e-44ca-8b1a-7b78037113d0,Karan Verma,1989-05-13,Female,Singaporean,9263034649,National Gallery of Modern Art Delhi
fb714e28-0501-4c04-a320-5b5b868a7fa6,Rahul Bansal,1981-06-01,Male,American,9031729027,National Gallery of Modern Art Delhi
f1980529-3a63-4ae9-87eb-c0b971e1b604,Neha Sharma,1980-06-21,Female,German,9988766118,National Gallery of Modern Art Delhi
1a5c6840-8b19-4329-8bdf-6785923617c1,Pooja Gupta,1997-02-11,Male,British,9918909742,National Gallery of Modern Art Delhi
6edf2f85-e932-412f-9fc7-60d860f4568b,Krishna Patel,1996-05-05,Female,American,9987325729,National Gallery of Modern Art Delhi
90e5fee8-e59d-430f-9db7-06bd0a139382,Pooja Gupta,2012-05-28,Male,French,9219549805,National Gallery of Modern Art Delhi
8914b0ac-4472-462d-b382-42ab552075ef,Meera Patel,2015-02-10,Other,Indian,9840764225,National Gallery of Modern Art Delhi
d865cef1-b819-4a99-bfea-cf84ab872e5f,Arjun Singh,1990-03-11,Female,German,9006007242,National Gallery of Modern Art Delhi
6ff7f2cd-ca00-4861-9edf-305d8d053d52,Riya Kapoor,1975-02-17,Male,French,9856769933,National Gallery of Modern Art Delhi
bfef6110-f9fa-42f3-b39a-509d3416441c,Rahul Singh,1962-11-17,Male,Indian,9101540717,National Gallery of Modern Art Delhi
0e9d2725-be85-4d0a-83bd-f58ffc9ffc4c,Riya Bansal,2001-01-25,Other,Japanese,9139787271,National Gallery of Modern Art Delhi
4c5d78d0-6ffa-4924-84fc-7b8776defe0c,Ishaan Chopra,1973-11-20,Male,UAE,9273619349,National Gallery of Modern Art Delhi
4bd41d29-f56e-4c30-88d1-ed2efd8d8e7a,Pooja Singh,1975-07-24,Other,German,9167422225,National Gallery of Modern Art Delhi
d95f5fb7-8aaf-4b05-88d0-efc7e27c8260,Vivaan Sharma,1973-11-24,Other,Singaporean,9000211118,National Gallery of Modern Art Delhi
df785689-7e45-4a74-9947-df17e7c8e4df,Aditya Mehta,1976-11-23,Female,French,,National Gallery of Modern Art Delhi
c61bf979-2d54-4bc8-9157-925042601185,Riya Patel,1985-10-08,Female,American,,National Gallery of Modern Art Delhi
f013e7ad-bb69-4d5c-a3f5-2c44cc440c8f,Pooja Agarwal,1993-07-31,Male,Australian,9854409737,National Gallery of Modern Art Delhi
2c2934bc-f45f-48d1-a62d-ad02430c2aaa,Priya Chopra,1974-12-24,Female,Singaporean,,National Gallery of Modern Art Delhi
bf08fc7a-32d3-4cd4-8165-35517f06f415,Karan Sharma,1960-12-27,Other,Canadian,9430013437,National Gallery of Modern Art Delhi
70d6e090-cd22-4630-b3f7-0a2f80bad712,Rohan Chopra,1964-06-30,Other,American,9080618425,National Gallery of Modern Art Delhi
cc94399c-d49a-48cf-a010-939b11aa0f0d,Ananya Chopra,1968-01-07,Male,Canadian,9312435006,National Gallery of Modern Art Delhi
82c507a5-a3a2-413e-9be1-62919c24409e,Meera Patel,1996-02-28,Other,UAE,,National Gallery of Modern Art Delhi
9640b38a-98e6-4c00-8b89-ea763fac3744,Aryan Singh,1975-11-29,Female,British,9208426856,National Gallery of Modern Art Delhi
fe2d774f-a805-4c80-a1ab-53078ff96b94,Krishna Gupta,2001-04-21,Female,Singaporean,9998514090,National Gallery of Modern Art Delhi
6eebc439-4518-4dd5-bc73-dccb512fe43f,Arjun Agarwal,1985-01-17,Male,Canadian,9481284781,National Gallery of Modern Art Delhi
074ba4c1-625e-4e8d-a928-b64898c2bca3,Sneha Sharma,1972-11-13,Female,French,9111713248,National Gallery of Modern Art Delhi
9ec74956-a9a4-4ef8-b10d-a4cd073225b8,Ishaan Bansal,1971-09-13,Male,Canadian,,National Gallery of Modern Art Delhi
00c7523c-8f0d-4771-b330-55900930aedd,Aditya Sharma,2001-11-23,Male,Indian,9722060472,National Gallery of Modern Art Delhi
601aadc6-628d-41ba-84cf-1b85186b25c7,Ira Kapoor,1979-06-04,Female,British,9484262002,National Gallery of Modern Art Delhi
7ed5a454-b687-48dd-8081-a42a7130b148,Arjun Bansal,1966-10-04,Female,French,9565222476,National Gallery of Modern Art Delhi
8293ae55-c391-4d98-8fad-7bffc62b4dfe,Aisha Singh,2004-11-03,Female,German,9789608925,National Gallery of Modern Art Delhi
bfd4f1ff-5207-4e70-8024-1e8853f04b8e,Krishna Gupta,2003-07-06,Male,Canadian,9687586273,National Gallery of Modern Art Delhi
72a60255-1d36-4dbd-af37-65554c8b6246,Kavya Chopra,1963-12-01,Other,Canadian,9223480567,National Gallery of Modern Art Delhi
b129e2cd-1fc8-4382-a9c4-ef85ed6c6b9a,Aditya Mehta,2003-05-17,Female,Indian,9326182065,National Gallery of Modern Art Delhi
017681cd-e234-4722-adf9-fca405553962,Aryan Kapoor,2011-05-02,Male,American,9575068489,National Gallery of Modern Art Delhi
c961480a-1b51-4d91-87c9-56d3921c9402,Riya Mehta,2002-05-31,Male,French,,National Gallery of Modern Art Delhi
d4b970ba-75b8-4dc2-be80-d6dccb16383f,Ishaan Patel,1967-05-17,Female,Singaporean,9990284126,National Gallery of Modern Art Delhi
37f4d774-7b5d-40c3-a452-f55c35d79dcf,Rohan Patel,2003-02-15,Female,Singaporean,9137907274,National Gallery of Modern Art Delhi
5cd48fe4-763e-49b3-a17d-3bc0aa750119,Riya Mehta,1988-01-22,Other,French,,National Gallery of Modern Art Delhi
54bb4282-cbce-4855-b4cb-1b23f52067f9,Aisha Agarwal,1970-09-25,Male,Japanese,9952504163,National Gallery of Modern Art Delhi
2d147d72-7559-4273-a4dd-7804aad1226c,Arjun Kapoor,1985-03-31,Female,Indian,,National Gallery of Modern Art Delhi
9bdd831a-8289-4493-a5fb-96fcde4e70bd,Pooja Patel,1997-06-10,Other,Singaporean,,National Gallery of Modern Art Delhi
6c48c3f7-ccfe-4a1c-b574-a52433ebbf09,Rohan Agarwal,2005-09-27,Other,American,9310658350,National Gallery of Modern Art Delhi
e0835356-20a1-403b-b90f-0967ce4464a2,Krishna Patel,1970-07-18,Female,Australian,9957871499,National Gallery of Modern Art Delhi
876ebad6-451f-4b80-a7bd-71ec2a5823ca,Pooja Sharma,2002-07-20,Other,French,9564487463,National Gallery of Modern Art Delhi
2c2cd273-3cd2-4f7c-a70e-8a0a501b71ef,Karan Kapoor,1976-10-03,Male,Indian,9969592657,National Gallery of Modern Art Delhi
2d14de36-5b81-4f81-8d6c-4d20a66a8a50,Ananya Bansal,1994-01-31,Male,British,9203815297,National Gallery of Modern Art Delhi
035a7355-b61a-4394-b6ca-8dd2dbeb99c8,Rohan Sharma,1984-03-05,Male,UAE,9240891400,National Gallery of Modern Art Delhi
663a3d7b-0f32-4921-b0cc-8730e269c655,Ishaan Kapoor,1977-01-18,Other,Canadian,9302152658,National Gallery of Modern Art Delhi
88869e0d-a7c0-4bf3-b9eb-999bbbba1c40,Aisha Agarwal,1979-06-06,Female,American,9865630309,National Gallery of Modern Art Delhi
42ac449f-59fb-48f8-b817-310fcac855c3,Vivaan Singh,2015-10-25,Male,Australian,9048020582,National Gallery of Modern Art Delhi
f74f5435-6a8e-45bf-bafb-24033baf8351,Ira Verma,1965-09-24,Female,French,9906558998,National Gallery of Modern Art Delhi
7686bcd8-22b9-4c4d-a53f-caf3b7f8503c,Priya Verma,1976-08-16,Male,British,9459201381,National Gallery of Modern Art Delhi
c68ac130-140c-4043-b3d8-22db86239bf2,Aditya Agarwal,2015-08-02,Other,German,9918808919,National Gallery of Modern Art Delhi
27ac799a-5e5a-4afc-a7e5-c1368e7b45a8,Vivaan Singh,2006-04-06,Other,French,9813539719,National Gallery of Modern Art Delhi
c9dad00c-9f11-463b-8c7b-4a9fbe91e1f1,Sneha Bansal,1984-09-15,Other,UAE,9728091898,National Gallery of Modern Art Delhi
043c8aff-51c6-4ea6-beb9-e4a6afa3298f,Aditya Gupta,1996-03-12,Other,German,9139559409,National Gallery of Modern Art Delhi
aa72a7da-6ddf-442e-861a-2cf205e49c9b,Aditya Verma,2011-03-27,Male,French,9512516837,National Gallery of Modern Art Delhi
922e978c-c48d-4f50-9e4e-ee7d71d1ac4a,Aisha Patel,1996-01-18,Female,French,9740950828,National Gallery of Modern Art Delhi
cfac92a3-9aef-4c26-9439-3eaab9591bcc,Aisha Singh,1976-10-15,Female,UAE,9010376153,National Gallery of Modern Art Delhi
21302a84-7294-4283-a74a-78e5227ad592,Krishna Sharma,2012-06-05,Female,Japanese,,National Gallery of Modern Art Delhi
8d5bad65-9f08-4049-8e28-683b8eebf3a6,Rohan Mehta,1963-07-20,Other,American,9926456454,National Gallery of Modern Art Delhi
435920b3-ad07-4b08-89e1-491873867437,Rahul Singh,1976-09-18,Other,UAE,9150743762,National Gallery of Modern Art Delhi
d7e25425-bb2b-4776-893b-f9addce32456,Priya Singh,1996-03-05,Male,Singaporean,9688343882,National Gallery of Modern Art Delhi
66929932-55b3-43e7-8bff-719a7121a369,Pooja Kapoor,2002-04-01,Female,American,9915047127,National Gallery of Modern Art Delhi
a32143a4-9a22-4c54-9a4d-9f93d62f07aa,Priya Patel,1964-06-19,Other,UAE,9962047826,National Gallery of Modern Art Delhi
916fb07f-4729-4af2-ba0c-844b84481dc2,Meera Verma,1985-07-25,Female,British,9692399297,National Gallery of Modern Art Delhi
9da9865c-28f0-4f5f-bf75-c1c79dff1a8f,Karan Singh,1999-03-06,Other,UAE,9911273979,National Gallery of Modern Art Delhi
8eec2491-ec33-4932-9201-422ac0cd1908,Vivaan Bansal,1987-08-21,Female,UAE,9941776975,National Gallery of Modern Art Delhi
79ff107a-aaac-4717-a3e6-3b3a31fab71f,Aryan Agarwal,1963-05-06,Female,Australian,9198140186,National Gallery of Modern Art Delhi
d2b9defd-7786-4c39-a468-17049598d53a,Rohan Agarwal,2012-12-09,Male,UAE,9418152034,National Gallery of Modern Art Delhi
2637a2ab-b174-41e0-96a4-4f398df40947,Ira Mehta,1996-06-25,Female,Australian,9028866990,National Gallery of Modern Art Delhi
60976fdd-5dab-4965-85bf-789b37e4306b,Rahul Chopra,1975-06-16,Male,Indian,9057047596,National Gallery of Modern Art Delhi
03794fbd-58db-4d28-840e-3cd8bc542218,Riya Patel,1982-06-08,Female,UAE,9103413707,National Gallery of Modern Art Delhi
23b9f596-7f7e-4ab9-8bde-d00750681be0,Arjun Verma,1964-12-27,Other,Canadian,9321058692,National Gallery of Modern Art Delhi
c2cae6c0-dda5-4a29-bcdf-c6cfa0636410,Neha Bansal,1982-04-18,Other,UAE,,National Gallery of Modern Art Delhi
3f52fb30-fa11-430e-b776-6a9457400bcf,Aryan Verma,2004-05-31,Female,German,9346914374,National Gallery of Modern Art Delhi
0a2b3db7-41cb-494d-ae31-9d64405b916e,Kavya Patel,1967-08-11,Female,Japanese,9125858844,National Gallery of Modern Art Delhi
0a1a886b-09a0-4d9c-9efa-7800370134de,Aisha Sharma,1987-05-23,Male,Japanese,9709535293,National Gallery of Modern Art Delhi
76285ef8-29b0-4423-8c65-2f575ba3dda0,Pooja Gupta,1998-06-29,Male,Canadian,,National Gallery of Modern Art Delhi
2dd6b9f8-6a3b-4665-bd26-c4f3b3e0cd24,Pooja Patel,1985-07-18,Female,Canadian,,National Gallery of Modern Art Delhi
34e4f62d-0a4e-40ff-a3f0-f8cb05482e07,Aisha Patel,1969-07-09,Male,Japanese,,National Gallery of Modern Art Delhi
e9b5a81b-bc1d-42a3-bf27-9d990ff1ac15,Aditya Bansal,1972-06-23,Male,American,9652656994,National Gallery of Modern Art Delhi
f525bff2-55af-45b1-a647-36462f2260f8,Pooja Bansal,1965-05-06,Other,German,,National Gallery of Modern Art Delhi
442369b1-6f49-4f67-9b8b-cfd114db8e70,Rahul Patel,2008-01-11,Other,German,,National Gallery of Modern Art Delhi
912c72d1-fa24-4f33-882b-ba71c5a386ed,Sneha Patel,1989-03-14,Other,Singaporean,9285019298,National Gallery of Modern Art Delhi
390415bb-e2ed-471f-b873-8b5e62fb5500,Sneha Mehta,1974-10-01,Male,French,9921706361,National Gallery of Modern Art Delhi
01d58c82-a849-4ded-adfa-8a8206ff2c61,Aryan Patel,1968-01-07,Other,German,9416393061,National Gallery of Modern Art Delhi
8158d019-ffcf-4dbf-b199-c851ad3a1282,Kavya Chopra,1960-08-31,Other,Indian,9160397760,National Gallery of Modern Art Delhi
9b227f72-894a-4f7a-84ef-fbd72328ca1d,Riya Singh,1990-11-25,Other,Indian,9932739374,National Gallery of Modern Art Delhi
c88f2e5a-672f-4dac-bafc-9ac5f430849f,Pooja Sharma,1970-10-20,Other,Canadian,9619700485,National Gallery of Modern Art Delhi
f20e261f-82a6-4714-9758-730431bd8a76,Meera Gupta,1993-09-20,Male,American,9438848021,National Gallery of Modern Art Delhi
5b86929a-a6d3-473b-8874-513913ac95ce,Riya Agarwal,1971-09-23,Male,American,9254806716,National Gallery of Modern Art Delhi
373f77e3-ef4e-482b-ba64-c3acc491d48c,Riya Singh,1970-02-18,Female,French,9567545479,National Gallery of Modern Art Delhi
2788fcd4-edf9-4277-b5e8-3c37c785f2ab,Neha Singh,1973-06-06,Female,British,9860995729,National Gallery of Modern Art Delhi
2f33eda5-1964-4c68-a551-f175effb9a92,Ishaan Kapoor,2003-02-08,Male,Japanese,9957691009,National Gallery of Modern Art Delhi
6d4bf842-ec6f-4416-be7b-6e971dd605df,Aarav Singh,2000-04-27,Other,Japanese,9562781931,National Gallery of Modern Art Delhi
8be16f95-f9e4-441e-98e0-879eac994512,Kavya Singh,1994-08-30,Male,German,9815136014,National Gallery of Modern Art Delhi
46e9cb87-22e3-44dc-b0d3-89335a3540fa,Ishaan Agarwal,1973-03-24,Male,French,9225280513,National Gallery of Modern Art Delhi
76dc5bad-3745-4d6d-8824-d4afc5087d92,Ira Chopra,1990-11-17,Female,French,9736007627,National Gallery of Modern Art Delhi
7def03c6-b4d5-4b35-8e43-a3abff69152a,Aisha Singh,1986-02-28,Male,German,9878856584,National Gallery of Modern Art Delhi
45f5b103-f167-44b1-b7d0-d7fbc1cb2433,Neha Kapoor,1967-09-18,Other,French,9181760232,National Gallery of Modern Art Delhi
fa64ca5c-ff9b-411c-8cbc-4b52e0d08367,Ananya Verma,1966-07-22,Male,UAE,9998127643,National Gallery of Modern Art Delhi
7b32f922-7ba6-4954-8903-83b2a315cd48,Sneha Sharma,1964-08-30,Other,Japanese,9919247619,National Gallery of Modern Art Delhi
a562688f-24fd-40ef-a658-742129387b37,Karan Sharma,1978-08-04,Female,Australian,9319121512,National Gallery of Modern Art Delhi
832f069d-f6a4-461e-9643-cdbd429675bc,Ishaan Mehta,1976-12-22,Male,Indian,9598686860,National Gallery of Modern Art Delhi
7b6b6838-2bf8-4f5f-81c3-447369bf3176,Rahul Patel,1985-05-14,Female,French,,National Gallery of Modern Art Delhi
1ed0a19c-cfe5-4155-a5ab-e86bba30d510,Kavya Patel,1984-08-16,Other,Canadian,9111124073,National Gallery of Modern Art Delhi
90be6675-b244-4cf4-8f62-456bd8b6a158,Rohan Mehta,1965-03-27,Male,American,,National Gallery of Modern Art Delhi
38716584-8d7a-4c2e-bc16-437cf3e5156f,Kavya Verma,2004-02-14,Female,German,9599041339,National Gallery of Modern Art Delhi
64e44f57-7dbb-44ce-88e1-2c143cd0078d,Arjun Kapoor,1978-02-16,Other,American,9549333987,National Gallery of Modern Art Delhi
732b522c-5037-4dce-bf81-91a1ed8b95f8,Priya Patel,2001-11-12,Female,Singaporean,9479742731,National Gallery of Modern Art Delhi
ba5e373a-3b9f-47a1-a26c-02b4747bcc51,Sneha Mehta,1994-11-05,Other,American,,National Gallery of Modern Art Delhi
0842fcea-eebf-4a0a-8bf9-0aeeb5d6e625,Aisha Singh,1979-10-07,Other,Singaporean,9491364794,National Gallery of Modern Art Delhi
b8e1b5dd-7033-487b-a4ca-fccde84e289f,Riya Agarwal,1974-02-14,Female,UAE,9834063955,National Gallery of Modern Art Delhi
b6157305-6047-49a8-933f-67b77ce430a4,Meera Gupta,1995-07-21,Other,Canadian,9933227904,National Gallery of Modern Art Delhi
53bc230e-78cb-4515-953a-9484f582e4cd,Rahul Singh,1995-11-03,Female,Australian,9510043575,National Gallery of Modern Art Delhi
94996357-78b7-4524-86aa-d6ad93a8cead,Vivaan Mehta,2013-10-02,Male,Singaporean,9494744354,National Gallery of Modern Art Delhi
e12ef44f-5bc4-445a-9e43-92912348a56f,Arjun Chopra,1966-03-22,Other,Canadian,,National Gallery of Modern Art Delhi
f32ab02c-efbf-42b4-a523-6fd6f35f71c2,Priya Mehta,2011-04-27,Male,German,9387559386,National Gallery of Modern Art Delhi
541be2ee-d337-4998-9a6f-95cf9e20c085,Kavya Kapoor,1969-01-29,Female,UAE,,National Gallery of Modern Art Delhi
3b9f2065-a797-4915-b989-43bdb06d9874,Meera Singh,1967-04-15,Female,Japanese,9637934318,National Gallery of Modern Art Delhi
6e626895-61cc-4491-a24a-8ed3a55add08,Rahul Sharma,1991-06-23,Other,American,9899251813,National Gallery of Modern Art Delhi
4f440441-c320-4410-9cc5-6a413cafee45,Kavya Singh,1985-05-20,Other,Japanese,9681623161,National Gallery of Modern Art Delhi
bc5f1495-4dfe-4884-a27b-a55d879957d8,Meera Gupta,2007-04-10,Female,Singaporean,9089458537,National Gallery of Modern Art Delhi
d422fb8c-cb4f-43c8-a00d-1314e01ccd27,Meera Verma,1994-11-18,Female,French,9482755821,National Gallery of Modern Art Delhi
14179551-9444-4e8a-bc74-a6394a11e86c,Aarav Mehta,1994-04-06,Male,Japanese,,National Gallery of Modern Art Delhi
d084f1d1-c367-457d-9237-86628323411e,Aditya Sharma,1971-08-21,Other,German,9568638738,National Gallery of Modern Art Delhi
74c2cbe4-eefc-489f-903e-c14736db531b,Meera Gupta,2010-05-27,Male,Japanese,,National Gallery of Modern Art Delhi
c56a764a-f676-44ea-a7dc-d272a4f249d7,Meera Agarwal,1980-05-15,Female,Australian,9798015386,National Gallery of Modern Art Delhi
f4a84fb0-2dec-4141-bc9f-50cfb6d61137,Ira Gupta,1973-12-06,Other,Australian,9978164341,National Gallery of Modern Art Delhi
ff1d3e7f-452f-48c3-979f-a78bd8e74cd1,Krishna Chopra,2013-10-27,Other,British,9670549532,National Gallery of Modern Art Delhi
51eda028-0303-46d1-b01b-38b0a7dc554c,Ishaan Agarwal,1963-05-03,Female,French,9839476052,National Gallery of Modern Art Delhi
afda6f46-c4e1-4e7e-a371-137f4446a726,Aisha Kapoor,1964-11-06,Female,Singaporean,9449265205,National Gallery of Modern Art Delhi
26050666-6bf1-49fd-b409-e6121b5cfcf4,Neha Mehta,1963-03-07,Other,UAE,9385739907,National Gallery of Modern Art Delhi
b6dbb46f-6d55-4183-84cc-9b4ded1a4b5a,Rohan Sharma,1993-07-10,Female,American,9365088933,National Gallery of Modern Art Delhi
3a687d6e-a9b1-4aaa-9134-c9e718d1e52a,Meera Bansal,1961-03-23,Other,Singaporean,9422945821,National Gallery of Modern Art Delhi
4c2a6121-c863-4d44-b82f-e9f2871a7180,Riya Bansal,1970-11-11,Other,Singaporean,9298354498,National Gallery of Modern Art Delhi
cc4e7f29-67ad-4b8a-bdc3-9c0879fd39bd,Krishna Sharma,1973-11-20,Male,French,9765402884,National Gallery of Modern Art Delhi
9aec3f82-f39c-46b4-84b7-93f9041895ac,Riya Mehta,1981-08-11,Other,Japanese,9074688368,National Gallery of Modern Art Delhi
c97ea386-e0f3-4245-a527-17c6f85c91b8,Ira Sharma,1979-07-19,Other,Japanese,9242068446,National Gallery of Modern Art Delhi
979f845b-616b-4b92-b431-d7c2eac0f69b,Rohan Singh,2007-08-20,Female,UAE,9265649047,National Gallery of Modern Art Delhi
06592e43-266a-4eed-81c2-d00ecc8a4a02,Krishna Singh,1993-11-02,Other,Canadian,9278569529,National Gallery of Modern Art Delhi
f9d4b86c-7726-4cf2-acf6-2570c24b7b1f,Aisha Kapoor,2009-06-04,Female,Indian,,National Gallery of Modern Art Delhi
7806e4b0-1d60-48fe-befd-97e1ae0bb374,Pooja Chopra,1961-01-27,Female,Indian,,National Gallery of Modern Art Delhi
d9f780db-89cc-4259-997a-15cfb2e848a7,Aarav Gupta,1975-02-05,Other,Singaporean,9260887246,National Gallery of Modern Art Delhi
b4f59f6b-c8fb-4c6e-bf69-0d15921ac094,Aryan Bansal,1961-09-04,Male,UAE,9949793480,National Gallery of Modern Art Delhi
b29c3e8b-c4da-4a4a-bf88-183d0eba2912,Aryan Singh,1969-05-06,Male,Japanese,9759160395,National Gallery of Modern Art Delhi
346f4425-80d6-46db-a8c5-c072da6acfe0,Kavya Chopra,1988-05-09,Male,Indian,9573615069,National Gallery of Modern Art Delhi
88f5ceca-f520-48b4-8c35-e98d120f9e34,Priya Verma,1988-07-13,Other,Australian,,National Gallery of Modern Art Delhi
f97409be-a477-4fd9-88bd-85da0f8fb844,Neha Sharma,2004-07-01,Other,American,9756208305,National Gallery of Modern Art Delhi
e55d5554-12cf-44f2-a021-9a46ca9d233e,Ananya Verma,1975-02-19,Other,Singaporean,9973388141,National Gallery of Modern Art Delhi
45287c56-7a90-497f-ad93-a579d477b013,Ira Chopra,1971-12-01,Other,American,9038535705,National Gallery of Modern Art Delhi
2d08d40f-59eb-4860-91ea-8bfa2e8c591d,Krishna Agarwal,2012-09-19,Other,Singaporean,9169291787,National Gallery of Modern Art Delhi
88a46d27-142d-4745-a5a1-3b46c207c2d9,Karan Agarwal,1984-01-01,Male,UAE,9694238222,National Gallery of Modern Art Delhi
3c3251cc-a8b7-442c-9396-c3a2733cc813,Ananya Patel,1977-01-08,Male,Japanese,9250432228,National Gallery of Modern Art Delhi
9f9f48ed-694a-49f0-8150-c0f141ada25d,Aisha Patel,2009-01-26,Female,Japanese,,National Gallery of Modern Art Delhi
47adc574-293e-444f-9b86-cf2058b6bc79,Arjun Sharma,1979-11-27,Male,Indian,9591639342,Red Fort Archaeological Museum
3a7f0ff9-a09d-4b39-a7d9-54e6062ff398,Karan Kapoor,2007-03-19,Other,British,,Red Fort Archaeological Museum
879300c4-3065-41c4-b075-05cb9b156762,Meera Bansal,1985-09-20,Male,Singaporean,9260627877,Red Fort Archaeological Museum
7b35cbea-c5bd-4ea6-99bf-174189399b5e,Neha Patel,2004-06-26,Other,Australian,9472342888,Red Fort Archaeological Museum
bc13e462-0d10-41b2-9c7d-b0e5cc608668,Riya Singh,1968-01-22,Female,Canadian,9270153994,Red Fort Archaeological Museum
2fbd1fa9-546d-4e4c-911b-10fc7bcfdd3d,Sneha Agarwal,1991-12-13,Female,French,9114717795,Red Fort Archaeological Museum
fc4de03f-3b16-453d-846d-7ecf5e79e026,Ananya Agarwal,1972-07-15,Other,American,9867462107,Red Fort Archaeological Museum
e5aa9f68-3b5f-4bf0-810f-9f0a33a47aec,Rohan Mehta,2008-01-27,Male,American,9391258738,Red Fort Archaeological Museum
0d4368ed-314f-4757-8369-2bd8062a8cdd,Vivaan Singh,2010-09-18,Male,German,9935327487,Red Fort Archaeological Museum
e1bda1b9-3835-4460-a42d-fab189816284,Kavya Kapoor,2013-09-10,Other,Canadian,,Red Fort Archaeological Museum
dfba9abe-db0c-4cc5-9df0-9514fa72b840,Arjun Kapoor,2007-04-12,Male,Indian,,Red Fort Archaeological Museum
2ade487b-f576-4ccb-bfd7-d568d00c434e,Aryan Chopra,1973-05-10,Other,Canadian,9540761919,Red Fort Archaeological Museum
3d839f41-46d3-466c-9701-a840f478d503,Aryan Agarwal,2003-11-29,Other,Singaporean,9204755474,Red Fort Archaeological Museum
fc72967f-7c3c-46a1-9d92-5f6f24f71a58,Rahul Mehta,2014-10-02,Other,Indian,,Red Fort Archaeological Museum
cee898aa-0afd-4de7-91b6-e0792d6b3309,Rohan Verma,2009-07-15,Male,Singaporean,9696646506,Red Fort Archaeological Museum
d3c29dee-3c9d-4154-ba7a-858ae8660ba3,Ananya Gupta,1993-02-14,Other,UAE,9539790051,Red Fort Archaeological Museum
cf7f1712-b6e9-4599-b238-8bf6ec02db2e,Riya Gupta,2014-10-21,Female,UAE,9327801276,Red Fort Archaeological Museum
31a1dc98-1edd-4519-b151-b24ea74380fd,Vivaan Chopra,1970-06-18,Male,UAE,9375167421,Red Fort Archaeological Museum
1dc00cfe-1e85-4280-a8fc-dbeab641476b,Rohan Singh,2011-05-26,Female,UAE,9839595232,Red Fort Archaeological Museum
329a5119-60e5-4e53-87ad-57f4d9c48eb6,Priya Patel,1964-07-23,Male,Singaporean,9603814330,Red Fort Archaeological Museum
ac56ba98-0521-43c4-9de8-7a4101d27207,Vivaan Chopra,2011-06-18,Female,Singaporean,9231906768,Red Fort Archaeological Museum
b7a61819-3091-42cb-8f3f-b01890103cb8,Aarav Chopra,1965-10-01,Male,German,9718172970,Red Fort Archaeological Museum
bb61685b-eed8-4e0e-b27a-ec25e2bef050,Aryan Chopra,2000-08-29,Male,Australian,,Red Fort Archaeological Museum
321f7d89-0b6f-479c-9343-9cb756b5dbae,Rohan Agarwal,2003-05-09,Male,Singaporean,9865471232,Red Fort Archaeological Museum
dc39ddd4-6c42-4e47-99f2-d385ed12aef7,Meera Patel,1991-02-26,Male,UAE,,Red Fort Archaeological Museum
2724ce5a-8bda-4c46-a450-a2831257478b,Krishna Chopra,1961-04-09,Female,British,,Red Fort Archaeological Museum
d18cbe39-142a-4bb8-a41b-3b22403cdd68,Neha Sharma,1991-08-03,Female,British,9685917330,Red Fort Archaeological Museum
eb9eb5cf-b0e4-470e-8229-96fd6bf3de64,Rahul Sharma,1998-04-09,Male,Japanese,9428457898,Red Fort Archaeological Museum
e1e58275-f497-4537-9a75-11447e6ce562,Ananya Mehta,1981-01-22,Male,British,9510195870,Red Fort Archaeological Museum
71918b85-f044-41a0-8729-4fd2b782cf56,Aryan Gupta,1964-01-26,Male,Singaporean,9127804473,Red Fort Archaeological Museum
76632b1c-b8f2-4f3a-b033-4dc66779b496,Rahul Mehta,2001-03-16,Other,German,,Red Fort Archaeological Museum
156461e3-5794-48bb-9ba6-51349a31ef7c,Riya Agarwal,2000-08-20,Other,British,9482254859,Red Fort Archaeological Museum
455065d2-abdc-452a-aa0d-2109f2653919,Ananya Gupta,1961-02-14,Other,Indian,9783461429,Red Fort Archaeological Museum
7422d574-3f23-4b0e-8550-e8d8ee40ac81,Karan Gupta,1970-06-11,Female,German,9816140623,Red Fort Archaeological Museum
8a5ab5a8-f303-414e-8f7c-5e7e52da2ea6,Rohan Mehta,1985-03-04,Female,German,9783638664,Red Fort Archaeological Museum
fca4fbbc-27c6-4455-bb45-16dac86c26a1,Kavya Sharma,2002-09-16,Male,German,,Red Fort Archaeological Museum
c958f54e-99ff-4e0f-aae3-3bbafd66f9f2,Priya Agarwal,1967-08-16,Female,Canadian,9118364177,Red Fort Archaeological Museum
edd5623e-d5a9-43be-a578-d45adc0b6827,Aisha Kapoor,2011-03-21,Male,Australian,9316145021,Red Fort Archaeological Museum
f4b88a84-3668-4e56-91bf-1d0c38ebac84,Pooja Gupta,1978-12-22,Male,Canadian,9479823685,Red Fort Archaeological Museum
a904800d-9904-413f-864b-e69cccad992b,Ira Kapoor,1967-03-27,Female,Australian,9197449748,Red Fort Archaeological Museum
d9ea8f7e-64bd-475d-9788-0f27151e59a8,Aarav Kapoor,1990-01-19,Female,British,,Red Fort Archaeological Museum
6399d5dd-6fe2-4e0f-b636-4808a01deb17,Krishna Patel,1961-04-26,Male,UAE,9115568840,Red Fort Archaeological Museum
061e5c3b-8af6-4889-a514-5439360ad79a,Kavya Verma,1983-05-09,Male,Canadian,9345231547,Red Fort Archaeological Museum
f30cbf18-1e90-42e7-9330-3bf75a7936cf,Neha Kapoor,2012-09-30,Male,Australian,9550639307,Red Fort Archaeological Museum
5c928806-8845-4e2a-8e03-4794b519821d,Riya Chopra,1982-08-20,Female,British,9898318585,Red Fort Archaeological Museum
5749d9da-90ee-404d-96fc-51d177cff3c9,Meera Singh,1973-04-30,Other,French,9677381263,Red Fort Archaeological Museum
08a51fd7-7b89-4d32-bc0f-689241261209,Aditya Agarwal,1975-09-26,Other,British,9538551825,Red Fort Archaeological Museum
7c3bd19a-9966-487a-abbd-f8733fe01358,Aditya Gupta,2009-05-24,Female,Australian,9299697302,Red Fort Archaeological Museum
39736631-d978-47c1-91bc-5560fb57c225,Rohan Verma,1966-07-18,Other,Canadian,9556928272,Red Fort Archaeological Museum
634095f1-a700-4927-81d9-f51ef1bb986c,Ira Chopra,1976-12-29,Female,UAE,9372304817,Red Fort Archaeological Museum
ac451203-a4b1-4920-9bcd-f6a1304d1247,Pooja Gupta,2010-10-19,Other,Indian,9364632273,Red Fort Archaeological Museum
dd55c3b6-c257-4d05-b9d3-1752598976da,Sneha Gupta,1987-09-29,Other,French,9859558712,Red Fort Archaeological Museum
eac1c30a-f215-49e2-aa4d-dd6f77e96b60,Aryan Sharma,2009-11-24,Female,Australian,9648539800,Red Fort Archaeological Museum
44dc1b08-0f14-4de0-bf8e-b5de788f5f6f,Kavya Bansal,2001-12-11,Other,Australian,9636550112,Red Fort Archaeological Museum
7be94562-1df1-478e-bea4-9283eb2bc974,Aditya Patel,2014-01-29,Male,Singaporean,9740420871,Red Fort Archaeological Museum
e8d2496f-15fd-4882-b42f-219874b7edd7,Riya Sharma,1966-12-28,Other,German,9624117902,Red Fort Archaeological Museum
e940fba1-4def-4449-ab19-8fd39e56b96d,Ishaan Verma,2002-07-16,Male,Japanese,9720568143,Red Fort Archaeological Museum
15033dc8-dc27-4f8d-80d4-a071e9a602b6,Aditya Verma,2000-02-21,Other,Singaporean,9434979306,Red Fort Archaeological Museum
1a0470c0-9ff6-4c18-9092-f30117bcf036,Aditya Gupta,1986-02-24,Other,Australian,9012603339,Red Fort Archaeological Museum
d603351f-8e57-4cef-9ab5-f315760f30d0,Neha Sharma,1986-04-15,Male,Singaporean,9779808381,Red Fort Archaeological Museum
3c318c2e-a361-42eb-b031-9aebbc6b6a69,Aisha Chopra,1969-10-28,Male,Indian,9958221714,Red Fort Archaeological Museum
2bd3c6ef-3db2-4483-af21-738b313b2bff,Ira Agarwal,1993-04-08,Female,Japanese,9262763743,Red Fort Archaeological Museum
8a36b40c-3651-43b6-aefe-ea7a43bee88a,Rahul Chopra,2010-05-16,Other,British,9753479135,Red Fort Archaeological Museum
9a66db73-4d64-4e77-9cf0-19ea7ade201a,Sneha Agarwal,1966-10-22,Other,British,9017763892,Red Fort Archaeological Museum
212d0fcf-5bf4-476f-ac98-ea0ec63b10fa,Arjun Bansal,2013-03-22,Female,Indian,9082738828,Red Fort Archaeological Museum
918e2392-da13-4ed1-97d7-b52e979742e6,Meera Gupta,1984-06-29,Male,Canadian,9219445207,Red Fort Archaeological Museum
5e8526d5-80e7-4fa0-b8c2-18362e0f822c,Riya Gupta,1997-10-04,Female,French,9651880915,Red Fort Archaeological Museum
d94cb327-7730-4d3f-bc59-3f8c2e8927ca,Riya Mehta,1986-07-23,Other,German,9950235099,Red Fort Archaeological Museum
9f6bebbe-0334-4d44-bb5f-49c4d99457d7,Rohan Singh,1978-06-14,Male,Singaporean,9610256423,Red Fort Archaeological Museum
9e2a6756-7cff-4417-b5f8-f0cba0d34c3b,Ishaan Bansal,2009-03-21,Female,American,9667642446,Red Fort Archaeological Museum
966d041d-db45-46eb-b34c-18b57150b188,Ishaan Agarwal,1968-08-27,Male,French,9455929838,Red Fort Archaeological Museum
5ac079b3-f790-4d06-836a-c38dc2df2213,Ishaan Patel,2009-05-26,Female,German,9559801793,Red Fort Archaeological Museum
eaa14568-40cb-46b3-959c-b320e72a68e8,Rohan Patel,1994-11-06,Male,Singaporean,9806888407,Red Fort Archaeological Museum
a4ef32d5-bd65-4e45-92f0-40e3997372e0,Rohan Kapoor,2010-08-15,Female,American,,Red Fort Archaeological Museum
be7e6313-6858-4568-81b3-cc48e741cfc0,Riya Sharma,1979-12-18,Female,Indian,9692050814,Red Fort Archaeological Museum
3298959d-c017-4afe-84c1-f072c7611ec3,Riya Bansal,1995-10-01,Female,German,,Red Fort Archaeological Museum
4ea349e7-fb1d-42b8-a9e7-069beeefd771,Rohan Sharma,1972-05-19,Female,Indian,9252463820,Red Fort Archaeological Museum
3579cd16-b8b4-4229-a6da-d0d8f7f1b818,Ishaan Sharma,1973-07-07,Female,British,9999670907,Red Fort Archaeological Museum
210b2da8-24f3-4253-8789-ec087c785dc5,Aryan Kapoor,1994-08-12,Male,Australian,,Red Fort Archaeological Museum
813dd281-4f45-45d7-a3c2-cfd54994990b,Rahul Verma,1980-06-17,Other,British,9938792208,Red Fort Archaeological Museum
7e66abc5-0030-4b22-968d-35991c2e5abf,Ira Sharma,1991-11-23,Other,Japanese,,Red Fort Archaeological Museum
1bbe055c-c667-4c44-b026-8993a7452160,Aisha Bansal,1978-06-29,Male,UAE,9696148041,Red Fort Archaeological Museum
2cc93916-37f2-40b2-b6cf-c9f21d7a23ad,Rahul Mehta,1982-02-03,Other,UAE,9332178584,Red Fort Archaeological Museum
430dad1a-cb9a-456b-9507-f6d595c04168,Kavya Agarwal,1979-09-15,Male,Canadian,9838329542,Red Fort Archaeological Museum
a92c1e08-8310-45d0-8af3-382edd54c274,Priya Singh,2007-09-08,Other,Australian,9199834895,Red Fort Archaeological Museum
9c952d06-99e5-40d5-8086-b6aabfa06e01,Priya Verma,2015-05-25,Male,British,9797037319,Red Fort Archaeological Museum
7120565e-85f6-4aba-9576-c27e9cccf3ad,Rahul Patel,1961-07-08,Female,Singaporean,9725354572,Red Fort Archaeological Museum
f14b9be9-98dc-4de8-8ada-cde9f56d3538,Vivaan Mehta,1960-08-08,Male,Japanese,,Red Fort Archaeological Museum
2d626caf-3b80-443b-b0fb-b8b82e19c7ed,Aditya Verma,2005-12-26,Other,German,9479531116,Red Fort Archaeological Museum
e0010da1-538f-46ad-8295-75d5569020f3,Aisha Singh,1971-08-18,Female,Australian,,Red Fort Archaeological Museum
b1e355d3-e2a4-4c8d-8ead-19f183bbcf5d,Riya Patel,1973-03-09,Female,Canadian,9521214251,Red Fort Archaeological Museum
da339076-fdae-4821-9f44-7c05427c3003,Ananya Agarwal,1962-01-13,Female,UAE,9717110383,Red Fort Archaeological Museum
e547cb2c-9637-4133-b539-d661873a2e6d,Riya Patel,1987-09-28,Other,Australian,9027449297,Red Fort Archaeological Museum
84af4b95-c1c4-4cc7-a455-d15fee8a4c4e,Vivaan Verma,1999-03-03,Other,UAE,9752130699,Red Fort Archaeological Museum
d14ed776-f430-4846-a199-b733dd4eb715,Ananya Sharma,1999-09-21,Other,Australian,9291990923,Red Fort Archaeological Museum
b6950760-f955-46f5-8c43-7a2d73b11236,Rahul Patel,1989-08-22,Other,Australian,9591982412,Red Fort Archaeological Museum
f60931b4-1b80-452b-a518-61110bf94819,Arjun Mehta,1997-02-12,Male,Canadian,,Red Fort Archaeological Museum
aed9a3b3-0735-4239-937e-d7c3688f1081,Arjun Gupta,1991-05-08,Male,French,9075366482,Red Fort Archaeological Museum
3b4d9be8-0342-45e1-9e73-2d5d27e30adb,Meera Sharma,1983-09-30,Male,Singaporean,,Red Fort Archaeological Museum
9834a352-d61e-4f34-b570-229ff2495082,Ishaan Gupta,1967-04-02,Male,Japanese,9040754898,Red Fort Archaeological Museum
5a24c76a-fb71-4daa-9aec-16869998a3c8,Aisha Verma,1992-10-18,Other,British,9358473481,Red Fort Archaeological Museum
127c4c12-797a-4e2f-9db2-0084e044c6fd,Pooja Sharma,2005-07-27,Other,German,9087395133,Red Fort Archaeological Museum
388298db-940d-41c2-b238-41da605a6d2a,Meera Agarwal,1964-07-02,Female,Indian,9049598117,Red Fort Archaeological Museum
4a88f2a5-f98d-4db0-bfd0-a3eacc0ef098,Karan Bansal,1964-09-08,Male,German,9990296823,Red Fort Archaeological Museum
2e5685d8-bbe6-4f5d-8b19-8897981d8887,Meera Bansal,1962-08-19,Male,Singaporean,,Red Fort Archaeological Museum
7ff4f223-243b-4879-bce0-43051e3a9164,Pooja Agarwal,1974-01-01,Other,Japanese,9692088404,Red Fort Archaeological Museum
8ccfdd61-b652-498f-bb91-a4e8ba1b604b,Aryan Agarwal,1965-02-21,Male,UAE,,Red Fort Archaeological Museum
702385ba-3224-4ab3-90ef-c4e48e750ec7,Meera Mehta,2010-06-05,Other,Singaporean,9873374944,Red Fort Archaeological Museum
6ff194d8-2dd3-4596-a1f5-b3ed7070057e,Aditya Gupta,1982-06-04,Other,German,,Red Fort Archaeological Museum
f01a2273-0c4e-479c-af74-428cb86939bb,Karan Sharma,1982-01-22,Female,German,9364993232,Red Fort Archaeological Museum
e12e36b3-68bf-46e3-9270-4b39ecae2e4e,Karan Patel,2009-07-08,Male,British,9289698608,Red Fort Archaeological Museum
e112d69c-4c34-4b18-a85d-30020c98b455,Riya Kapoor,2013-02-09,Other,UAE,9218622073,Red Fort Archaeological Museum
3f3aa481-f3aa-4538-8e28-ab0efc340156,Vivaan Kapoor,1975-03-10,Other,Canadian,,Red Fort Archaeological Museum
74a095ac-a909-4af1-9110-fff9fbde220a,Aditya Sharma,1991-01-16,Other,Singaporean,9080962495,Red Fort Archaeological Museum
6c3cdfd6-351e-4c67-accf-dbc810173547,Aarav Agarwal,1960-03-19,Other,British,9936706683,Red Fort Archaeological Museum
14dafb05-3251-4f3c-a3bd-aaacd6ef90fd,Sneha Mehta,2006-09-14,Male,Australian,9358290001,Red Fort Archaeological Museum
0756d340-f438-4a6f-b403-4bd1a4f5fb31,Rahul Mehta,1983-09-07,Male,American,,Red Fort Archaeological Museum
4f2609e2-c31b-482a-abc0-abde81ce732f,Rohan Sharma,1988-10-11,Male,American,9124540677,Red Fort Archaeological Museum
036304fc-1458-4812-a2c5-03d43a1608c6,Rohan Verma,1986-03-26,Female,Indian,9619605534,Red Fort Archaeological Museum
42792b94-ce20-4eb5-b884-7c9d411ef151,Ira Chopra,1979-03-29,Other,French,9740299270,Red Fort Archaeological Museum
24b700c6-9737-4bec-abdc-2ed25349907d,Kavya Chopra,1967-02-14,Male,Canadian,9004307970,Red Fort Archaeological Museum
edd21f87-1e75-4dad-8ffb-cd507061e90b,Rohan Patel,1992-09-12,Other,Indian,9764480372,Red Fort Archaeological Museum
f4a98f63-54d7-4acd-a7f6-6d8dcadda95d,Rohan Kapoor,1976-11-12,Other,American,9781902398,Red Fort Archaeological Museum
1a5d94dc-c57c-4cec-b968-90fe91b4f38e,Aarav Agarwal,1983-02-19,Other,Canadian,9749605000,Red Fort Archaeological Museum
1ab93544-6fc6-437d-9284-05af35723f79,Aisha Singh,1983-11-05,Other,UAE,9242589646,Red Fort Archaeological Museum
f688bf09-41eb-4bf0-9762-1a2f35bc7b3f,Aarav Bansal,2008-10-20,Female,French,9155491236,Red Fort Archaeological Museum
bf949d81-dd79-4027-abd4-b926a1f91255,Meera Sharma,1978-11-19,Male,French,9535913894,Red Fort Archaeological Museum
9afcaeb6-7a70-4966-885f-c757ab8be453,Riya Bansal,2007-02-15,Male,British,9488450909,Red Fort Archaeological Museum
3e0bba62-e52c-4739-a030-a9dc3867a762,Karan Gupta,1995-08-13,Female,German,9719605222,Red Fort Archaeological Museum
073bc602-ae2d-4594-b810-18e9e2656df7,Karan Bansal,1986-09-18,Male,Indian,9417281134,Red Fort Archaeological Museum
286c2534-a0f1-4db6-bab4-9b12cea839c9,Neha Singh,1990-03-24,Other,Australian,9215741737,Red Fort Archaeological Museum
e4ec45c3-35f9-45d5-8292-fcacdd21d7e3,Krishna Agarwal,2011-11-20,Female,UAE,9945449386,Red Fort Archaeological Museum
7e900093-5526-4347-8082-be8bfdb91263,Meera Mehta,1969-04-04,Other,UAE,9613377172,Red Fort Archaeological Museum
d2fdc9ce-be2e-4558-98d9-19034867ee95,Aryan Bansal,1968-11-07,Female,British,9960136038,Red Fort Archaeological Museum
7b039495-05e2-4586-a240-331ba6041226,Kavya Verma,2000-08-10,Male,Canadian,9966603533,Red Fort Archaeological Museum
343d6fcc-c9db-48de-95d7-29a670b0f1fc,Karan Patel,1975-03-03,Female,Australian,9563719887,Red Fort Archaeological Museum
2e79b585-7444-467c-a1e8-dcc6d4763c64,Karan Sharma,1972-01-04,Female,American,9236274002,Red Fort Archaeological Museum
56ce1fc1-9115-4625-a429-d10384e2e6c0,Aarav Singh,1981-03-18,Female,Indian,9676794144,Red Fort Archaeological Museum
77c106a3-f10d-4305-b693-cefb121d5595,Ishaan Chopra,1984-02-10,Male,Japanese,9587525938,Red Fort Archaeological Museum
e0169cb3-bbf3-4690-8d57-d45008a2be25,Aryan Kapoor,2004-02-25,Male,Australian,9408903013,Red Fort Archaeological Museum
4938b867-e606-43b2-8a34-0333d21e48ac,Aarav Gupta,1993-09-01,Male,Singaporean,9855750424,Red Fort Archaeological Museum
9f163e0a-40a3-44c4-bcf7-1bcb4415f9ce,Vivaan Gupta,1989-09-30,Female,UAE,9971104554,Red Fort Archaeological Museum
8dd0de61-543f-4b8e-afce-3c7f7def3a36,Rahul Gupta,1987-05-10,Female,Canadian,9795143264,Red Fort Archaeological Museum
6924457e-870c-4210-b7ed-05337102d955,Arjun Sharma,1981-02-14,Male,British,9721811982,Red Fort Archaeological Museum
9e93df6e-1ab9-43fc-86db-34f7f9033b83,Pooja Gupta,2010-07-13,Male,UAE,9003651591,Red Fort Archaeological Museum
7473f998-2183-4673-81d3-b5630cb23543,Aisha Singh,2007-04-30,Other,German,9168764017,Red Fort Archaeological Museum
34cbf30f-8a83-40d3-afdf-2f36dbd8b9fb,Sneha Patel,1966-02-27,Other,French,,Red Fort Archaeological Museum
6b7a37d0-bbb1-427b-82c8-60622097dd8a,Sneha Bansal,1989-07-02,Male,Australian,9283571130,Red Fort Archaeological Museum
626535e0-cdb9-444f-aa63-ef39bd7d1a19,Pooja Sharma,1964-12-10,Female,Australian,9331361962,Red Fort Archaeological Museum
9ee7f90e-4e25-4f45-b8d1-011487d989ca,Pooja Bansal,1999-01-02,Male,French,9468045412,Red Fort Archaeological Museum
3dc8f6bd-74ce-46b9-9382-2095a4339bd4,Rahul Verma,1993-11-23,Female,Singaporean,9610569434,Red Fort Archaeological Museum
1b6e5d70-198e-45dc-879f-14459edbd664,Aisha Verma,1976-11-08,Other,Singaporean,9028165451,Red Fort Archaeological Museum
eeb2458a-0800-42e9-b506-db1b5969a913,Neha Bansal,2002-10-29,Other,Singaporean,9340029226,Red Fort Archaeological Museum
52c26b5e-4a91-42fa-8629-903fb333eb3e,Pooja Patel,1986-08-12,Female,American,9965474519,Red Fort Archaeological Museum
ef58c7df-9511-474d-b7f8-d6920912f110,Arjun Bansal,1995-02-01,Female,French,9174149268,Red Fort Archaeological Museum
37c72f01-0582-4483-a671-582a655e6c30,Kavya Bansal,1965-03-13,Other,Canadian,9072741767,Red Fort Archaeological Museum
bcf3c9b1-84e9-4c22-894f-ac12e30475f9,Neha Verma,1993-02-15,Male,Canadian,9836106120,Red Fort Archaeological Museum
01047bdb-61e2-4da1-b759-4aae2408b97e,Kavya Singh,1997-09-08,Male,Japanese,9608486847,Red Fort Archaeological Museum
4d356c19-5e52-4fc4-bdc0-f191dbe5773d,Rahul Verma,1965-01-11,Male,American,9835964873,Red Fort Archaeological Museum
2ac3940c-eb7c-4e2c-a80b-3ef2c4dfc9f0,Aisha Mehta,1988-05-17,Other,British,,Red Fort Archaeological Museum
fc185b5f-bc6a-476e-a132-262c66ac31f6,Arjun Verma,1975-04-02,Other,American,,Red Fort Archaeological Museum
60883dea-c4c7-48cb-a7d6-b13bf8a1b03e,Ira Singh,2011-02-02,Male,Indian,9394965034,Red Fort Archaeological Museum
078be46d-3f4c-4571-aadc-6e816b2fe8e5,Pooja Kapoor,1980-10-09,Other,German,9582610693,Red Fort Archaeological Museum
fe1ab679-4e8d-4c34-bd85-bc537e4a2453,Sneha Bansal,1974-01-30,Male,Australian,,Red Fort Archaeological Museum
71952519-93ee-44cb-b39d-8165ec4b0c19,Sneha Agarwal,1970-06-21,Other,American,9611048246,Red Fort Archaeological Museum
81907caf-ba22-423b-9ce7-3ffe1503d790,Rohan Mehta,1991-07-14,Other,French,9693428262,Red Fort Archaeological Museum
27c103f3-a114-4320-88f1-a6bf29b4dedd,Ananya Kapoor,1962-11-08,Other,British,,Red Fort Archaeological Museum
5fe71177-ca91-45c2-8fe9-e95822fa5a2d,Riya Bansal,1990-07-16,Female,Indian,9356535748,Red Fort Archaeological Museum
4c959ddf-54d2-44af-8030-3f63a5ced06c,Krishna Bansal,1964-04-10,Male,Australian,9409118839,Red Fort Archaeological Museum
f64561c1-02f3-481d-87ef-48d29c67674d,Krishna Verma,1993-04-19,Male,Australian,9711071130,Red Fort Archaeological Museum
9f0dd506-89c3-4f86-81d2-aa2f710a55d1,Krishna Bansal,1987-12-18,Other,Singaporean,9084048968,Red Fort Archaeological Museum
f3224438-b10b-42db-bd45-8a06d09aabc9,Krishna Singh,2015-02-22,Other,American,9729020014,Red Fort Archaeological Museum
cd06e5df-9a23-4ef5-8a22-8f5683c54d93,Riya Sharma,2009-10-27,Other,British,9769974450,Red Fort Archaeological Museum
0e8933c6-f428-471a-b33e-3740dc808877,Ishaan Patel,1961-12-23,Male,UAE,9502248710,Red Fort Archaeological Museum
709fac6d-7173-4639-b1b2-8134751f5b2b,Ishaan Bansal,1974-09-07,Male,UAE,,Red Fort Archaeological Museum
d5629416-cb99-4fe8-a81f-53036e57fa4a,Aisha Sharma,1966-03-09,Other,Australian,9391493505,Red Fort Archaeological Museum
6f9a4bbc-933f-4e19-9232-2768944947e6,Sneha Chopra,1995-04-29,Female,British,9922414022,Red Fort Archaeological Museum
f3cc2c41-7b47-413e-9c8a-ae15a4764b1f,Ira Agarwal,2004-03-21,Other,French,,Red Fort Archaeological Museum
43ab04ae-1eb4-4bef-9edf-74ac36553f95,Vivaan Singh,1979-09-16,Male,American,9106104910,Red Fort Archaeological Museum
c8291a8a-a40c-4552-91ae-ee674b4b3774,Priya Mehta,1982-11-09,Other,Canadian,9864974510,Red Fort Archaeological Museum
c7f2b3e1-dc14-46d5-9f91-a6b4956df6f3,Kavya Patel,1991-08-18,Other,Indian,,Red Fort Archaeological Museum
fff6f0fc-e5fe-4942-9188-109d18f1075f,Krishna Agarwal,1976-07-24,Other,Australian,9444918599,Red Fort Archaeological Museum
15de67ff-ea77-45fe-8cb4-bd493e022aa6,Ira Patel,1985-04-07,Other,French,9963489148,Red Fort Archaeological Museum
d7e91259-2007-467a-996a-2527d80e6281,Priya Sharma,2007-06-18,Female,American,9434607360,Red Fort Archaeological Museum
4e320b15-dea3-4b1c-aaa3-f6ac06709e64,Meera Verma,1995-07-20,Female,German,9669984144,Red Fort Archaeological Museum
8bd03f77-c373-46e7-812c-5e16da539529,Pooja Gupta,1991-06-25,Other,British,9696045886,Red Fort Archaeological Museum
663f4a8a-dcd4-44d7-81c0-f609689716a2,Ira Verma,1977-02-20,Other,American,9592636696,Red Fort Archaeological Museum
48e95c67-c771-4cec-9fd5-2af1d5ff24f9,Aryan Chopra,1995-02-10,Other,Japanese,,Red Fort Archaeological Museum
81f275bd-810b-4b05-952a-c5a5819ac705,Aisha Sharma,1986-08-15,Other,German,9747709263,Red Fort Archaeological Museum
e3e028b4-d9f7-4cfa-93d0-ce87f96d7844,Rahul Patel,1993-07-30,Female,Canadian,9948517672,Red Fort Archaeological Museum
8c29ff2c-eb98-48e8-b698-ddce3c79a7c0,Aditya Agarwal,1981-04-07,Female,UAE,9548202331,Red Fort Archaeological Museum
55050ad3-a47a-4f0c-8b5d-4f24e53a6559,Aditya Agarwal,2008-01-04,Other,Canadian,9898399652,Red Fort Archaeological Museum
fde69a84-0dfa-4215-93f6-2c341cb57acc,Karan Singh,1999-06-12,Male,Indian,9887788831,Red Fort Archaeological Museum
54fdd310-5224-4d54-bb02-d5ec36af6ed1,Pooja Mehta,1965-06-11,Other,Canadian,9958921984,Red Fort Archaeological Museum
67ba3afd-9a3b-444e-ad78-1103280f958a,Rahul Sharma,2010-08-10,Male,Australian,9199971205,Red Fort Archaeological Museum
14607523-ea2a-49c8-8755-f8d4ddf1cbe9,Ananya Kapoor,2007-05-02,Other,Japanese,9118534897,Red Fort Archaeological Museum
73fd039a-4cb6-4e48-a2de-87b0daca8e43,Meera Verma,1992-07-17,Female,French,9261320755,Red Fort Archaeological Museum
0956e286-2bc4-478e-a1cc-de83b1fb1d38,Pooja Verma,1996-04-20,Other,American,,Red Fort Archaeological Museum
fa16e1e0-6b48-4233-bf57-b0dcaac27fc6,Neha Agarwal,1981-05-30,Female,UAE,9623154162,Red Fort Archaeological Museum
1a2e1106-a0e5-49ef-950f-116a5dad6d4b,Karan Patel,1987-02-20,Male,Canadian,9279939136,Red Fort Archaeological Museum
4f14b194-2dcf-4b67-871c-f3cd6556c216,Priya Bansal,1961-02-19,Female,Indian,9814068317,Red Fort Archaeological Museum
e5ee7762-00e6-4080-9a12-30eb08c7f06c,Ira Verma,1994-06-13,Male,UAE,,Red Fort Archaeological Museum
dfe5344a-20fc-4589-aaa3-6c5f04096718,Priya Mehta,1997-11-25,Male,Australian,9824311042,Red Fort Archaeological Museum
2657d172-1cc5-4b53-8560-86f8a128a86f,Rohan Bansal,2012-06-15,Male,Canadian,9949815941,Red Fort Archaeological Museum
3a0a6a61-a777-4a4b-97da-42da36e26139,Pooja Singh,2013-04-30,Female,Australian,9296447731,Red Fort Archaeological Museum
91e67b6f-458a-4bfe-8878-e6b0372ea114,Meera Verma,1997-08-07,Male,Singaporean,9874057292,Red Fort Archaeological Museum
9ca9e9cc-b191-4925-9913-ba41cf5e5b34,Karan Sharma,2004-11-09,Other,French,9415037055,Red Fort Archaeological Museum
28f0c67b-5dcd-4db0-a25f-f575a8e09090,Karan Singh,1977-05-26,Other,British,9375666857,Red Fort Archaeological Museum
955ab587-0dd1-403b-a084-cca5cedcbda0,Priya Verma,1960-05-09,Male,Canadian,9937437487,Red Fort Archaeological Museum
b69e436c-e57e-4b4b-812e-c271ac6f49a1,Ananya Verma,2000-02-29,Other,UAE,9050986713,Red Fort Archaeological Museum
cd8c0b83-e27f-4ae1-aca0-b7778e99508b,Rahul Agarwal,2005-08-03,Female,UAE,9689333041,Red Fort Archaeological Museum
12646fc5-8907-44b7-a892-2a1b36912f63,Priya Chopra,1994-04-07,Male,German,9173564294,Red Fort Archaeological Museum
30d50909-83dd-432b-9e63-6e22fa2726de,Kavya Mehta,1997-08-06,Female,French,9266365105,Red Fort Archaeological Museum
84b7f80c-02ed-4bcb-a019-46ce6a3c09ca,Karan Mehta,1994-12-20,Female,French,9285089569,Red Fort Archaeological Museum
8f3e729b-73f3-408b-86ed-d2c0cf276a1a,Kavya Kapoor,1979-06-01,Female,French,9984637233,Red Fort Archaeological Museum
3ecc387d-c93f-4ae3-93cb-795a98d55783,Vivaan Bansal,1969-01-04,Male,French,,Red Fort Archaeological Museum
80949aa5-cc39-42bb-875a-0acd0b02d63c,Aarav Patel,1971-02-06,Female,Indian,9998258342,Red Fort Archaeological Museum
18512d44-13d2-46e4-bb6a-2ccf9baa5089,Kavya Agarwal,1998-01-08,Female,French,9442524475,Red Fort Archaeological Museum
159c8654-d4fa-43ba-b0d7-11142270309b,Meera Agarwal,1990-01-07,Female,British,9770751995,Red Fort Archaeological Museum
21eb303c-330e-42ea-b773-cff53988a8e7,Ira Patel,2012-08-10,Female,French,9865388263,Red Fort Archaeological Museum
06cfb014-3654-4d88-95d2-bb15c1f3ffaf,Aisha Gupta,1968-12-13,Other,German,9175150694,Red Fort Archaeological Museum
b5010f0c-d709-44d2-9aba-cb824535de42,Pooja Verma,1997-12-12,Male,Singaporean,9002156531,Red Fort Archaeological Museum
17939462-4a10-4d25-bfd5-1541dba870ff,Rohan Kapoor,1980-02-07,Female,Canadian,9308015601,Red Fort Archaeological Museum
93ba2e6b-8df8-4900-8f49-e665df4e8e15,Rohan Agarwal,1999-05-08,Other,German,9704636026,Red Fort Archaeological Museum
6e180f14-a4c1-474f-afcc-ccf6cf54736c,Priya Kapoor,1992-05-06,Male,Canadian,9994439122,Red Fort Archaeological Museum
cfae4564-3388-4906-84f4-195edd4dcf2e,Riya Gupta,1998-04-02,Female,American,9814246410,Red Fort Archaeological Museum
86b482de-6699-4169-8662-a37ad03773cb,Rohan Bansal,1998-12-13,Other,German,,Red Fort Archaeological Museum
e8e041d2-49a0-4dc5-95d4-122ba85feb87,Karan Gupta,1964-05-02,Male,German,,Red Fort Archaeological Museum
fd931604-7aa2-4c7a-9495-2ac4766a3dcd,Ira Sharma,1961-09-07,Other,Indian,9798932421,Red Fort Archaeological Museum
6aa2da23-7e2a-4729-ad49-79899497a854,Priya Patel,2008-09-01,Male,American,9207608128,Red Fort Archaeological Museum
0a96ab2c-2847-4ff5-9140-57e7b789b2d5,Aisha Kapoor,1989-08-15,Other,UAE,9847720715,Red Fort Archaeological Museum
74b8fff7-e7fe-4d56-9095-5dbee3dc2428,Meera Agarwal,1970-04-18,Male,Indian,9566545038,Red Fort Archaeological Museum
1bed10e3-595f-48ac-ae6f-1966191043eb,Ananya Sharma,1991-06-30,Other,French,9766063530,Red Fort Archaeological Museum
8a978a7c-4f1f-4685-a0a5-a8fe4444d6b8,Krishna Bansal,2011-03-20,Other,Indian,9960268435,Red Fort Archaeological Museum
d25d92ab-dd74-499a-90a4-9af6f285f7b0,Priya Mehta,2012-02-25,Male,Japanese,9218232964,Red Fort Archaeological Museum
8aea1565-354d-47c9-a81e-fd5cc96c72ac,Pooja Kapoor,2013-08-18,Male,Singaporean,9158290786,Red Fort Archaeological Museum
87e21ec9-7972-4520-a8b7-42933b2df1ac,Neha Mehta,1967-07-03,Male,Japanese,9304834971,Red Fort Archaeological Museum
7528ff23-a525-47c0-981d-bf1eec012b96,Ishaan Singh,1964-05-10,Male,Australian,,Red Fort Archaeological Museum
a95fc791-5a2d-48c1-a4ed-8f855a047206,Ishaan Patel,1984-03-21,Other,UAE,9720347852,Red Fort Archaeological Museum
5ad7e5b3-b1e3-4c37-9c3a-d53d10473065,Priya Patel,1966-11-27,Female,British,,Red Fort Archaeological Museum
226e5250-23ef-4ab0-8445-99ab95db6aee,Aryan Sharma,2004-12-28,Male,German,9178275572,Red Fort Archaeological Museum
63af64e6-0a8a-4517-a885-f838eabc61db,Riya Verma,1970-03-23,Male,British,,Red Fort Archaeological Museum
23bbdf2d-f91a-414a-b90c-eae95a0a7791,Neha Agarwal,1972-07-18,Male,Singaporean,,Red Fort Archaeological Museum
f80c0a6f-b8b7-4db8-9fa1-681408fb7fca,Aryan Verma,1968-12-30,Male,American,9755675069,Red Fort Archaeological Museum
795138d8-d52c-4d01-bb65-3bb6c08edfd6,Ishaan Verma,1973-05-28,Other,Singaporean,9915031960,Red Fort Archaeological Museum
8f000b13-3be1-4291-8369-e4d338f328b8,Ishaan Singh,1997-03-11,Female,Canadian,9470475668,Red Fort Archaeological Museum
3e42e3ee-bd04-4d35-8385-d2cd8f4ecd72,Aarav Patel,1970-10-10,Male,British,9544033288,Red Fort Archaeological Museum
1be74761-df27-44f4-b907-af1c9c5997d7,Rohan Verma,1984-12-13,Other,Japanese,9776612252,Red Fort Archaeological Museum
c9f65beb-b519-4359-b8bf-b48201c20735,Aarav Patel,2002-10-17,Male,Canadian,9093430668,Red Fort Archaeological Museum
374fb0cb-8aa6-4c32-baea-beec5d1c7802,Krishna Kapoor,1979-02-09,Other,Singaporean,9211734589,Red Fort Archaeological Museum
d27b34a4-4377-4388-99a8-1481e3b72566,Aditya Gupta,2005-10-31,Other,German,,Red Fort Archaeological Museum
d04fbe5f-2f1e-4f6d-ae7c-710b75da6a2b,Pooja Mehta,1990-02-02,Female,Australian,,Red Fort Archaeological Museum
4850f8f8-c9ea-46fd-96a6-595fd36d8386,Neha Agarwal,1974-01-25,Female,German,9707469786,Red Fort Archaeological Museum
3e71c55b-a7f4-46d9-9186-229fb4fa5b6b,Priya Kapoor,1990-12-30,Other,German,9370280153,Red Fort Archaeological Museum
2747c551-39b1-4e47-8da6-b052939d75f4,Sneha Gupta,2011-04-21,Male,Indian,9377437326,Red Fort Archaeological Museum
cf546a13-82a6-48c1-b6b8-cc7d8bfa7e78,Aisha Chopra,1987-08-06,Male,Indian,9660846101,Red Fort Archaeological Museum
f3696580-096b-4b3b-92c5-1622b337dab5,Riya Agarwal,1981-06-24,Other,Indian,9947248829,Red Fort Archaeological Museum
3f81b178-e2ae-461c-a2da-1508134cd266,Neha Agarwal,1962-01-31,Male,Japanese,9056738790,Red Fort Archaeological Museum
23f7f500-8f72-48c1-8d6e-fe0d8b473f26,Pooja Mehta,1986-01-07,Male,German,9257298521,Red Fort Archaeological Museum
28013310-86fb-4bca-8630-d47f9e7f33b2,Meera Bansal,1965-12-05,Other,French,9612522486,Red Fort Archaeological Museum
0ab5e1b3-eb6a-468d-88be-522d3e60ea31,Aditya Singh,1993-11-14,Male,German,9268572928,Red Fort Archaeological Museum
60fb1849-b4d2-461a-989b-861ec0599007,Ananya Chopra,1980-02-01,Female,French,9346471370,Red Fort Archaeological Museum
d4d6f44a-d745-4d95-8d69-c3082f889a3c,Ira Patel,1967-02-19,Other,German,9773071466,Red Fort Archaeological Museum
5823bfde-4536-4c4f-a594-9e4c418a1860,Vivaan Chopra,1987-02-23,Male,Australian,9425164624,Red Fort Archaeological Museum
95f3124a-4a36-43df-b0b0-8cca236ebd74,Karan Agarwal,1991-05-27,Other,Singaporean,9611953056,Red Fort Archaeological Museum
3f7aa9b6-a714-4834-8eb5-17b32a76e914,Ira Patel,2006-04-05,Female,Indian,9191314786,Red Fort Archaeological Museum
b2737384-a4d7-45c9-be55-480a225d32b3,Meera Mehta,2002-02-27,Female,American,,Red Fort Archaeological Museum
ca310264-eb62-4c83-9abb-6c2725ebe7d0,Priya Verma,1985-08-31,Other,British,9907780014,Red Fort Archaeological Museum
8421851e-70ea-4d55-a508-47eac64bb2de,Vivaan Agarwal,1990-08-03,Female,Singaporean,9520089791,Red Fort Archaeological Museum
b4f39342-3323-4d07-b02a-35fd79b13dde,Karan Bansal,1966-08-06,Female,American,,Red Fort Archaeological Museum
4767e438-f4b3-42ea-8d16-cfb328a95f51,Sneha Bansal,1965-08-04,Female,Japanese,,Red Fort Archaeological Museum
9c531aac-81a4-49b8-b122-7a7600394c1b,Krishna Gupta,1996-07-18,Other,British,9884135726,Red Fort Archaeological Museum
a17e493b-c1d9-4fe8-8a6f-6b597841a9ac,Aryan Singh,1993-02-25,Other,American,,Red Fort Archaeological Museum
7e09113e-62fd-43ab-a517-7278fa8f2758,Karan Verma,1996-12-02,Male,American,9057816270,Red Fort Archaeological Museum
dd644c55-7ea3-41f1-9f6a-071a274837d1,Aarav Kapoor,2014-12-07,Female,British,9490311292,Red Fort Archaeological Museum
91e798e5-a2aa-4d78-9f3b-d8209b796472,Ira Bansal,2008-04-16,Female,British,9501071144,Red Fort Archaeological Museum
fef1633f-a46e-40c4-ae9e-828990e22063,Meera Sharma,1966-06-06,Female,French,9936102471,Red Fort Archaeological Museum
31f9f896-feba-4cea-b63e-c894b3dd2bc8,Aarav Gupta,1976-06-14,Female,Japanese,9398570397,Red Fort Archaeological Museum
09cd8e10-2364-46bf-b568-f5acb4db8a2f,Ira Mehta,1961-10-28,Male,Australian,9539561335,Red Fort Archaeological Museum
7c231cf2-4697-4a3d-9d96-5f8d23aa0047,Neha Agarwal,1984-12-31,Other,Singaporean,9709726592,Red Fort Archaeological Museum
c0d3abbf-efbc-46fe-9aec-8e31032a1465,Krishna Patel,1988-09-02,Male,Indian,,Red Fort Archaeological Museum
a83dd427-dc05-41db-b579-48bc2fdb966a,Ira Sharma,1993-04-05,Female,Japanese,9200503788,Red Fort Archaeological Museum
1a29f51d-7ecf-43f9-83d2-b6af93f4dc29,Aarav Patel,1962-12-16,Other,Indian,9863387006,Red Fort Archaeological Museum
3714ae59-bee7-4065-9ef6-f9df6dedba8c,Karan Mehta,1963-01-28,Female,American,,Red Fort Archaeological Museum
1a4200b5-807f-4eab-9a78-4761255d7e2a,Priya Bansal,2011-05-28,Male,Canadian,9265039474,Red Fort Archaeological Museum
f4be562a-2737-4d2a-ad21-899a71e574ed,Rohan Agarwal,1978-08-06,Female,UAE,9330215529,Red Fort Archaeological Museum
5e5aa7d4-b200-4229-a6f6-6ee06eca73a2,Ananya Gupta,2006-08-02,Female,Japanese,9708537592,Red Fort Archaeological Museum
b4f7d4cc-57c2-4203-aa58-d184bb30042a,Rahul Sharma,1976-05-21,Female,American,9762333454,Red Fort Archaeological Museum
338b47c9-6b32-41d5-baa9-c8a6c6821b87,Aryan Sharma,2000-06-16,Other,French,9504362936,Red Fort Archaeological Museum
41f846de-6ff3-4976-8227-f1006821f63b,Aarav Mehta,1963-09-03,Female,Australian,,Red Fort Archaeological Museum
7334c89c-9e1f-4b8c-8081-00f208ab06bb,Neha Mehta,1994-01-03,Female,Canadian,9570978723,Red Fort Archaeological Museum
9f2fbd63-91a1-4c83-825c-bff6370590ec,Rohan Verma,1975-11-12,Male,German,9104654030,Red Fort Archaeological Museum
2ef35b4c-b939-4da5-9d89-1dce7467feb2,Aisha Mehta,1968-03-26,Male,American,9570975551,Red Fort Archaeological Museum
eda8f677-33b3-42e7-a1d1-98b78a15714b,Krishna Patel,1973-02-06,Male,Australian,9152076979,Red Fort Archaeological Museum
31774184-3a2a-4e7d-9a6b-b40f344ecba0,Ananya Patel,2001-04-24,Female,French,,Red Fort Archaeological Museum
a9cc24d5-ec57-4ea5-80f8-75f4693dbe46,Ishaan Mehta,1964-06-18,Other,American,9746647566,Red Fort Archaeological Museum
8df5ee64-6dda-4b15-90a0-cb840fc1a503,Aditya Sharma,2000-02-20,Female,Australian,9278983526,Red Fort Archaeological Museum
ad07dcd6-9ae2-4cb4-b024-7081bd025852,Karan Patel,1967-11-20,Male,Singaporean,9320672078,Red Fort Archaeological Museum
1f38cbd8-1876-4d7d-9769-28cf957feee0,Krishna Patel,1972-05-02,Other,American,9750473495,Red Fort Archaeological Museum
216cd33a-fc8c-4d7e-832c-5e5e733fdfb7,Aditya Mehta,2006-01-22,Male,French,9368533700,Red Fort Archaeological Museum
b99b9f34-bf2f-4769-939a-8f170c4f08cd,Aisha Kapoor,1962-11-26,Other,Indian,9635481279,Red Fort Archaeological Museum
0007c15c-2572-4ccb-992f-bc3351c19cf9,Vivaan Singh,2007-04-14,Other,Singaporean,9692705478,Red Fort Archaeological Museum
34ac9ef0-0187-4a5f-b121-1af3ead33f2a,Riya Verma,1981-02-11,Male,UAE,9228053176,Red Fort Archaeological Museum
5b11a332-6249-4bf2-9a10-c4f9c35d9b02,Ananya Mehta,1976-06-10,Female,British,9628234191,Red Fort Archaeological Museum
88514f62-5ba4-45d8-a9a8-629c46d5ae09,Aarav Patel,2014-10-31,Other,American,,Red Fort Archaeological Museum
923269a6-cfdb-4936-9af2-4621f1f854c2,Sneha Patel,2004-09-12,Male,Japanese,,Red Fort Archaeological Museum
2896d5a9-692f-422f-ab2f-f4d5fecf7f3f,Vivaan Mehta,1981-08-12,Female,Singaporean,9553074897,Red Fort Archaeological Museum
36d5a3b7-ab6e-4045-90ff-622a401195ed,Ananya Bansal,1988-12-26,Male,American,9585014350,Red Fort Archaeological Museum
d940e252-b978-4890-8414-f62009deb733,Arjun Gupta,1970-08-04,Male,Singaporean,,Red Fort Archaeological Museum
4ba7a7e7-1e16-4d93-abda-7a23f7ffbcc8,Krishna Singh,1972-04-04,Male,American,,Red Fort Archaeological Museum
4414fb52-b2f8-4eb3-905d-d216a185cf0a,Rahul Agarwal,1992-01-18,Female,Japanese,9151692605,Red Fort Archaeological Museum
ee6c7c21-661c-4b08-a2ae-13a6bb4ee7d5,Meera Kapoor,2006-09-12,Male,American,,Red Fort Archaeological Museum
e9e70e5e-3118-456b-94fb-c9525057e45d,Krishna Patel,2003-06-26,Male,German,9196294254,Red Fort Archaeological Museum
7391826a-18a3-49e7-ac97-2829e3b99594,Karan Bansal,1985-10-19,Female,UAE,9468288205,Red Fort Archaeological Museum
24246167-33cf-42dd-8344-4474d65156a0,Ananya Verma,1994-07-05,Male,Japanese,9994802412,Red Fort Archaeological Museum
92cfaea2-cdba-49d1-b18f-65a51be1078c,Ishaan Chopra,1978-03-24,Male,Australian,,Red Fort Archaeological Museum
7128ca0d-624c-4575-be0f-0901badf924b,Rahul Singh,1997-08-20,Other,UAE,,Red Fort Archaeological Museum
18d4bf3d-4337-4fce-9781-db10aa9703ad,Rahul Sharma,1965-06-09,Female,German,9494490649,Red Fort Archaeological Museum
8a797711-324c-4dd1-81e9-b068d1d89079,Rohan Sharma,1994-07-26,Female,Indian,9998828960,Red Fort Archaeological Museum
4c86014c-17fa-4cc6-a412-1348ef21c630,Priya Bansal,1999-07-06,Male,Australian,9993101187,Red Fort Archaeological Museum
9fd93bef-801f-4e88-ae94-780375c4cb3d,Karan Patel,1961-08-22,Female,British,9685953119,Red Fort Archaeological Museum
9fedca31-e8ed-4135-987f-d62108bf3c66,Aditya Agarwal,2012-04-08,Male,Canadian,9248832746,Red Fort Archaeological Museum
f675ab9f-a2c8-411f-a0c2-f0ac9d83bfa0,Ira Kapoor,1999-10-15,Male,American,9259827772,Red Fort Archaeological Museum
6979e274-6ce4-4fe3-9763-be7e13623c4c,Vivaan Chopra,2004-02-10,Other,Canadian,9237304209,Red Fort Archaeological Museum
0f4f6175-73e0-4760-b9a3-270f9494102f,Sneha Gupta,1997-10-12,Female,American,9143921459,Red Fort Archaeological Museum
2d65b6a6-cf48-4f4a-b2e0-532d2c8ac160,Aryan Chopra,1988-06-03,Female,Australian,9041687831,Red Fort Archaeological Museum
6ef0d04b-f8cf-4a75-a352-6bf0b6998823,Ishaan Singh,1996-06-08,Other,Canadian,9653640449,Red Fort Archaeological Museum
8fc427b3-c378-4a3d-a5f4-0aed9e32e9b6,Karan Agarwal,1973-10-11,Male,Singaporean,9804320336,Red Fort Archaeological Museum
b3c55c1d-4279-4756-a040-1dd0141ad6fb,Rahul Patel,2015-01-27,Other,UAE,,Red Fort Archaeological Museum
196e3678-d708-4968-845f-18b64bb17e30,Ira Chopra,2007-04-21,Other,UAE,9554119946,Red Fort Archaeological Museum
45425eed-5a27-4e65-a0d2-9cff09a29023,Sneha Agarwal,1995-07-25,Other,Japanese,9853890289,Red Fort Archaeological Museum
5d3d1cde-586a-436b-a478-7d91bec4284e,Aarav Singh,1991-05-01,Other,German,9048177958,Red Fort Archaeological Museum
d0a06d01-e7eb-4458-b58c-974dac19fde3,Ishaan Bansal,1982-11-23,Other,Indian,,Red Fort Archaeological Museum
6fb019d6-9cb5-4f3c-a1d6-eb954240f989,Ira Verma,1986-01-03,Other,German,,Red Fort Archaeological Museum
12d42180-ace2-44a4-b7f0-1205aa5c9a30,Ishaan Patel,1966-02-05,Male,French,9843190436,Red Fort Archaeological Museum
9e716b46-6fb3-4c1f-a43b-30491c295d24,Aarav Verma,1983-01-06,Female,UAE,9322938537,Red Fort Archaeological Museum
ad2475c8-e749-4322-8a86-c32fa1023fe1,Karan Verma,1984-07-14,Male,Japanese,9639656836,Red Fort Archaeological Museum
6c7f82b8-3f9e-4711-95eb-260d9f380289,Karan Sharma,1975-03-24,Female,Indian,9953264022,Red Fort Archaeological Museum
0beb26db-34c8-4c1a-9a98-a9afdd095f9f,Rohan Sharma,2009-11-15,Male,Japanese,9458161774,Red Fort Archaeological Museum
737eaca2-188d-4a83-ba6c-e2cac68b6cc9,Meera Bansal,1962-07-25,Female,British,9036837184,Red Fort Archaeological Museum
817a41bc-dcca-4d95-8263-a647e8d4b35e,Aarav Chopra,1960-06-04,Female,Japanese,9851140283,Red Fort Archaeological Museum
7806933b-ce94-4e94-9429-c8b0431b1e34,Sneha Bansal,1997-05-26,Other,Japanese,,Red Fort Archaeological Museum
10873b07-680a-449a-879d-8570c051b75f,Vivaan Sharma,2015-12-15,Other,Canadian,9289232332,Red Fort Archaeological Museum
917f1899-e56a-4c3e-82b6-fa5e352244ee,Ananya Gupta,1965-05-08,Female,German,9822036392,Red Fort Archaeological Museum
73d206a0-869e-4437-8292-e4b57b5160f0,Rohan Sharma,2008-07-07,Male,UAE,,Red Fort Archaeological Museum
425281c0-080d-4099-a855-8954f1ba5daf,Rohan Bansal,1960-05-16,Male,German,9263157966,Red Fort Archaeological Museum
0b94871a-cde9-4eca-9eb4-ecb8b6703bb4,Neha Patel,1961-08-13,Other,French,9141528287,Red Fort Archaeological Museum
eb4f33c0-1693-477a-8cb1-f6aa78d47d22,Neha Chopra,1978-10-07,Other,Canadian,9777160192,Red Fort Archaeological Museum
57bd5d0e-a024-4141-bd98-fe504d3252cc,Rohan Kapoor,1961-03-31,Female,UAE,,Red Fort Archaeological Museum
1ac0c33d-b7ff-45ce-9d65-4173ac196f35,Ishaan Patel,2013-10-26,Male,Indian,9431338819,Red Fort Archaeological Museum
b13ca59c-74b5-4a84-8231-18db5ee463c6,Aarav Patel,1985-09-07,Other,Australian,9383296787,Red Fort Archaeological Museum
88840c9a-fee3-4747-b41b-ad2d98d2fa87,Riya Agarwal,1982-03-26,Male,American,9410910247,Red Fort Archaeological Museum
d530d926-0bd0-4774-9207-6dd5c84d73de,Aisha Mehta,2008-12-16,Other,Canadian,9643569514,Red Fort Archaeological Museum
268369e9-acb5-4faf-8f3d-db438ea15e7f,Ishaan Agarwal,1969-09-08,Male,Japanese,,Red Fort Archaeological Museum
8813780b-c773-44be-8239-e9317cc62ee1,Riya Verma,2014-12-05,Female,UAE,,Red Fort Archaeological Museum
59af276c-798e-4b54-bd51-dc1832404b2f,Aisha Singh,1963-10-14,Female,British,9909719013,Red Fort Archaeological Museum
143cd6e6-2c9f-4bdb-b04d-b94eef3a952e,Rahul Chopra,1980-11-18,Other,British,9917823020,Red Fort Archaeological Museum
ff2e9efc-021e-4ddb-b768-1d5ddec24938,Ira Sharma,2010-09-10,Male,Singaporean,9761603856,Red Fort Archaeological Museum
7a80de1a-2198-4caf-ba0d-5eb9d627ab8c,Sneha Singh,1992-06-10,Male,British,,Red Fort Archaeological Museum
54171b77-4531-4a8e-ba05-2e6fcf5662fd,Karan Patel,1990-08-16,Other,Japanese,9355052439,Red Fort Archaeological Museum
ec953abd-f9a7-4ff0-a6ae-fe6951b0ba21,Rahul Mehta,1999-02-06,Female,French,,Red Fort Archaeological Museum
99f1058e-a31a-4bfc-abcf-cb91aa10216c,Rahul Bansal,1998-06-26,Other,Australian,9193912149,Red Fort Archaeological Museum
e602c90e-a6c9-4a99-914e-d66bff3fc9fc,Neha Mehta,1992-06-15,Male,Singaporean,,Red Fort Archaeological Museum
296629cd-baf9-4769-b8dd-401bf62d9ac2,Ishaan Verma,2005-09-10,Male,French,9530045879,Red Fort Archaeological Museum
18620780-3c78-4156-a2ae-6d0a72f734db,Aryan Agarwal,1998-03-11,Female,Singaporean,,Red Fort Archaeological Museum
221dcfd4-3678-4496-a2e1-c1fc0326cc04,Krishna Bansal,1967-05-27,Male,Canadian,9792224204,Red Fort Archaeological Museum
f71a53f0-9944-4640-9a7c-85421827ead6,Aisha Sharma,1971-11-20,Other,Singaporean,9902635342,Red Fort Archaeological Museum
d0da44dc-4ef7-4946-8b08-6af017d3d834,Meera Chopra,1996-10-18,Male,Singaporean,9011297864,Red Fort Archaeological Museum
175a8c92-3aef-45c0-83ba-0b6fc1e49b71,Ira Patel,1994-03-10,Other,Japanese,,Red Fort Archaeological Museum
73f32534-3b9a-441b-b142-ab00527d7e63,Ishaan Sharma,1981-07-29,Female,Australian,9613194015,Red Fort Archaeological Museum
5d6c721c-6515-42d2-b1c0-8beb504e949e,Aisha Bansal,2000-11-14,Male,Australian,9030850921,Red Fort Archaeological Museum
0a65f6f6-fa4a-43f3-9f86-58f37593b5f8,Rahul Bansal,1997-02-02,Female,American,9149884639,Red Fort Archaeological Museum
c935f25d-4d8c-4289-8243-814ccb0591ea,Krishna Verma,1977-12-31,Male,Australian,9900467289,Red Fort Archaeological Museum
508b2ed0-9c23-4a1d-8a1a-fbf78ccfec33,Aisha Singh,2004-05-30,Male,UAE,,Red Fort Archaeological Museum
bb27bed1-f9bf-4896-8dc2-da294460f6d8,Ishaan Gupta,2002-08-16,Male,Australian,9428339460,Red Fort Archaeological Museum
e4c7349d-82fb-47ec-99aa-333d12d5b2ae,Aisha Sharma,1970-08-19,Male,German,,Red Fort Archaeological Museum
d8982b08-b3b0-4926-abff-198e35ff9e9f,Neha Verma,2001-09-20,Female,UAE,9611477824,Red Fort Archaeological Museum
9dccfb83-9195-460e-a2ad-391012287ae5,Meera Mehta,1999-07-28,Female,German,9804132807,Red Fort Archaeological Museum
992338a7-91c5-4531-b447-e28b02718d68,Rahul Singh,1981-01-09,Male,UAE,,Red Fort Archaeological Museum
24213b43-bcf0-4115-9d13-a91e8eb455f0,Riya Kapoor,1995-06-24,Male,Singaporean,9275520458,Red Fort Archaeological Museum
8ba68cb4-a153-4a59-b708-daebf83a343b,Aisha Chopra,1998-02-15,Male,German,9812844872,Red Fort Archaeological Museum
5dee8106-2867-4649-bc59-03c51ce1aaae,Vivaan Kapoor,1985-02-27,Other,Japanese,9353264842,Red Fort Archaeological Museum
1088f69c-bc0f-47ff-88e8-11ee75fed27c,Ishaan Agarwal,1985-03-23,Female,UAE,9443836240,Red Fort Archaeological Museum
3afed04b-5d65-4d79-bc35-8e0e4838741f,Aditya Kapoor,1962-03-15,Male,German,9800258536,Red Fort Archaeological Museum
9f287c2d-5d6b-4e75-95a6-37e864361513,Pooja Chopra,1966-11-29,Female,British,9593754368,Red Fort Archaeological Museum
1ab6819f-40f3-4cd7-b8a9-f378e6655428,Sneha Bansal,1982-11-30,Female,Australian,,Red Fort Archaeological Museum
29180653-0dc6-4753-973c-ba638d70abc9,Rohan Singh,2012-05-23,Other,Indian,,Red Fort Archaeological Museum
563f79d8-4b03-45ce-9ffa-dcc17c266de4,Karan Agarwal,1971-11-13,Female,Singaporean,9626403481,Red Fort Archaeological Museum
b3fee35d-03ec-4134-a486-9b9d7bc2465b,Riya Chopra,2012-04-04,Female,Singaporean,9787325283,Red Fort Archaeological Museum
9ba46468-7f73-4f8f-87ed-3704d85dec4b,Vivaan Chopra,1994-12-23,Female,UAE,9145390372,Red Fort Archaeological Museum
7ee8d504-f877-4702-b0c8-9c9636c5fd5a,Rahul Sharma,2001-05-30,Female,Australian,9040881109,Red Fort Archaeological Museum
a35f8208-5d1c-4ba8-9f96-4740cc8aa64e,Ishaan Sharma,1974-07-03,Male,German,9815682263,Red Fort Archaeological Museum
ea618ab7-656a-4013-a8c3-3d256ce744bf,Rohan Bansal,1969-10-14,Other,Canadian,,Red Fort Archaeological Museum
27b8a19b-fe6a-4c4d-8d76-21016ccf6ab6,Sneha Agarwal,1984-01-15,Other,Indian,,Red Fort Archaeological Museum
f26204ef-6ffc-456b-bb60-5b1fd9c10815,Aisha Mehta,1967-05-10,Female,Indian,9375521709,Red Fort Archaeological Museum
e7920567-ecdb-4435-bd27-153aa500fda9,Neha Mehta,1999-06-21,Male,British,9263793766,Red Fort Archaeological Museum
5ac02c8e-fd6c-4d95-ac15-4f64519e22ca,Aarav Kapoor,2008-12-12,Male,German,9899733693,Red Fort Archaeological Museum
c31158b3-e363-4989-a24a-56fc3b0216d7,Priya Sharma,1997-08-30,Other,British,,Red Fort Archaeological Museum
f25887d7-c491-460e-9a23-3d4e156ba1ea,Aisha Singh,1969-03-08,Female,French,9708907480,Red Fort Archaeological Museum
e79eeeab-d0e7-45ef-b3dd-5c607ee69d92,Ananya Mehta,1998-08-03,Female,American,9590085762,Red Fort Archaeological Museum
cadd5dda-cefc-4736-ba04-2e2158f4ae31,Neha Bansal,1967-03-14,Male,UAE,9177990743,Red Fort Archaeological Museum
c371671f-3fe5-4d44-8b09-fa926dd7ec05,Arjun Singh,1980-12-05,Male,German,9388867102,Red Fort Archaeological Museum
b425d38d-f729-456b-adfc-862c9bf867fd,Meera Sharma,1962-08-16,Female,British,9444179015,Red Fort Archaeological Museum
bc06f3a9-e709-45f3-b0cc-c457a018c5d5,Neha Gupta,2009-05-26,Male,Australian,9876042581,Red Fort Archaeological Museum
64fc4b22-90fd-42e4-b031-23096d5932c4,Priya Singh,1997-11-24,Other,Singaporean,9141202963,Red Fort Archaeological Museum
f9ddcd2a-ebde-403c-9c2d-17857f590117,Ishaan Bansal,1993-01-02,Male,Canadian,9534163275,Red Fort Archaeological Museum
7a402260-f8f5-411e-8b13-041dca603afd,Karan Gupta,1989-02-25,Female,Singaporean,9615459466,Red Fort Archaeological Museum
78b9b08d-51ca-4c5d-b746-28dfda99d456,Aarav Singh,1995-06-26,Female,Indian,9696959616,Red Fort Archaeological Museum
d6120dbf-adcf-4621-98db-222c85180a57,Krishna Kapoor,1986-07-26,Other,Canadian,9875947450,Red Fort Archaeological Museum
29d24720-fe79-48d6-9c8b-18eeee0bec5a,Kavya Chopra,1976-04-16,Male,Indian,9075948206,Red Fort Archaeological Museum
483a280a-bcbf-4c6e-b991-997ebcc73e29,Aryan Agarwal,2013-03-11,Other,French,9074263229,Red Fort Archaeological Museum
fcf2aefd-6994-42cc-a5dc-dff467d68911,Neha Sharma,1988-02-19,Other,French,9652306734,Red Fort Archaeological Museum
e93bafe3-2441-4814-8ac6-d19f575ebd75,Sneha Gupta,1965-06-02,Female,Indian,9633030119,Red Fort Archaeological Museum
f5dbe0e1-5a5a-4f94-851c-0e0a5f158d06,Ira Sharma,1994-03-12,Male,British,9148235001,Red Fort Archaeological Museum
5f036ec8-7ebe-407a-b984-2a2c7eb31a55,Aryan Verma,1990-07-19,Female,French,,Red Fort Archaeological Museum
e7487588-95d9-41fc-aacc-7d99e73ffdb6,Krishna Chopra,1983-09-23,Female,Japanese,9259869904,Red Fort Archaeological Museum
0faad0ce-4725-4acb-a3cd-d810cc274466,Pooja Agarwal,1970-07-12,Male,Australian,9615746837,Red Fort Archaeological Museum
5e37659a-b074-4d1c-9ed9-625628d89dc4,Priya Kapoor,1974-01-17,Female,UAE,,Red Fort Archaeological Museum
a97af709-8222-497a-8f0e-b745453d84a2,Aisha Chopra,1969-08-03,Male,Indian,9497063637,Red Fort Archaeological Museum
ad2e05b5-7fc9-42b0-892a-94ba5397e9cf,Aditya Agarwal,1990-07-28,Female,Canadian,9566197136,Red Fort Archaeological Museum
2a74585d-4bed-4288-a5f6-7404514eb3bf,Ishaan Gupta,1972-12-25,Female,German,9017826782,Red Fort Archaeological Museum
13af5cd7-522a-4fbe-90a5-3c4c1d84f5d0,Pooja Gupta,2002-02-01,Female,Australian,9966274669,Red Fort Archaeological Museum
ef00f35b-ca01-456e-9960-0ceb5e7fbb55,Neha Sharma,1965-09-08,Other,Indian,9673726797,Red Fort Archaeological Museum
1af1b3ba-8df9-45b4-9d1f-5b9029f9725f,Priya Patel,1963-03-01,Female,German,9121701631,Red Fort Archaeological Museum
75fb39fc-cf6b-427e-a0f7-8bd642760e1f,Arjun Gupta,1962-05-27,Male,German,9846289256,Red Fort Archaeological Museum
cd2f04b6-5aa1-4d34-b3b3-834c5a74503b,Krishna Mehta,2002-08-17,Male,American,9004028771,Red Fort Archaeological Museum
e5329200-7924-4e55-9c36-5cdb9b196318,Arjun Patel,1981-08-27,Other,UAE,9654939023,Red Fort Archaeological Museum
9495b6b2-d97b-4f12-882e-9ee62e6feec6,Kavya Sharma,2010-07-01,Other,Canadian,9371809559,Red Fort Archaeological Museum
5b72034a-089e-4860-8d7c-97df0b914645,Rahul Singh,2014-02-24,Male,Australian,,Red Fort Archaeological Museum
1cef059e-811e-44b8-99d6-b4f3335617f4,Ananya Patel,1998-05-05,Other,French,9830435548,Red Fort Archaeological Museum
70854ced-1e84-44fc-b57a-4ea647162040,Krishna Gupta,1970-03-18,Female,Japanese,,Red Fort Archaeological Museum
e0f64496-ee03-4927-8b8f-2a85068bcdb1,Rahul Chopra,2013-01-13,Male,Japanese,9837160768,Red Fort Archaeological Museum
b8f8d84b-f64c-4513-acb4-f5e22826cb48,Rohan Chopra,1964-10-30,Female,Canadian,9382177767,Red Fort Archaeological Museum
0ace0a9f-1802-4145-9c16-dd67c1f71a37,Ishaan Singh,1994-02-20,Male,Australian,9459173160,Red Fort Archaeological Museum
8b28d619-23a2-4696-b3c9-755dae987b77,Kavya Bansal,1985-10-06,Female,Japanese,9441954570,Red Fort Archaeological Museum
70fc7123-1712-4f43-90f9-e8f51ee2f8eb,Ananya Kapoor,1965-11-19,Male,British,,Red Fort Archaeological Museum
f7f25372-ddd5-44e3-9d85-92310a2443f5,Rahul Kapoor,2010-07-31,Female,Indian,,Red Fort Archaeological Museum
301fa03f-adde-4581-9a57-fdc84eb280fa,Arjun Chopra,1977-09-13,Male,French,,Red Fort Archaeological Museum
4928328d-7099-4d4f-9f9c-6d2407163922,Karan Sharma,1983-10-27,Female,American,9213377317,Red Fort Archaeological Museum
1e7a9684-34ee-49ac-83ba-7f85b53cf7e8,Pooja Patel,1995-06-13,Female,Singaporean,9048280517,Red Fort Archaeological Museum
f698dde2-9d9c-45fc-809c-4044ce428070,Krishna Verma,1993-01-06,Female,French,9842154201,Red Fort Archaeological Museum
421b45a2-c281-420f-b05e-6c331bac7ddf,Ananya Mehta,1977-08-01,Female,Singaporean,9635333201,Red Fort Archaeological Museum
ca1389a7-4c93-4d8e-871f-69eb16b5bad6,Krishna Agarwal,2001-10-27,Female,Japanese,9283781200,Red Fort Archaeological Museum
654b3ad2-627e-4316-9144-c4e95523a7eb,Aryan Sharma,2015-11-27,Other,French,9538314542,Red Fort Archaeological Museum
e4922540-4fc4-4e9d-88f2-f8ac04397d21,Kavya Bansal,1981-04-12,Male,Indian,9280132274,Red Fort Archaeological Museum
656bc270-bc6d-4fa8-be07-2c622b58a959,Sneha Sharma,1988-09-29,Male,Indian,9912989628,Red Fort Archaeological Museum
f686bd8d-e5be-477f-8fb5-1f7c67a3444c,Priya Mehta,1986-04-27,Female,Canadian,9181642964,Red Fort Archaeological Museum
6f793d62-bb3c-409b-adaf-751974f4a9e2,Pooja Bansal,1979-04-22,Male,Canadian,9403881186,Red Fort Archaeological Museum
61224cbc-27f7-466e-adcc-bb0a492786c6,Pooja Sharma,1960-02-23,Other,French,9794616754,Red Fort Archaeological Museum
cf78e430-2cb2-4788-b225-d7d020507642,Sneha Bansal,2001-06-06,Male,UAE,9376805180,Red Fort Archaeological Museum
505aebdb-8b93-4072-9aa0-b8f8a1f063e8,Rohan Sharma,1998-10-12,Female,French,9508692820,Red Fort Archaeological Museum
b44f91a5-387e-4eb0-8605-b570e8ac99ee,Sneha Bansal,1990-02-27,Other,Australian,9302224115,Red Fort Archaeological Museum
4c785bcb-f10f-462c-81bb-03a8bae71e62,Sneha Kapoor,2008-06-23,Other,British,9967805029,Red Fort Archaeological Museum
9a8633de-87bd-4716-ba9b-7b7ba408dccb,Aryan Sharma,1970-04-27,Female,Canadian,9992609402,Red Fort Archaeological Museum
f9db0a84-ec49-4c0d-b29f-52077429d5ce,Aarav Gupta,2003-02-09,Male,American,,Red Fort Archaeological Museum
4aef6b31-c5c9-4fee-adb1-1f80fb72a9f2,Aditya Patel,2003-03-25,Other,Indian,,Red Fort Archaeological Museum
52a71b4b-871b-4b31-a838-a250fbf78963,Vivaan Mehta,2006-06-22,Female,German,,Red Fort Archaeological Museum
4f464992-42aa-42de-b24e-84773007d5c1,Pooja Patel,1967-02-22,Other,Singaporean,9192541641,Red Fort Archaeological Museum
214b554f-04c2-4ddd-baad-1229b38d72c8,Meera Mehta,1969-12-12,Male,Canadian,9516585548,Red Fort Archaeological Museum
f120e551-9a3c-4b14-892e-1e409cc84800,Ananya Singh,1976-04-01,Male,French,,Red Fort Archaeological Museum
dfc9b8ab-6ecf-4142-a3ff-56c44449ff03,Ishaan Sharma,1996-05-24,Male,Japanese,9161812640,Red Fort Archaeological Museum
8844c768-c7c6-4fd1-9e61-b50f5a4cb585,Arjun Verma,1991-12-12,Other,American,9498836709,Red Fort Archaeological Museum
5dca21d4-a15e-4ce0-8e3b-ec288e9ddc95,Karan Patel,1975-07-16,Male,American,9130342385,Red Fort Archaeological Museum
6ac51ff7-c129-4e0a-baed-68f5a0bc5797,Aarav Mehta,1981-02-17,Male,French,9152822316,Red Fort Archaeological Museum
463fd001-1ed6-446d-bcf7-f24c4d4fcf30,Sneha Agarwal,1994-04-27,Male,American,9904511275,Red Fort Archaeological Museum
210ab683-cfaf-4df7-bc7e-f66edbdc325a,Neha Verma,2011-04-13,Male,British,9189175862,Red Fort Archaeological Museum
368abe46-baf7-4457-9487-bc9d403ea4fd,Karan Mehta,2005-11-19,Male,French,,Red Fort Archaeological Museum
fe805a72-1083-44e0-8af9-5d23adbf5d10,Aryan Patel,2014-05-03,Female,German,,Red Fort Archaeological Museum
9303596e-a69a-4f6a-85e4-2921f39f1a66,Aryan Kapoor,1978-05-23,Male,Japanese,9348526535,Red Fort Archaeological Museum
a9db89da-d3d9-4c0f-afc5-ab2fc2974dca,Aisha Agarwal,1996-11-04,Other,Canadian,9991836631,Red Fort Archaeological Museum
b1e3d0ae-d285-4f93-ade3-7f24664a57e3,Neha Gupta,2007-10-17,Female,Indian,9078580804,Red Fort Archaeological Museum
79fa46f3-3145-4333-9c91-b625b7f5afa7,Ishaan Kapoor,2009-08-29,Other,Australian,9241902260,Red Fort Archaeological Museum
9114add7-ffc1-4cdc-98a6-012628ddd67f,Pooja Mehta,2003-12-09,Female,Japanese,9924004220,Red Fort Archaeological Museum
6d34c297-37a6-49c0-97dc-1b401988d3c3,Aditya Singh,1982-09-26,Other,Singaporean,9752762667,Red Fort Archaeological Museum
7aa9eba9-37d7-44e6-98dc-8f73393157cc,Pooja Kapoor,1986-09-12,Male,Canadian,9231444387,Red Fort Archaeological Museum
4417b00c-bf5b-4e29-baf8-0c47a3020c07,Aryan Verma,1975-05-19,Other,Australian,9099528567,Red Fort Archaeological Museum
0f1e5715-39d7-48fd-9395-cc86a19fd696,Aisha Patel,2005-12-19,Male,American,,Red Fort Archaeological Museum
b402ea7a-90b8-4b10-aeab-6d585d68542a,Priya Sharma,2001-12-09,Other,Australian,9316725747,Red Fort Archaeological Museum
20d133ff-5827-4c45-b563-c37ece041d26,Ananya Agarwal,1984-07-15,Female,Japanese,9297451300,Red Fort Archaeological Museum
0361fb2f-bd87-4f79-9e76-1768ca45928d,Neha Agarwal,1969-09-02,Female,British,9273285209,Red Fort Archaeological Museum
2d36d01d-c689-4333-9da3-ef99645183b1,Krishna Patel,1980-09-14,Male,French,9801596566,Red Fort Archaeological Museum
3d2d5933-1cd2-4c34-b934-f69422ea3b84,Rahul Kapoor,2008-12-13,Male,Australian,,Red Fort Archaeological Museum
8185a2df-79d5-4a34-9089-87b39d686861,Krishna Verma,2002-06-04,Female,American,9850391862,Red Fort Archaeological Museum
2aa55570-8eea-4cf7-9229-d0629fbc6a2a,Meera Singh,1960-08-15,Male,American,9473540101,Red Fort Archaeological Museum
e0bb4e4c-6fd7-41ac-8ce7-9deee9420a88,Arjun Mehta,1969-08-27,Female,Singaporean,9584051682,Red Fort Archaeological Museum
4f9f5dae-bace-4a32-bb6f-77e91f884203,Aarav Sharma,1986-04-04,Other,British,9468853979,Red Fort Archaeological Museum
e9e83607-b2e7-4d7f-9090-041cd42de9af,Pooja Patel,1997-05-02,Other,Australian,9185230938,Red Fort Archaeological Museum
1e68f20d-db56-4017-93d1-d8a613ff4d9e,Neha Kapoor,1995-12-23,Female,Australian,9155671008,Red Fort Archaeological Museum
d0eb604b-ff7e-4aa6-a0ec-3ee08070fa1a,Kavya Sharma,1986-11-05,Other,Singaporean,9343562111,Red Fort Archaeological Museum
66aae2fd-fbe1-4ab3-9042-81504f1c8882,Rohan Gupta,1998-03-18,Male,French,9489501095,Red Fort Archaeological Museum
9e1a9c7c-2206-44a4-afe5-c620f1e8c47a,Riya Agarwal,2013-11-30,Other,Japanese,9271015588,Red Fort Archaeological Museum
cc51c8ab-2e42-4cd6-bcdc-1fc00966da79,Neha Kapoor,1966-12-30,Male,British,,Red Fort Archaeological Museum
b1322425-a7a8-4a2e-9bfb-91b481d214ea,Aryan Singh,1971-06-15,Other,Japanese,,Red Fort Archaeological Museum
4bb9728b-e763-4b84-9a31-d16a93957355,Aarav Singh,1964-10-21,Other,Indian,9324851308,Red Fort Archaeological Museum
333c87a1-0ca9-4675-a8b9-ccc8d381977f,Arjun Bansal,2001-05-03,Other,Canadian,9679415090,Red Fort Archaeological Museum
5ba17ca7-393d-4325-8ebc-eb914f25e289,Aisha Mehta,2007-05-24,Female,UAE,9851009821,Red Fort Archaeological Museum
6dde772b-48df-4520-9532-32c490ab19e3,Aditya Bansal,1991-12-24,Male,French,,Red Fort Archaeological Museum
11ee01ab-fa3d-4efa-a29e-23ef46dc20ea,Ira Sharma,1979-12-23,Other,UAE,9541656460,Red Fort Archaeological Museum
56614885-aa66-4ba5-97b0-da0efd8767c8,Arjun Patel,1978-09-08,Other,German,9857462387,Red Fort Archaeological Museum
eb25fdbc-21de-411d-8127-3559f58dc478,Neha Singh,1983-12-23,Female,Indian,9043324003,Red Fort Archaeological Museum
d0617460-5401-4e46-81a5-617d8f515f5d,Kavya Bansal,1993-11-16,Male,Australian,,Gandhi Smriti Museum
3d955d6f-5b62-4936-a407-ffe3023cd969,Priya Patel,1990-12-11,Female,French,,Gandhi Smriti Museum
937ddc2c-ea1b-42a0-8d58-4df135b7aee6,Aryan Kapoor,1968-05-07,Female,Indian,9866161744,Gandhi Smriti Museum
4d342163-4307-4515-8c4d-160d9f844fdf,Rohan Mehta,2005-05-09,Female,Japanese,9130913766,Gandhi Smriti Museum
d27fc55b-351b-4f71-9593-d046495bdf23,Ira Bansal,1982-09-28,Female,French,9201925495,Gandhi Smriti Museum
1befa750-ff5d-477d-bfc4-8cd49aa0e7f5,Priya Sharma,1965-04-05,Male,British,,Gandhi Smriti Museum
9bea9b0c-c9b5-4e04-a811-65a36a32e520,Pooja Bansal,1985-04-09,Female,Indian,,Gandhi Smriti Museum
2e5ba9b9-9a41-4772-a78a-5861b8d31d61,Ananya Gupta,1971-07-10,Other,German,9860410336,Gandhi Smriti Museum
b87590eb-f504-4c7a-b016-56124d07c860,Riya Patel,1980-01-03,Female,Canadian,9464760081,Gandhi Smriti Museum
8132511f-aebb-4d45-a270-a303c93be8a0,Vivaan Mehta,2004-07-13,Male,Australian,9671259773,Gandhi Smriti Museum
3c0482ba-8c5b-4f86-88c1-16159006c48a,Rohan Patel,1960-04-25,Other,Australian,,Gandhi Smriti Museum
33706fef-e1be-4948-8e04-a7bc08d55212,Aryan Mehta,1965-09-16,Male,Australian,9948948965,Gandhi Smriti Museum
8a6d0aba-8940-480c-9d39-dcb833ad63c6,Riya Chopra,1962-04-30,Other,UAE,,Gandhi Smriti Museum
999400d9-1a89-4988-98d8-9fc69b99938f,Pooja Singh,2001-12-20,Other,French,,Gandhi Smriti Museum
7ec4bf46-e8c8-4d3a-9417-2419318f3c0f,Krishna Verma,1965-10-03,Female,German,9797193707,Gandhi Smriti Museum
54f9ec76-7284-4788-9c86-170283296fca,Sneha Bansal,1976-08-01,Male,Australian,9157761079,Gandhi Smriti Museum
f920c273-b62c-4242-8ac8-ecacfaa5b13e,Pooja Kapoor,2005-07-21,Female,UAE,9901939747,Gandhi Smriti Museum
75fc0991-028e-4552-87c2-aa1a6ab40318,Aisha Singh,1980-03-28,Other,UAE,9134681759,Gandhi Smriti Museum
2cb77487-3258-4539-994f-9397c4b6bb00,Ananya Sharma,2000-01-26,Other,German,,Gandhi Smriti Museum
10d8752f-13cf-4a2b-a52f-8f6b2e7170cd,Arjun Bansal,2007-06-20,Other,Japanese,,Gandhi Smriti Museum
05cb86b6-adb4-46a9-bcc7-ab361b52cd91,Krishna Bansal,1975-11-30,Male,British,9886229332,Gandhi Smriti Museum
4592a9cd-5dd8-4841-8080-8b8ae6c9b8b9,Aryan Bansal,1997-10-18,Other,British,,Gandhi Smriti Museum
1fabf1c3-f474-48d0-9332-8dfdbd77778a,Arjun Kapoor,2010-08-05,Female,Canadian,,Gandhi Smriti Museum
f7612da5-1daf-4135-9490-1614472dd5f3,Meera Mehta,1999-11-16,Other,Australian,9965475037,Gandhi Smriti Museum
313fd496-ea9c-468f-8f80-56665ea9564a,Ananya Patel,1986-11-09,Male,Indian,9862233590,Gandhi Smriti Museum
b9d6931d-b9d0-43f0-ba25-2f159eb567c1,Sneha Mehta,1960-04-06,Other,Indian,9120563483,Gandhi Smriti Museum
229f475d-898a-44df-822a-08e01198d000,Aryan Agarwal,2000-07-04,Male,American,9714521884,Gandhi Smriti Museum
be79189d-8111-447e-9c96-ba6f576da532,Rohan Patel,1993-12-10,Female,Australian,9847441862,Gandhi Smriti Museum
c777fde9-a2e7-4b2f-978b-fb83b341dd1b,Ananya Mehta,1986-04-21,Other,Australian,9204351394,Gandhi Smriti Museum
7ecf0b63-ef39-4d28-87c8-8b4cba4a5a09,Priya Kapoor,2014-06-10,Other,American,9793453037,Gandhi Smriti Museum
a01cba75-1a3b-49c6-b132-b3b8c564ba5b,Aditya Sharma,1961-08-14,Male,Indian,,Gandhi Smriti Museum
a0137059-b6f0-47e2-b9dc-fdbb4101fde4,Meera Patel,2008-12-09,Female,American,9302769721,Gandhi Smriti Museum
30d1e4e5-859c-41c1-974e-13131c715349,Riya Sharma,2011-06-02,Male,Australian,9134839492,Gandhi Smriti Museum
190de795-86fb-4c10-a57e-922ad4c4f172,Kavya Mehta,1984-02-03,Male,Japanese,9963608224,Gandhi Smriti Museum
46ede114-34a4-4d8b-a286-473c2763c449,Priya Bansal,2012-06-06,Male,American,9027680395,Gandhi Smriti Museum
d857c901-40b1-47d7-bfc9-0df7c8e040ec,Kavya Verma,2013-05-24,Male,British,9661787277,Gandhi Smriti Museum
3625aa14-9a0d-40a8-a7f7-77b80e57c43c,Aryan Agarwal,1972-10-15,Female,Singaporean,,Gandhi Smriti Museum
743e135e-d79e-49e2-9271-255a5acfe0e5,Ananya Bansal,2002-07-07,Other,American,9657305808,Gandhi Smriti Museum
0853b695-abdd-444a-9cfe-49ecf086193b,Aarav Bansal,1994-12-11,Other,American,9164100259,Gandhi Smriti Museum
d1616a89-db6c-4c9f-9687-bc122d4d6cbb,Riya Gupta,2013-03-14,Male,German,,Gandhi Smriti Museum
c11d1093-12f9-4633-a5fa-3d4ddd3cba1e,Neha Chopra,2011-04-12,Female,German,9128492382,Gandhi Smriti Museum
2c342b43-fc43-4bd3-86d3-3e580c96f044,Krishna Verma,2006-12-21,Male,Singaporean,9523580190,Gandhi Smriti Museum
2e731c66-afd6-4022-b9e8-2c4de52409ca,Ira Patel,1987-09-14,Female,Indian,9671262812,Gandhi Smriti Museum
65ea25c2-9e98-4e3d-a6d9-8a2f9383a260,Ira Kapoor,1961-08-07,Other,Indian,9781547812,Gandhi Smriti Museum
5854df3d-3abb-4d94-8575-dcc75d69981d,Neha Bansal,2000-10-12,Other,Australian,9701395035,Gandhi Smriti Museum
a3a77b73-da12-4efc-97eb-a1b7b96d9bf4,Priya Sharma,2002-01-18,Other,UAE,9567419889,Gandhi Smriti Museum
c6f93ad1-27e6-497a-938c-1cbf459d0237,Arjun Mehta,1980-03-09,Male,Singaporean,9220840509,Gandhi Smriti Museum
7bc669cd-1b36-4c16-8411-3e40f2560295,Riya Mehta,1994-03-02,Female,Indian,9258697745,Gandhi Smriti Museum
d6e3d2aa-25f5-495b-8368-92fb819ca98f,Rahul Patel,2001-09-21,Male,French,9379170113,Gandhi Smriti Museum
a039b47d-5fca-440c-b0b7-9421b05eb4d9,Vivaan Verma,1991-10-01,Male,British,,Gandhi Smriti Museum
ae4936b9-7946-49ff-89fa-eb93030cd5da,Ananya Patel,2006-05-23,Male,German,9588961882,Gandhi Smriti Museum
30812232-241e-4d28-b1d6-0ec2479c35dc,Karan Patel,2012-07-08,Other,French,9400256092,Gandhi Smriti Museum
ba074f50-36dc-4fa4-a657-e5f08ee0962c,Vivaan Kapoor,1960-02-23,Male,British,,Gandhi Smriti Museum
10b1dd1b-6b86-4d3f-9680-17bf68c292cd,Aryan Mehta,2006-08-14,Other,Japanese,9590312833,Gandhi Smriti Museum
a4bd4934-1f82-454d-b70e-f40315451b42,Ishaan Mehta,1961-07-15,Other,Singaporean,9593532761,Gandhi Smriti Museum
61ed705f-2bee-4524-b1a5-e78599746ebd,Kavya Singh,1983-02-05,Male,Singaporean,9377590803,Gandhi Smriti Museum
3a834c58-c867-42a4-ba2a-0bf8d8216795,Meera Bansal,2009-06-20,Male,American,9849022440,Gandhi Smriti Museum
386bbbfa-e27f-4caf-87ec-59676ab90944,Kavya Verma,1991-07-18,Male,British,,Gandhi Smriti Museum
7aad5254-0d02-4c85-abd0-80c6c62f4f44,Vivaan Kapoor,1989-07-10,Male,Australian,,Gandhi Smriti Museum
e85656d1-de64-47c5-a10c-3fd60ae7c185,Ira Gupta,1974-07-03,Male,Indian,,Gandhi Smriti Museum
94dd181f-52c6-4317-9ba2-2708a86a977d,Aditya Bansal,1988-05-27,Female,French,,Gandhi Smriti Museum
cf1be4f4-c2e8-4cc4-b7f9-4e93827442bd,Riya Chopra,1989-07-23,Female,Canadian,,Gandhi Smriti Museum
f5b2ea6f-e349-4626-9254-a185b9ab9f32,Ananya Gupta,1973-08-19,Other,Canadian,9535575342,Gandhi Smriti Museum
172cf6bc-5ed9-4ebd-b1cb-b1a12d247d7a,Aryan Bansal,2008-07-27,Other,Canadian,9126373690,Gandhi Smriti Museum
6ab55f21-1616-4f5f-b320-ea3e14e92203,Aditya Bansal,1975-11-04,Female,Singaporean,9486371235,Gandhi Smriti Museum
db1fec41-2e09-4ab4-a110-dc45bac27341,Ananya Sharma,1969-06-01,Female,Indian,,Gandhi Smriti Museum
eb463491-31c9-425a-8a95-9527eff15094,Rohan Kapoor,1968-11-10,Female,Singaporean,,Gandhi Smriti Museum
d139ac1d-882d-436b-b4d9-b3e0a785366c,Priya Kapoor,1979-05-29,Female,French,9402413931,Gandhi Smriti Museum
f066ed1b-3da9-4853-93f4-88b35cfaa8a5,Krishna Kapoor,1966-02-05,Other,Canadian,9888533899,Gandhi Smriti Museum
ed2c53c4-ae5c-4a9c-a35d-91ef5f7abcf2,Aarav Singh,1960-01-16,Other,UAE,9545288446,Gandhi Smriti Museum
4020359e-029c-499d-aefb-4e68caa5401b,Aditya Mehta,2015-10-11,Female,American,9255365068,Gandhi Smriti Museum
606b3aee-cf41-40a4-b265-fe96d8397a9e,Riya Sharma,2001-01-13,Female,Canadian,9621677037,Gandhi Smriti Museum
3d9f87cf-90c1-466f-9758-a07d70f0e60c,Ira Mehta,1977-07-30,Female,British,9512345888,Gandhi Smriti Museum
d5e561df-ed69-42f0-98ec-987df868d067,Aisha Singh,2002-01-11,Other,Japanese,9164221758,Gandhi Smriti Museum
0e9587d9-95ed-47d5-8c2f-9d72da269d41,Meera Chopra,1991-08-10,Male,Australian,9189777215,Gandhi Smriti Museum
f67d016e-67ba-4f18-924d-bc0624ccba22,Rahul Agarwal,1972-10-18,Male,Singaporean,9972387129,Gandhi Smriti Museum
5bdcac0d-5972-4945-add2-5517bab16af3,Karan Gupta,2013-04-11,Male,Australian,9555076294,Gandhi Smriti Museum
0914d876-7de9-4fe0-bb0a-dea4fc85021c,Aryan Patel,2005-03-13,Other,Canadian,9275285584,Gandhi Smriti Museum
dacbdc0a-3367-49c4-a9be-070937ac2b08,Neha Agarwal,2002-07-26,Male,Indian,9078612859,Gandhi Smriti Museum
de53dcaf-159c-43a2-a795-dc23d346fd05,Ishaan Patel,2000-08-28,Female,French,9799430243,Gandhi Smriti Museum
ea7eb462-c53b-48f1-b9fa-0d4f35f6a3f5,Pooja Bansal,1991-11-24,Other,American,9529609121,Gandhi Smriti Museum
58612703-18a4-47cd-8990-52fab330542d,Karan Chopra,2001-01-31,Female,Japanese,9056982493,Gandhi Smriti Museum
8d10d4de-3e79-445c-83df-6484db677c31,Sneha Chopra,2012-11-28,Female,UAE,9026562313,Gandhi Smriti Museum
36036707-540b-4b5b-a640-ac8d68e1ac55,Ishaan Agarwal,1971-04-26,Other,Japanese,9622270571,Gandhi Smriti Museum
83d349ce-e8c8-4cf6-8d16-c64fd21f7f0b,Priya Chopra,1977-02-17,Male,Singaporean,9020933549,Gandhi Smriti Museum
5b96a463-089e-4800-805e-051e943ea018,Rahul Chopra,1962-08-31,Other,British,9772093918,Gandhi Smriti Museum
beb3d004-f7aa-4e38-a8e0-5f8013017a32,Meera Gupta,1974-09-07,Other,French,9844517862,Gandhi Smriti Museum
682a067d-5d46-4687-b960-4c4219cb4863,Krishna Kapoor,1963-08-04,Other,Australian,9711656396,Gandhi Smriti Museum
eef797cf-0dc0-4bb9-a88a-659580321014,Pooja Singh,1979-06-14,Male,German,9378999829,Gandhi Smriti Museum
b265f51c-4685-4507-a606-02b224bc79a2,Neha Patel,1982-06-18,Female,UAE,9750905006,Gandhi Smriti Museum
e00a16af-c517-4684-8ee5-eacc9c8afd61,Priya Gupta,1992-10-25,Female,Australian,9130802469,Gandhi Smriti Museum
be4e9a2b-9f0d-4006-a147-bde6424cb21b,Krishna Singh,1977-06-29,Female,Indian,9789152301,Gandhi Smriti Museum
ba1d1231-ee5d-4493-9bda-e71a23ad3c74,Riya Sharma,1985-10-24,Female,Singaporean,9109524456,Gandhi Smriti Museum
f0dd1951-95d7-46b4-b4b0-a968e710f7b1,Aryan Singh,2012-03-16,Male,Indian,9160309808,Gandhi Smriti Museum
b461991a-3101-4688-beca-b9949782de53,Neha Chopra,1964-02-19,Female,French,9224031237,Gandhi Smriti Museum
91dad41b-a9d1-406d-82ba-e8e477eee500,Neha Singh,1980-06-05,Male,Indian,9983621157,Gandhi Smriti Museum
72a4b721-6763-4d1d-820d-3c173dbae658,Rahul Chopra,2000-04-16,Male,UAE,9077036484,Gandhi Smriti Museum
2e9b9fd5-871a-4f00-b415-6be90e900c53,Aarav Singh,1963-11-01,Other,French,9348651304,Gandhi Smriti Museum
b677e2c4-17c2-4ea8-8ffc-d1da5bf2b011,Aryan Bansal,1996-10-14,Other,Japanese,9168860217,Gandhi Smriti Museum
8d02a9f6-1033-4483-a5f8-521f5b86ed95,Krishna Chopra,1974-06-05,Male,Singaporean,9307931756,Gandhi Smriti Museum
7de3bd40-293f-45b1-8791-b8adac17a1c2,Rohan Agarwal,1960-10-24,Female,Japanese,,Gandhi Smriti Museum
6283c29a-559e-4d1b-add8-20c2d39bb248,Vivaan Chopra,1971-05-23,Male,Singaporean,9680660354,Gandhi Smriti Museum
3dc8aac5-b7b4-4fb7-ad10-3df00d0331dc,Sneha Kapoor,1966-04-02,Female,Singaporean,9358449080,Gandhi Smriti Museum
a142d202-8f8e-441c-adfe-4f14af3b0739,Riya Kapoor,1961-05-10,Male,Canadian,9688712187,Gandhi Smriti Museum
69c22a06-0583-4bbb-bd78-22994162bee7,Ishaan Verma,1980-12-02,Female,American,,Gandhi Smriti Museum
ca873539-8d69-448a-88c0-1490b5e59982,Krishna Patel,2003-07-29,Other,British,9022138414,Gandhi Smriti Museum
e511a3bd-91ef-41da-be66-0da3d23828a7,Rahul Singh,2006-02-19,Other,Australian,9866940948,Gandhi Smriti Museum
e8a2d90a-90e8-422d-96d3-7b58785200d9,Ishaan Kapoor,2014-05-03,Male,Japanese,9305725168,Gandhi Smriti Museum
46d92027-2ef5-46e1-b91f-57218bc5a939,Meera Chopra,2006-01-04,Female,Japanese,,Gandhi Smriti Museum
ed64abcb-c2f4-45c1-96e8-dc1a53001483,Arjun Gupta,2006-02-27,Other,French,9033809172,Gandhi Smriti Museum
cf512200-5388-4c72-b52e-1bf56927488f,Riya Singh,1966-10-06,Male,Canadian,9086459381,Gandhi Smriti Museum
0aa08956-9d32-4712-8982-cfb33d4fe8c8,Ishaan Verma,1972-12-19,Other,Australian,9465275011,Gandhi Smriti Museum
d0c074df-11ff-4619-9e11-c893afd08306,Aditya Sharma,2008-10-12,Other,Indian,9739735644,Gandhi Smriti Museum
ee27cf06-2e3b-4817-9c47-3a59d210ca21,Aisha Verma,2002-07-13,Male,French,9541506719,Gandhi Smriti Museum
47ff2a84-bce4-4b39-9b5f-735a54409c3b,Sneha Sharma,1992-09-22,Female,American,,Gandhi Smriti Museum
acaa566c-5d54-4c0d-ad66-10f89af47626,Pooja Kapoor,1972-05-09,Female,Australian,,Gandhi Smriti Museum
82ec2897-b034-4a09-9e27-c0fd4474d017,Pooja Verma,1987-04-12,Male,Australian,9033047680,Gandhi Smriti Museum
b3f9906d-c19e-4ce1-ac7c-769ba7c7e97e,Meera Singh,1995-10-26,Male,Singaporean,9467607076,Gandhi Smriti Museum
ee80609d-270d-4613-a040-4a55b0f04dce,Rohan Agarwal,1966-03-14,Male,American,,Gandhi Smriti Museum
5be6419f-e7c6-499e-983d-f131a72afe80,Kavya Verma,2001-10-18,Male,Australian,,Gandhi Smriti Museum
76c14b40-7fda-455b-a662-8e849d916275,Arjun Chopra,2007-04-27,Male,UAE,,Gandhi Smriti Museum
fcf43085-28e9-4f5d-b3d2-245e022bafba,Krishna Kapoor,2014-07-30,Female,American,9630083137,Gandhi Smriti Museum
327dc7f6-10bc-48f2-87c4-62930527a5ae,Pooja Mehta,2001-01-11,Female,Canadian,9895140478,Gandhi Smriti Museum
f8e52404-6b71-41e6-84c6-eda9e6fce1e9,Ishaan Agarwal,1988-06-30,Other,Singaporean,9964452790,Gandhi Smriti Museum
ce120125-c812-4c9b-bcd5-dd503e274026,Aarav Chopra,1997-01-30,Other,Indian,9245980828,Gandhi Smriti Museum
67a927e6-6f8f-4c48-833c-94086526f892,Vivaan Kapoor,1979-07-10,Female,UAE,,Gandhi Smriti Museum
1f48870f-bba4-4421-954d-ef1055486ec5,Neha Bansal,1994-04-17,Male,German,9956884234,Gandhi Smriti Museum
2a56de3c-ffb0-46b2-bc42-92a364a61c15,Aarav Chopra,1987-03-19,Other,American,9203894993,Gandhi Smriti Museum
6a936e97-37cf-4029-9220-bb26932aa7ce,Meera Sharma,2013-01-16,Other,German,,Gandhi Smriti Museum
8cdca850-1fe1-4e11-9737-70f1231650a8,Ira Agarwal,2014-01-24,Female,Australian,9890808603,Gandhi Smriti Museum
e25ceef8-dbec-4fda-9008-c8d1735ef016,Rahul Singh,2008-08-13,Female,Singaporean,9108494093,Gandhi Smriti Museum
0bc04990-c7d7-46e3-951b-2a961ec1d6dc,Ira Chopra,1999-05-14,Other,British,9913004059,Gandhi Smriti Museum
ba7cdc6f-6485-4fc6-9f22-b6c792d228cc,Priya Verma,2015-02-24,Male,Canadian,9589945151,Gandhi Smriti Museum
c805ae4b-df59-49de-b104-5d341301696a,Ishaan Kapoor,1961-08-23,Other,German,9969905197,Gandhi Smriti Museum
9ff747d7-024b-46d3-b091-6ceb497cec00,Rahul Kapoor,1997-07-11,Male,German,,Gandhi Smriti Museum
9d3f8f8a-6faf-4bc4-bf94-4395c7090c46,Sneha Agarwal,2002-01-05,Other,Australian,,Gandhi Smriti Museum
9a174c21-90eb-4e33-9073-a5faac375985,Rohan Singh,2007-04-01,Other,Australian,,Gandhi Smriti Museum
9bbfa8b3-0ef2-4c49-b32f-72b755d5946e,Meera Singh,1971-04-06,Other,Singaporean,9518277155,Gandhi Smriti Museum
b9fdf7a1-cdc1-4224-b2e5-1fbd532952a7,Meera Kapoor,1996-10-11,Other,Japanese,9463216606,Gandhi Smriti Museum
ed6f192d-6f4b-4d86-82c7-018b0580a2ab,Aisha Chopra,2008-02-29,Male,Singaporean,,Gandhi Smriti Museum
0043e8d0-1c82-4a3c-93b9-63f2d340ce44,Riya Patel,1960-09-01,Male,Canadian,,Gandhi Smriti Museum
b56f1aa1-055c-4623-b119-69b53707aecc,Krishna Bansal,1981-11-23,Other,German,9584479929,Gandhi Smriti Museum
db5ae093-ef43-424e-9c36-ad0de2e5bf9b,Ananya Gupta,2010-01-20,Other,German,9385909737,Gandhi Smriti Museum
c6bf2bda-a2e4-4332-9674-b12c050f444b,Arjun Gupta,2015-07-11,Male,German,9389073867,Gandhi Smriti Museum
8b45898d-fa97-4a7c-8e5d-da0f2fc75a0a,Vivaan Gupta,1995-02-28,Female,Singaporean,9431504074,Gandhi Smriti Museum
85c37cdc-dd69-4def-903d-f6b1c47c2c60,Ishaan Patel,2003-05-30,Male,Singaporean,,Gandhi Smriti Museum
5b944dc8-37cc-4590-b404-443f2a149c5b,Aisha Bansal,1975-10-28,Female,German,9735135756,Gandhi Smriti Museum
41a40026-8311-4945-98d2-2c70c76bf2ca,Aarav Singh,1993-06-01,Female,Singaporean,,Gandhi Smriti Museum
18d3067e-feef-4dba-8f0e-0df09a7f6e53,Ishaan Patel,1975-12-25,Female,Canadian,9984345213,Gandhi Smriti Museum
c8535c7a-8263-449e-ae97-908df91ab548,Sneha Sharma,2006-03-26,Male,British,9748323345,Gandhi Smriti Museum
8b474ecf-ccae-4c36-92d2-b9e4a474fec7,Karan Patel,1992-10-24,Female,American,9518054196,Gandhi Smriti Museum
500ab451-49cd-4ceb-b7af-d7cccf2d9740,Aarav Agarwal,1979-01-30,Female,American,,Gandhi Smriti Museum
5df0055c-7029-480c-a1e5-ecaaf6f69168,Ananya Kapoor,1963-10-29,Other,Japanese,9679067167,Gandhi Smriti Museum
036f6fc2-2eaf-441b-b534-06d367d8a733,Karan Sharma,2003-07-20,Female,British,9186733282,Gandhi Smriti Museum
ae1d5111-b419-4a6b-9784-b024381c3f99,Ishaan Mehta,2010-03-20,Other,British,9384337726,Gandhi Smriti Museum
04478322-0312-45f9-8b11-2f51c245bb86,Sneha Mehta,2015-02-26,Male,German,9382599562,Gandhi Smriti Museum
25a5abf8-edee-4f07-968b-222ef8b74a41,Pooja Patel,1993-09-23,Male,Japanese,9236729154,Gandhi Smriti Museum
9b2bd60d-8b7b-4e5c-8a52-2cdc27c43d93,Riya Mehta,1992-07-23,Male,Japanese,9305633968,Gandhi Smriti Museum
5ef09ac5-7df3-4fcc-b994-ca9666000c95,Meera Bansal,1962-09-21,Other,Canadian,9971695132,Gandhi Smriti Museum
4611318c-960d-458d-bb5d-2bda69de8edf,Ananya Patel,1966-09-08,Other,French,,Gandhi Smriti Museum
fa520315-7958-4b83-a67b-cc6601bff99a,Pooja Kapoor,1973-07-26,Other,German,9358175670,Gandhi Smriti Museum
ea72ed9e-2ec9-4ab2-90dc-738611521633,Meera Mehta,2006-11-12,Other,Indian,,Gandhi Smriti Museum
a34b83f1-27f8-4dd4-9da4-0321cac66855,Riya Agarwal,1966-03-21,Female,Australian,9771359438,Gandhi Smriti Museum
e7d05b0b-52cb-4afd-bdf2-1bb09ef17255,Rohan Gupta,1994-09-13,Male,Japanese,,Gandhi Smriti Museum
5e2d316b-c529-4100-970b-498facdf18a1,Riya Gupta,1974-09-25,Female,Singaporean,,Gandhi Smriti Museum
34510571-224e-45f2-a1ec-836a1afe9cd5,Priya Verma,1982-11-30,Female,Canadian,9020550806,Gandhi Smriti Museum
d8054a89-ed38-4687-ab13-bc7e495b6e53,Aditya Verma,1967-04-20,Female,UAE,9031200638,Gandhi Smriti Museum
4f649d9a-2bc2-422a-874a-080d3e2ab586,Arjun Sharma,1988-06-28,Male,Australian,,Gandhi Smriti Museum
456a1d27-8525-4acd-b589-a34979981f20,Ira Verma,2012-01-08,Female,German,,Gandhi Smriti Museum
a3d73f71-03d1-411f-9e01-967f19726ff3,Rohan Kapoor,1969-12-26,Other,Japanese,9682368000,Gandhi Smriti Museum
28291b8b-012c-4199-9ead-9d7e49f6b707,Neha Singh,2002-08-24,Other,Indian,9526384221,Gandhi Smriti Museum
05e145f0-6912-4d6c-b78f-ed84513c9def,Pooja Kapoor,2000-01-25,Female,UAE,,Gandhi Smriti Museum
9f4c6d70-2e28-4fcb-b54d-5dffdbcb814f,Aarav Mehta,1988-06-09,Male,Australian,9711760083,Gandhi Smriti Museum
7167f366-52e5-40bd-89b2-2c8f6afdfa88,Aditya Agarwal,1984-01-07,Female,Singaporean,,Gandhi Smriti Museum
6ed333b7-093d-443d-99e9-7713de87aaa4,Rahul Patel,1998-08-31,Male,Canadian,9229734750,Gandhi Smriti Museum
b3f925b9-a7f0-4c6b-8d65-fc0e779e5ab8,Kavya Patel,1979-11-23,Female,American,9052969756,Gandhi Smriti Museum
849f6a2d-6288-46b1-b3f7-bb72f18ba540,Sneha Patel,1983-04-05,Male,UAE,9476553489,Gandhi Smriti Museum
99dee1a3-4319-44aa-9c93-701ae0ba718b,Kavya Agarwal,1961-07-31,Female,UAE,9038393449,Gandhi Smriti Museum
fc018e48-c1f7-4e83-b61a-1ac9a79b346c,Riya Sharma,1983-04-12,Female,Singaporean,9863555601,Gandhi Smriti Museum
ac643fea-0c74-4bf4-8966-8cf18bb3cb6c,Aryan Mehta,1983-12-12,Male,Japanese,9492792296,Gandhi Smriti Museum
fef7ec4a-8dbf-46c7-a2d1-c7eb561c6d3c,Rahul Sharma,1983-08-02,Female,Singaporean,9828549963,Gandhi Smriti Museum
243c0abc-bddf-49e1-8f10-56ab05f2951f,Kavya Mehta,1991-12-07,Male,Japanese,,Gandhi Smriti Museum
8c170f44-0c24-45ba-b0b6-d18a65657298,Sneha Bansal,1963-12-12,Other,Japanese,9124330657,Gandhi Smriti Museum
cf765da3-8a2e-4e6a-a94e-a4a3ea6f4254,Arjun Agarwal,1968-11-16,Female,Canadian,,Gandhi Smriti Museum
16dd649a-6434-4fa6-975b-d1d82941cd4a,Rahul Sharma,1973-02-11,Male,Australian,9865413136,Gandhi Smriti Museum
261d41f5-150b-4fae-89bd-c7af9d55d918,Ishaan Patel,2000-06-15,Male,French,9032667402,Gandhi Smriti Museum
a462d316-42da-481a-9c78-be45aa772c08,Aisha Gupta,1974-11-13,Other,Indian,9698190752,Gandhi Smriti Museum
cae95cd3-1208-4852-a9e2-2d9b4fe9222c,Priya Singh,1983-09-01,Male,Singaporean,9122562981,Gandhi Smriti Museum
3e03cf1a-b8d1-4682-88ed-bb90b6cdc7b9,Kavya Mehta,2005-02-22,Female,American,9425471738,Gandhi Smriti Museum
db53c551-478a-4d7d-8205-f028372ed26c,Neha Mehta,2001-02-10,Female,Singaporean,9315832253,Gandhi Smriti Museum
75454d99-e5b0-4c02-9c93-c4f512916a98,Sneha Verma,2010-10-14,Female,German,9619795721,Gandhi Smriti Museum
da30424f-f5a3-45e5-a48d-b39bf91b00eb,Ananya Agarwal,2000-05-06,Other,Indian,,Gandhi Smriti Museum
85159861-d30d-4fcd-b574-c2854203ec04,Meera Mehta,2000-04-02,Female,French,,Gandhi Smriti Museum
4393935f-7020-4537-9c5c-a8eb4b326bb6,Meera Kapoor,2006-05-08,Other,French,9997895098,Gandhi Smriti Museum
aba96807-ec49-4a10-ad1f-72d79e9c7536,Arjun Bansal,1991-03-27,Female,German,,Gandhi Smriti Museum
b375e4ab-433a-4e2c-ad0c-432e260b51d4,Rohan Sharma,1994-05-16,Male,German,9369493601,Gandhi Smriti Museum
7191d544-a46c-429d-a5b8-7803367aec63,Rohan Agarwal,1987-01-07,Other,Japanese,,Gandhi Smriti Museum
5429429d-1ec1-4da3-93b8-042d8094c041,Krishna Sharma,1961-01-05,Male,French,9028227425,Gandhi Smriti Museum
92c10bd0-2004-4495-ac9a-de8e5ccd768d,Riya Verma,1975-10-11,Other,UAE,,Gandhi Smriti Museum
fe47ab3d-f6ff-48be-83fc-f201fb6e7d20,Karan Singh,1977-05-01,Female,Indian,9270756522,Gandhi Smriti Museum
5294a424-dfd5-460a-a195-fa68ac092af3,Aditya Bansal,1985-11-21,Female,Japanese,,Gandhi Smriti Museum
ad32b587-e0ce-477c-9f03-ff7f76fba428,Ananya Verma,1960-08-16,Male,Japanese,9892949170,Gandhi Smriti Museum
b02dee56-d190-4ccd-8366-1e4fd958a916,Neha Patel,1994-08-02,Female,French,,Gandhi Smriti Museum
92d40764-4c37-40a4-a23f-82945c678214,Ira Patel,1975-08-01,Female,UAE,9527303133,Gandhi Smriti Museum
44a1e6f2-e33c-4293-b048-c4b471139614,Karan Verma,1980-02-11,Male,French,9753977684,Gandhi Smriti Museum
d026228a-f615-4f1a-b159-f186a4cdf019,Krishna Bansal,1971-04-02,Male,Japanese,,Gandhi Smriti Museum
4766c0ce-9238-4e6e-ad79-25d0c7a3049d,Aarav Gupta,1984-04-15,Male,Japanese,9603621085,Gandhi Smriti Museum
197d7c37-46ee-4987-979d-cac67a73059d,Aisha Sharma,2002-06-21,Other,British,9858549796,Gandhi Smriti Museum
448b8b4d-ca85-405c-83e6-cbedc93bfee3,Karan Chopra,1997-04-04,Female,British,9347830967,Gandhi Smriti Museum
1d5de17a-d7ca-4823-92ed-91672f7a543d,Sneha Verma,2012-02-17,Other,UAE,9580975922,Gandhi Smriti Museum
3e3a7dc5-5ef4-4bd9-83d4-6eb336c8de63,Neha Bansal,1988-03-28,Male,UAE,9452762858,Gandhi Smriti Museum
fa0612b3-8c2c-48a1-844e-1138d0d3259f,Aisha Mehta,2014-05-30,Other,Singaporean,9374174802,Gandhi Smriti Museum
466dc3bb-e364-47b5-b2d7-709fc95edc24,Vivaan Patel,1985-11-10,Male,French,,Gandhi Smriti Museum
61496edb-ef77-41d7-b644-5a7cfa473440,Sneha Chopra,1984-09-09,Male,Japanese,9982682940,Gandhi Smriti Museum
0a3a5124-a73e-47d1-b726-fae1e7b6dca1,Rohan Agarwal,2008-06-27,Female,British,9468563680,Gandhi Smriti Museum
926e8bf8-1eee-490e-8180-d966a2850c26,Ishaan Sharma,1975-11-03,Male,British,9269179799,Gandhi Smriti Museum
13cc07f5-11af-4741-bd16-ac6d09396622,Aryan Singh,1976-12-27,Female,American,9653447063,Gandhi Smriti Museum
a8f5d1e4-23ce-41a5-9c9f-260da7d0fa16,Kavya Sharma,1994-04-23,Female,German,,Gandhi Smriti Museum
471490ec-884d-4d05-9492-70d8891f41a9,Meera Mehta,1965-11-16,Other,British,,Gandhi Smriti Museum
05d2128f-698e-4195-8547-2ccfdb9f34ac,Ira Mehta,2013-11-26,Female,American,9408314561,Gandhi Smriti Museum
059c5ed1-56d8-4c38-a54e-2deaf6eb7691,Ishaan Mehta,1970-12-07,Female,Indian,9440581449,Gandhi Smriti Museum
659dba82-fa37-4cf2-aacc-52147861a56d,Sneha Verma,2009-03-14,Other,UAE,9259845212,Gandhi Smriti Museum
a7d0f032-8c1e-4eba-95cb-4e64d15977a9,Riya Chopra,2001-03-08,Male,Australian,9746745131,Gandhi Smriti Museum
fb388070-c437-4859-9a31-3bc7f77f26bd,Sneha Patel,1993-10-10,Other,Japanese,9211224384,Gandhi Smriti Museum
90bfe688-9495-4611-84c8-fbfb574f041b,Riya Mehta,1962-02-05,Male,French,9307021888,Gandhi Smriti Museum
425e8e18-0d3e-4091-935b-3926e139413a,Arjun Kapoor,1961-03-20,Other,American,9080170341,Gandhi Smriti Museum
649aae4c-5ecf-42a6-bc0b-1d229d07cf76,Aryan Bansal,1966-10-05,Female,Indian,,Gandhi Smriti Museum
8e635b4f-5405-4e0a-b55b-82b9acf1c87d,Rahul Gupta,2001-03-19,Female,German,9368432934,Gandhi Smriti Museum
809c0741-0f38-4318-b32e-08c144be0ff2,Riya Patel,1963-11-25,Male,American,9473479100,Gandhi Smriti Museum
c1494169-6d98-49fa-972c-9c0be23e2731,Arjun Kapoor,2003-08-19,Male,Indian,9561750627,Gandhi Smriti Museum
470caeb9-4fbc-44e2-a4d7-ee3d01ecc2a5,Neha Sharma,2003-11-29,Other,Singaporean,9822273140,Gandhi Smriti Museum
47974832-2a1c-4126-88d5-dc7dbeda7d39,Ira Singh,1979-10-01,Other,British,9635459206,Gandhi Smriti Museum
21955bd8-926e-4d32-9657-79c51f8bb114,Aisha Agarwal,2005-05-31,Female,British,,Gandhi Smriti Museum
17ec77f1-7ccc-4126-bb8e-d72c4849ff66,Krishna Bansal,1985-06-23,Female,British,,Gandhi Smriti Museum
8b3897ea-78b1-45ae-b521-1d81bd81b5c0,Meera Chopra,1975-09-12,Male,Australian,9023725657,Gandhi Smriti Museum
11e07e88-8d41-4881-bd8b-8861a8444b65,Riya Sharma,1962-09-12,Male,Japanese,9891693855,Gandhi Smriti Museum
ea838768-abde-43f7-9fdb-dc7e55b9ac28,Rohan Singh,1997-06-07,Female,American,9107817585,Gandhi Smriti Museum
667a86c7-760d-49ea-bd9c-d1d6d6ff51b8,Ishaan Patel,1987-10-14,Male,UAE,9867840452,Gandhi Smriti Museum
e47ea716-6813-472b-8459-dfc67c8b0a6d,Neha Agarwal,1999-09-16,Other,Singaporean,9880821178,Gandhi Smriti Museum
70446db1-d2d2-441c-9241-8cac2c36cc47,Ishaan Mehta,2005-04-07,Male,Canadian,9320348137,Gandhi Smriti Museum
5695b83e-364d-4416-8ec9-08188e3b41da,Ira Kapoor,1998-06-21,Male,Japanese,,Gandhi Smriti Museum
985480f5-715c-4cf8-8909-0edd8385620d,Ira Agarwal,2015-03-08,Female,UAE,9824860615,Gandhi Smriti Museum
93e8cf7f-f359-4858-b2e3-b78ce5096626,Ishaan Verma,1970-08-13,Male,Canadian,,Gandhi Smriti Museum
d94f85ab-5d30-471a-82ab-56956464fcbd,Ananya Verma,1972-01-23,Male,British,9846448624,Gandhi Smriti Museum
adef58e6-5895-4602-88b9-184e15e5d899,Aisha Sharma,1975-05-21,Female,German,9760367091,Gandhi Smriti Museum
23381ced-a5be-4dbd-ab87-e8927a8b1b3e,Priya Singh,1962-05-17,Female,French,9864845855,Gandhi Smriti Museum
6300fa74-a2b7-4d7b-b0ca-a893ca0c96a2,Riya Sharma,1965-12-19,Other,German,9563391982,Gandhi Smriti Museum
a4377d03-ac43-4bcb-ae2f-6838062ed8f0,Riya Singh,1965-09-02,Other,French,9336303646,Gandhi Smriti Museum
13ed5735-474d-491f-8905-28cf9d995a23,Meera Gupta,1980-02-26,Other,German,,Gandhi Smriti Museum
6959eb9f-dcf3-4d68-8fb9-ddec0b264170,Rohan Agarwal,1997-03-13,Male,UAE,9923178194,Gandhi Smriti Museum
765db3be-9fea-40db-86d7-1e0f1a539733,Priya Singh,1977-05-22,Other,Australian,9453763602,Gandhi Smriti Museum
45b18e77-b4d0-454f-a7fd-9ddaaf85aa03,Ira Agarwal,1978-11-14,Other,UAE,9017993005,Gandhi Smriti Museum
351e7a8a-900b-4fac-a7e4-53532de02d0d,Aarav Chopra,1975-11-05,Female,UAE,9991188797,Gandhi Smriti Museum
cbb50e8b-052b-45fd-86ee-0c454141c1b8,Aryan Verma,2003-05-05,Male,American,9318642286,Gandhi Smriti Museum
853ecaf3-fc5c-4413-b33a-a3c623141527,Aryan Bansal,1984-07-16,Other,Singaporean,9203705139,Gandhi Smriti Museum
cb43467d-63d5-4102-b4d0-9955d19148c0,Ira Verma,1968-10-04,Male,Singaporean,9119805047,Gandhi Smriti Museum
faa352cb-0da9-48bc-a321-e781fdc62a24,Priya Agarwal,1969-02-14,Male,Japanese,9217140648,Gandhi Smriti Museum
73e9a8df-8408-413c-83b4-b16c1b9eb541,Aisha Bansal,2000-10-31,Other,Indian,,Gandhi Smriti Museum
7ca57c81-8bc6-4e53-a0de-9abfb00f166a,Aditya Gupta,1960-03-23,Male,German,9504892360,Gandhi Smriti Museum
b50508ba-782a-4bbb-93cc-8c40f16df125,Ishaan Chopra,1966-09-12,Female,American,9750212417,Gandhi Smriti Museum
55a50efc-2e0a-4872-a6f8-8fe6874028f9,Pooja Singh,1973-03-01,Female,British,9420727407,Gandhi Smriti Museum
5ab85e58-1cbd-4499-b860-8c9ae0cfc8d5,Pooja Sharma,2009-10-26,Other,British,9490700937,Gandhi Smriti Museum
3788a0bc-7dde-4e5e-a2d8-d590cb47b99e,Riya Mehta,1962-06-24,Female,Singaporean,9825960450,Gandhi Smriti Museum
4589d1c2-9bc2-471e-8970-76b3f6a36b39,Neha Mehta,2009-03-26,Female,Australian,9911781494,Gandhi Smriti Museum
384a740e-7905-496b-ba4a-1f94de9b0ff0,Sneha Mehta,1960-12-27,Male,Indian,,Gandhi Smriti Museum
59130299-4af1-4f44-95ce-7417bac73d57,Aryan Bansal,1969-03-12,Other,American,9783300136,Gandhi Smriti Museum
80980420-7670-440f-a412-e813854e1a9d,Vivaan Mehta,1981-09-09,Other,Singaporean,,Gandhi Smriti Museum
16a0e039-9e64-498d-a326-227a7f2aaaab,Karan Patel,1960-09-03,Other,German,,Gandhi Smriti Museum
a02b7b07-bf48-41bd-a010-41f0b9b3d674,Rohan Agarwal,1972-08-03,Male,French,9226200188,Gandhi Smriti Museum
2d41e900-acf7-44e1-81dc-bc5c5b1c4a00,Aisha Kapoor,1981-02-09,Female,German,9539356762,Gandhi Smriti Museum
03374a44-cb61-4cf1-bb10-281c90c6449f,Sneha Agarwal,1983-10-20,Other,American,9992798247,Gandhi Smriti Museum
764f5776-ab40-4164-86e6-a54165ac1d46,Sneha Agarwal,1988-12-09,Male,German,,Gandhi Smriti Museum
3c6a577b-f6bc-4fe6-b8e2-26cc731ec7b3,Arjun Gupta,1961-10-27,Other,French,9975446833,Gandhi Smriti Museum
63c2af32-c4e8-4c6c-ba0d-53eec8579c4d,Rahul Sharma,1990-05-10,Female,French,9051888247,Gandhi Smriti Museum
98c79309-1bf6-449a-a217-c25d8df75491,Neha Mehta,2000-10-10,Other,French,9772259328,Gandhi Smriti Museum
dc32c88f-1b03-474f-9594-f64a41ca6dec,Meera Agarwal,1977-01-16,Male,Australian,9406237624,Gandhi Smriti Museum
6a3c0c13-c011-4400-90ff-ae5f50d5580c,Aditya Gupta,1963-12-08,Female,Canadian,9563840632,Gandhi Smriti Museum
fd0fb4b5-aae2-4039-9f1a-c13339cf0e19,Ishaan Chopra,2001-08-20,Female,French,9766262523,Gandhi Smriti Museum
05cba7d6-13d4-4b8e-b2ec-6c50b07f87a2,Sneha Patel,1964-12-02,Other,Japanese,9044617563,Gandhi Smriti Museum
51299cf4-7e1c-4629-b6b6-e6fe5a2b2c8d,Vivaan Sharma,1973-03-13,Male,German,9618147412,Gandhi Smriti Museum
2bc0ac29-7c64-4892-96b9-c48c0a916c81,Aisha Agarwal,1985-03-27,Female,German,,Gandhi Smriti Museum
06469613-9833-4656-9a16-d5b590d9690c,Kavya Verma,2014-11-01,Female,UAE,9607729623,Gandhi Smriti Museum
060a33c8-b098-4237-b0c8-903f93594e58,Sneha Mehta,1978-08-23,Other,French,9554361274,Gandhi Smriti Museum
358bbaec-a6f1-462e-a7fe-d181bdac39af,Kavya Bansal,1976-04-01,Other,British,9662170888,Gandhi Smriti Museum
cf53055b-53ae-4c7f-a029-bf3b7f9e80da,Aditya Singh,1992-03-20,Female,Australian,9715176513,Gandhi Smriti Museum
8a3f8095-2b30-4e6f-ab73-43c0db968dbc,Meera Patel,1970-02-22,Female,Japanese,9760388889,Gandhi Smriti Museum
646730dd-b5e8-4e77-b3fc-e3f516517405,Aditya Singh,1991-07-16,Other,Singaporean,9289660064,Gandhi Smriti Museum
80f00a78-6251-4ad2-b120-72b1b9b0bc36,Meera Sharma,1999-10-17,Male,Japanese,,Gandhi Smriti Museum
c4733b4b-1b2c-4c22-ade9-4f6b8950196e,Ira Chopra,1976-11-04,Male,Indian,9367516878,Gandhi Smriti Museum
f0b50628-9af7-4547-a1cb-db60e8a371b1,Krishna Bansal,1963-03-14,Other,Indian,9595424934,Gandhi Smriti Museum
73ec3c4a-32f2-49c1-aa74-fe672f58953b,Kavya Gupta,1977-01-01,Other,British,9781376071,Gandhi Smriti Museum
36e5fb95-57fb-4513-bb8f-1e3861824920,Riya Mehta,1981-05-18,Female,Japanese,9136870833,Gandhi Smriti Museum
3afddc96-9604-4241-9098-9db1255fad99,Ananya Singh,2004-12-15,Female,Australian,9158694757,Gandhi Smriti Museum
978deb6b-ef29-4d7b-8aa3-04c255f1d8bd,Rohan Sharma,2001-02-20,Female,Japanese,,Gandhi Smriti Museum
81cf29cd-d029-4cc1-a68e-d6a58383b6fc,Aditya Bansal,1963-03-22,Male,UAE,9141063185,Gandhi Smriti Museum
67dfd979-f3b8-4c47-b2b4-6a5c6bf45b77,Pooja Chopra,2005-05-16,Male,Indian,,Gandhi Smriti Museum
284a57dd-5d7c-4882-b009-d4193a47f1fe,Kavya Chopra,1976-11-30,Female,Canadian,,Gandhi Smriti Museum
b026fd5e-9b61-4363-83db-78e83f220aab,Meera Kapoor,2013-09-03,Female,Canadian,9839537984,Gandhi Smriti Museum
5bb087df-68b6-40d9-8169-a9a46c7bd01d,Pooja Sharma,1992-09-22,Male,French,,Gandhi Smriti Museum
f32aa7ab-c53b-43f6-82c4-c57821b94cad,Riya Agarwal,1988-09-18,Male,German,9712143418,Gandhi Smriti Museum
f63c9562-6672-4114-a598-e68fca40132f,Priya Kapoor,2012-10-16,Male,Indian,,Gandhi Smriti Museum
e8b49cd3-49bb-4798-ac60-3ea62998a500,Ananya Sharma,2014-06-22,Female,Canadian,9219610248,Gandhi Smriti Museum
7e88a3c0-19d3-4a49-b16b-92ed2835dbc4,Aditya Patel,1984-06-24,Other,French,9059260768,Gandhi Smriti Museum
e9a26d30-54f1-48c9-b425-8fa2f50c6aee,Karan Gupta,1986-11-26,Other,Indian,9192761340,Gandhi Smriti Museum
8c7e4355-3269-434d-8278-e8ec2a4498a5,Ira Bansal,1979-02-14,Male,German,,Gandhi Smriti Museum
72ebfd5c-e66d-4b5a-b625-d995f2858e83,Pooja Bansal,1986-01-07,Other,German,9204703110,Gandhi Smriti Museum
48fce8f7-fce7-4150-b2ed-f1b828b69e76,Ananya Bansal,2000-08-07,Female,Australian,9403850843,Gandhi Smriti Museum
51021af1-f1cb-4632-9624-af53e055686c,Rohan Mehta,1967-03-15,Female,Indian,9104501393,Gandhi Smriti Museum
84a99b80-f70a-4bf6-bab5-d9fba56d5860,Sneha Verma,2008-01-22,Female,Japanese,9635234523,Gandhi Smriti Museum
08d294c3-d490-4fed-ae22-9f393604611f,Aryan Agarwal,1960-10-16,Other,Singaporean,9110275896,Gandhi Smriti Museum
bbce8593-d3f8-4205-8e9d-9dc086f53e8a,Aisha Verma,1980-06-14,Female,Singaporean,9880941317,Gandhi Smriti Museum
88870344-6269-4cf8-a7bb-ca552ce035f7,Kavya Chopra,1997-12-09,Female,Japanese,9248354131,Gandhi Smriti Museum
3d5a8987-c7ed-4ecb-ad72-7130b7406137,Rahul Agarwal,1985-06-01,Male,Indian,9964308665,Gandhi Smriti Museum
e0e516f9-5cdb-4af6-8945-6760153a270e,Rahul Agarwal,1968-08-31,Other,Singaporean,9212019354,Gandhi Smriti Museum
757685ee-b4f7-4cb5-98bc-ebb21683dc00,Vivaan Bansal,2007-02-02,Male,UAE,,Gandhi Smriti Museum
6264cd2d-7b2a-4897-9dd8-d97213fc5966,Aarav Kapoor,2013-11-14,Female,Indian,9886288973,Gandhi Smriti Museum
de1d44cf-c6d0-41e4-b154-a90d96527b21,Meera Sharma,2014-02-10,Female,UAE,9050229479,Gandhi Smriti Museum
79e20b14-513e-44c1-b1eb-62ef8cf3a293,Meera Gupta,1984-08-04,Male,American,,Gandhi Smriti Museum
50a81327-2e85-4c75-82ea-3ff82903cf7c,Pooja Chopra,1963-05-07,Other,Indian,9212597475,Gandhi Smriti Museum
702f66fc-3efe-44c3-89f2-789e4165fe6d,Arjun Verma,1999-08-25,Female,Canadian,9161307235,Gandhi Smriti Museum
f31eb675-093a-4614-80c4-7d85c03553fb,Kavya Kapoor,1972-10-31,Other,Canadian,,Gandhi Smriti Museum
6e1a8ac1-cb5f-4c36-8d2e-4a77b6cfe6d6,Ishaan Mehta,1985-08-09,Female,Japanese,9986636552,Gandhi Smriti Museum
9289c240-c1ae-4173-96f6-9ee6a5d465c7,Aryan Bansal,1961-05-01,Other,American,9113023341,Gandhi Smriti Museum
bc26b5a4-9906-43e5-98ae-cf409c8939a6,Neha Kapoor,1988-12-20,Female,Canadian,9858210769,Gandhi Smriti Museum
23bbff33-a8e3-41c3-92b4-588e4366ccee,Pooja Mehta,2009-10-30,Female,Japanese,,Gandhi Smriti Museum
2e307c54-6d3e-4705-a192-f0b8a2e5e60e,Riya Patel,2012-08-08,Other,Japanese,9548848177,Gandhi Smriti Museum
26679cec-a482-4513-8b96-6cd8465dd5de,Meera Agarwal,1973-10-11,Male,German,9362603431,Gandhi Smriti Museum
936b2caa-b5e1-4ba7-8332-b5fc46da35a0,Aarav Singh,1968-07-18,Other,Indian,,Gandhi Smriti Museum
87b6f0e0-3ff6-404c-bd07-79319e055184,Vivaan Singh,2004-07-24,Female,Indian,9211298670,Gandhi Smriti Museum
66d306e9-ebee-4952-9126-f9958231266d,Rahul Sharma,2003-04-10,Male,Canadian,9082924199,Gandhi Smriti Museum
f0da24a6-9169-4d1a-b40e-9e8f1defc7c3,Kavya Mehta,2015-03-28,Other,Canadian,9947048841,Gandhi Smriti Museum
10487d0e-8854-424b-b5d3-55a3f8671c25,Aditya Mehta,1985-05-19,Other,Canadian,9491080124,Gandhi Smriti Museum
53099d34-da56-4b99-9cba-e3cc8b14432c,Priya Patel,2015-04-14,Female,American,9276133661,Gandhi Smriti Museum
1e118b13-5f8d-4cf0-9675-0d0d731819ab,Ananya Gupta,2003-08-02,Other,German,,Gandhi Smriti Museum
d3c7b2ab-f596-44e6-b85b-5f9d03fe40a4,Neha Singh,1963-11-30,Male,Indian,,Gandhi Smriti Museum
98d0dafd-ef78-4341-9e50-376e120c0069,Karan Chopra,1986-12-14,Male,Australian,9941917346,Gandhi Smriti Museum
4a4831a1-865d-4dda-b6d8-452b87dd30a3,Neha Agarwal,1965-05-27,Female,American,9343211424,Gandhi Smriti Museum
a52a1268-0817-4a16-b130-084284156d61,Arjun Verma,1993-08-27,Male,Canadian,,Gandhi Smriti Museum
231ecc12-80ca-427b-a68b-fd56492f6c3d,Rohan Patel,1994-05-28,Male,Australian,9243041380,Gandhi Smriti Museum
4a1717e5-77b0-49dd-9b47-fa66e2fd2b24,Rahul Patel,1965-08-21,Other,Japanese,9854741487,Gandhi Smriti Museum
a49206e3-f2da-4f12-b3bb-0fc2ff104ade,Riya Singh,1985-04-08,Other,UAE,9769382203,Gandhi Smriti Museum
1b5864e3-8312-4c8c-b4d8-7fc26368e493,Rohan Patel,1968-02-25,Female,Indian,9159243115,Gandhi Smriti Museum
e24a45d4-569b-4bbc-91ad-cedc433ed246,Ananya Singh,2001-09-13,Male,Japanese,9079357210,Gandhi Smriti Museum
484cc34f-a834-4dbc-a2bc-d93b270cafbb,Aditya Kapoor,1975-10-02,Female,Indian,9179687778,Gandhi Smriti Museum
8448723e-fc3c-4c8a-9f98-e043db105f34,Ira Sharma,1996-07-06,Other,German,9177044775,Gandhi Smriti Museum
0ff7d9d5-9dab-40b5-aa19-a5c7c6c0a97b,Aryan Agarwal,1962-06-04,Other,American,9448404769,Gandhi Smriti Museum
809a619d-6321-4d6e-a848-02656eff751f,Arjun Sharma,1965-04-13,Male,American,9816966638,Gandhi Smriti Museum
b81c3050-e741-4a6b-9792-c09850db2ed7,Ananya Mehta,1994-09-15,Other,British,9029457112,Gandhi Smriti Museum
ccb959f6-1657-43f3-993c-d3dca93e3239,Ananya Agarwal,2006-06-02,Female,French,9391632494,Gandhi Smriti Museum
94d4ea85-0591-47c7-9181-e60aa927a552,Riya Patel,1981-05-13,Other,French,,Gandhi Smriti Museum
6c3ceba1-b34c-4bdd-b3f4-03a84864d36b,Ishaan Agarwal,1972-03-11,Female,American,9386836310,Gandhi Smriti Museum
ce993b0e-516e-47d6-b785-badd83ab07af,Aarav Mehta,1975-09-30,Male,Indian,9915898345,Gandhi Smriti Museum
f30def94-4dca-47aa-b80e-675fecb18214,Ishaan Bansal,1962-05-02,Other,Indian,,Gandhi Smriti Museum
25351090-c4f4-4f4f-898b-61ccdee3d937,Riya Gupta,2011-10-21,Female,French,9998556343,Gandhi Smriti Museum
34161f15-ae1d-4945-9371-717ecd962ff8,Rahul Kapoor,1973-10-25,Male,German,9228228829,Gandhi Smriti Museum
4828233f-9d40-4b4b-91d8-35d07f982cdc,Meera Verma,1996-11-06,Female,British,9306201770,Gandhi Smriti Museum
89dcd375-a1f6-403f-8336-fe166c5fe793,Karan Gupta,2002-07-20,Male,British,9095854981,Gandhi Smriti Museum
4a3e7451-7571-410e-9d8e-92d8d423c1b2,Aisha Agarwal,1965-12-28,Female,British,9901619851,Gandhi Smriti Museum
425484ec-f9ed-4a6c-8b71-6feab4b24d59,Aisha Bansal,1990-02-26,Male,Indian,9193370230,Gandhi Smriti Museum
14bac203-70df-40a6-9752-51e5e7c12b2e,Krishna Singh,1984-03-25,Male,Indian,9908239678,Gandhi Smriti Museum
e992951b-892a-459a-943f-0660a46480c2,Priya Kapoor,1970-12-16,Female,Japanese,9288637317,Gandhi Smriti Museum
3685be95-4dba-4993-84d4-9e2a0d6a337b,Riya Gupta,2007-12-04,Other,Japanese,9906945859,Gandhi Smriti Museum
514ca6e3-c662-4c32-bdf0-aeeefaa2ff73,Arjun Chopra,1985-05-24,Male,American,9601430937,Gandhi Smriti Museum
25c6b9ba-3dd2-4ab5-b76d-7c5d44cdb9e6,Kavya Chopra,1960-10-22,Female,Japanese,9862749079,Gandhi Smriti Museum
bc98e223-6043-42d2-9783-20c3f3163e87,Neha Agarwal,2001-08-04,Male,Japanese,9534731916,Gandhi Smriti Museum
1826063b-47e5-480e-8f58-f1abf2ad41a8,Karan Agarwal,2005-10-29,Female,Indian,9738494372,Gandhi Smriti Museum
10406525-0b87-4840-9722-f3daa289cda5,Sneha Mehta,2012-07-12,Female,UAE,9669516655,Gandhi Smriti Museum
d9e51412-ea8c-4bdb-8e4f-f8eb9bf1763b,Arjun Kapoor,1979-11-17,Male,Indian,9575669108,Gandhi Smriti Museum
f57baee5-3172-4a3a-bd77-7462e33a2c67,Rohan Kapoor,1967-07-13,Other,Australian,9407838314,Gandhi Smriti Museum
58c86290-c0a4-48ae-be4d-5ce4a4f7f9cc,Kavya Bansal,1980-08-08,Other,Japanese,,Gandhi Smriti Museum
f4af7ae4-d25b-4780-a2aa-efd0bd7c45c8,Ira Chopra,2015-07-29,Female,Indian,,Gandhi Smriti Museum
0f6138ba-9c6d-4823-b96d-5f0836745ff4,Rahul Gupta,1977-06-07,Other,Canadian,9653631419,Gandhi Smriti Museum
71d754d6-c8e1-46da-b03f-4253827db31a,Neha Bansal,2002-03-09,Male,American,,Gandhi Smriti Museum
4e328259-cd86-4391-853a-ef8525735675,Kavya Bansal,1967-08-28,Female,Singaporean,9212899643,Gandhi Smriti Museum
ccc55a82-d9d2-4ed0-8a9e-91791b7648e1,Vivaan Mehta,1988-10-03,Other,Canadian,9840109165,Gandhi Smriti Museum
630d4d94-0846-41cf-abdd-8e27597430f3,Krishna Sharma,1993-06-07,Other,Indian,,Gandhi Smriti Museum
e725bf3b-a88e-4508-bd0c-cb181588f911,Aarav Verma,2014-12-22,Other,Singaporean,,Gandhi Smriti Museum
9b11bec7-3a09-46fb-9bf8-12b2368ebd28,Aarav Chopra,1971-11-20,Male,Singaporean,9258178723,Gandhi Smriti Museum
018ccaf8-15c6-4475-ab1e-07f5c052b475,Meera Agarwal,1977-02-26,Female,Japanese,9932397878,Gandhi Smriti Museum
645a25e0-9040-4ef7-9e85-d1899ba2fd29,Krishna Kapoor,1973-09-12,Female,Japanese,9038763077,Gandhi Smriti Museum
1879f486-4106-482b-9d73-b4706ca4a7fe,Ishaan Kapoor,1968-09-19,Other,British,9918374971,Gandhi Smriti Museum
5cc0608c-f63a-4c9b-9d17-1e3247e97b83,Aditya Patel,1975-12-25,Female,French,,Gandhi Smriti Museum
0e6661ed-3d05-47f2-8b9d-f19a991b9d75,Kavya Mehta,2007-12-17,Other,Australian,9489513544,Gandhi Smriti Museum
2bd7b03e-5be7-4059-b36d-967ccf424839,Priya Chopra,2004-01-09,Female,British,9915590607,Gandhi Smriti Museum
2c305e85-ca94-4efd-a4e8-debd1a65786d,Karan Verma,1992-10-16,Female,German,9539540747,Gandhi Smriti Museum
78ff2624-ce68-434c-93ec-4736e30ff5d7,Karan Mehta,2003-12-05,Other,Singaporean,9280689172,Gandhi Smriti Museum
8e4f50a7-16f7-4d40-9b2b-2f5a7f6ec5d6,Krishna Verma,1974-06-22,Other,Canadian,,Gandhi Smriti Museum
cc190f7f-eb25-4af9-8f29-d08f1d24d484,Riya Chopra,2007-10-09,Other,British,,Gandhi Smriti Museum
4045a0fd-4e23-4993-ab49-e4c51a1f5475,Ananya Singh,1981-08-18,Male,French,9313884714,Gandhi Smriti Museum
717f66b7-6cf8-4dcc-a228-b422d5ca8883,Kavya Agarwal,1991-08-05,Female,British,9453126757,Gandhi Smriti Museum
b5967ca3-2254-479c-8feb-f9fe75b0729e,Ira Singh,1998-07-21,Female,Singaporean,,Gandhi Smriti Museum
6d051547-2967-4adf-8dfb-f2fc05d048d1,Arjun Patel,2004-02-28,Female,Indian,9951076025,Gandhi Smriti Museum
dda6be05-52ab-4ebb-a28a-8fb56352cdc4,Aisha Chopra,2003-05-05,Male,Australian,9733955622,Gandhi Smriti Museum
77223b96-b3ba-4a5c-ad5b-37c174489419,Riya Sharma,1996-12-31,Female,German,,Gandhi Smriti Museum
9a9aa38a-7791-4ff2-824f-2c7e121fcd8c,Rohan Verma,1961-05-05,Female,Japanese,9374122328,Gandhi Smriti Museum
7acdb9b1-0b09-4362-8861-c22cdceee32c,Pooja Bansal,2004-03-13,Male,Japanese,9178643439,Gandhi Smriti Museum
cbe8d4cf-9283-4848-aaa2-f17054a4ca95,Rahul Kapoor,1974-04-07,Other,Canadian,9086639013,Gandhi Smriti Museum
98869761-2e32-4913-b2b4-210f5378de69,Krishna Verma,1973-12-03,Male,Australian,9703916094,Gandhi Smriti Museum
804fc475-21d4-4b42-9b59-adb5bd725572,Ishaan Bansal,1965-11-12,Other,Canadian,,Gandhi Smriti Museum
694d9b4e-7167-4f52-982b-597ab36c19c3,Arjun Verma,1994-08-04,Male,American,9416327391,Gandhi Smriti Museum
ab6bf5f1-e586-4607-8d24-ad23b24c726a,Ananya Singh,1960-04-27,Male,Australian,9161507664,Gandhi Smriti Museum
843f7a92-c6bd-4a0c-bcf2-7e9190606475,Meera Mehta,2000-04-04,Male,British,9905481016,Gandhi Smriti Museum
f1ddfdd9-93d6-457f-8630-76569f3cc8f3,Meera Singh,1989-06-03,Other,Indian,9621722310,Gandhi Smriti Museum
a26dd619-98be-4874-9c18-81d0fcfc71d6,Sneha Patel,1968-07-19,Male,Australian,9035560561,Gandhi Smriti Museum
01fc6aa4-ba57-4748-9f97-c2cfbfcbe6d8,Ishaan Singh,2011-02-26,Male,Canadian,,Gandhi Smriti Museum
7539bed4-a33f-40b4-92a4-824564eca0d8,Karan Singh,1975-05-17,Male,American,9295983131,Gandhi Smriti Museum
54638180-6488-4c4b-95bc-18885df68676,Arjun Singh,2004-04-29,Other,American,9745852310,Gandhi Smriti Museum
953cc28a-de01-48b7-98d8-f06ca6d252f0,Meera Bansal,1998-06-12,Female,Indian,9661493006,Gandhi Smriti Museum
661a19a4-2b74-4bf9-a820-291c50a22d09,Rahul Bansal,1976-10-22,Male,British,,Gandhi Smriti Museum
4d806d31-1eab-4a0b-8958-126cc2f62280,Aditya Bansal,1990-11-23,Female,British,9741254977,Gandhi Smriti Museum
eda3eac3-c351-4d20-a269-946519ddbf43,Neha Verma,2004-03-28,Female,UAE,9310184338,Gandhi Smriti Museum
70e81135-e5e9-4792-a50f-105755854780,Sneha Kapoor,1993-09-10,Female,Indian,9232484067,Gandhi Smriti Museum
1f017286-898b-45ad-b265-8ec62f4267a5,Rahul Patel,1990-09-04,Other,Indian,9081405157,Gandhi Smriti Museum
6662b8d0-5834-4c43-a580-60d6a3a5a583,Rohan Sharma,1989-05-09,Male,UAE,9051253384,Gandhi Smriti Museum
26b9ab69-1beb-400a-a6fb-119f06856bf4,Aryan Patel,1989-10-27,Male,American,9402283349,Gandhi Smriti Museum
aeeeac02-e7e4-4d82-9f82-64f34d3805c3,Aisha Agarwal,1969-09-03,Other,Indian,9586094733,Gandhi Smriti Museum
314014ca-fc53-43f0-be56-4c20330420b1,Kavya Patel,1964-02-17,Female,UAE,,Gandhi Smriti Museum
e744ab05-dcf6-4941-893f-d7f383221ee1,Aisha Patel,2000-05-31,Other,British,9972906402,Gandhi Smriti Museum
0c07b92e-420f-424d-bd93-4b38ff13a1f0,Aditya Agarwal,1979-03-18,Female,American,9446086200,Gandhi Smriti Museum
7b475012-c7ac-4931-b1ff-e2840f1606a2,Ishaan Chopra,1987-12-28,Female,Indian,,Gandhi Smriti Museum
6ee051fa-f568-4505-8d8b-38f408b8e563,Ira Agarwal,1964-02-16,Other,British,,Gandhi Smriti Museum
aa7152b6-23c4-4500-ab71-b96daefac68a,Vivaan Bansal,1992-04-14,Male,UAE,9179114159,Gandhi Smriti Museum
f8621077-92dc-40f1-a12d-729db809ac97,Kavya Bansal,1999-05-22,Other,British,9127259232,Gandhi Smriti Museum
5c926f49-12bc-49a5-ba1c-f94c8a1e20aa,Aarav Verma,1963-12-17,Female,Canadian,9017484955,Gandhi Smriti Museum
44103259-390c-48ca-8fd9-080ca0a5d55b,Ananya Gupta,2013-03-04,Female,Japanese,,Gandhi Smriti Museum
6318d53b-f661-4988-b5c1-7a0151a56907,Vivaan Mehta,1998-11-23,Other,Indian,9989124729,Gandhi Smriti Museum
fb17c031-80a3-4b55-99b6-f85ba34b4160,Sneha Bansal,2013-10-15,Female,Japanese,9511540024,Gandhi Smriti Museum
1e8a861d-473f-40b4-b990-04a837398e8e,Krishna Sharma,1967-01-27,Female,French,,Gandhi Smriti Museum
42ab3521-dfe8-42c7-8a6a-2b2725e34ba2,Aditya Gupta,1972-08-06,Male,American,,Gandhi Smriti Museum
c6cbffd8-7b07-4cb0-838a-9f1af5d01f94,Arjun Patel,2012-07-10,Other,British,9431079616,Gandhi Smriti Museum
d7c40dd8-e639-48db-9c0a-d6a8f0bc2bcc,Aditya Mehta,1969-04-25,Other,Indian,9625170008,Gandhi Smriti Museum
c0443bb8-268c-4cf3-adc4-817d03abe282,Neha Agarwal,2006-07-30,Male,Australian,,Gandhi Smriti Museum
e02a78ed-8a59-4d12-b430-a233be96b9f0,Karan Singh,2013-09-09,Other,American,9311582358,Gandhi Smriti Museum
91a8ec78-fb79-49a9-a64a-80382ac74dd1,Krishna Bansal,2015-11-09,Male,Canadian,9567459324,Gandhi Smriti Museum
737874a0-b3b6-4fae-8ea1-1ec2ca7cde1b,Ira Sharma,1977-09-28,Female,Indian,9499402949,Gandhi Smriti Museum
a9070304-c1e1-4891-a74a-ce29daaf5cc5,Rahul Agarwal,1983-09-27,Male,UAE,9607840587,Gandhi Smriti Museum
154d7330-9d40-456c-97a8-a5d872743a01,Kavya Agarwal,1964-03-20,Other,French,9715432639,Gandhi Smriti Museum
7c7d794e-3753-4c6d-97db-e8683558fed3,Meera Bansal,1967-06-18,Female,Australian,9878097992,Gandhi Smriti Museum
dd162708-aa23-43da-b1cf-d3939571ee3d,Krishna Agarwal,1990-06-07,Male,French,9047520894,Gandhi Smriti Museum
7597aff0-6dca-48e7-9f96-b266e2afd65e,Rahul Agarwal,2014-02-11,Other,UAE,9528766759,Gandhi Smriti Museum
bd195e79-c68d-4747-ac28-822cfb1980d7,Aisha Chopra,2010-08-31,Other,French,,Gandhi Smriti Museum
015f0f08-791f-4f79-8a93-78cdad1e8e6d,Aryan Sharma,2004-11-14,Other,Singaporean,9133825716,Gandhi Smriti Museum
7c460f9a-8596-4844-b34f-a738691103fa,Priya Mehta,1995-06-04,Female,UAE,9265784510,Gandhi Smriti Museum
7dc44c56-8280-45af-b3b7-6dcea5c833ce,Priya Chopra,1960-09-14,Female,Indian,9462206377,Gandhi Smriti Museum
1a912524-9afd-49dd-839e-5be5870810e1,Arjun Mehta,2000-11-11,Male,Canadian,9978547522,Gandhi Smriti Museum
85e02018-4695-48e4-a0b0-fcef9a39f896,Ira Singh,1966-08-19,Other,Australian,9317213582,Gandhi Smriti Museum
ed13b880-78b7-4a38-b0ac-e66974fd0c47,Riya Bansal,1968-11-22,Other,French,9470387711,Gandhi Smriti Museum
91520dad-d5d7-463c-928b-17310e8ce581,Vivaan Kapoor,2000-09-17,Female,Canadian,9038046578,Gandhi Smriti Museum
6aa0f7e5-bbaa-4940-9d9b-6f33100eebb3,Priya Sharma,1986-09-02,Female,Canadian,9917807887,Gandhi Smriti Museum
e262f419-b5ab-4638-8e75-8032c5b46f8a,Aditya Kapoor,2014-03-11,Female,UAE,9516044567,Gandhi Smriti Museum
26130de0-7f53-4532-af4f-16f21864c5c5,Pooja Kapoor,1973-09-12,Other,UAE,9935183850,Gandhi Smriti Museum
32e43467-6484-46b7-b1ac-c210c1586a4c,Aisha Verma,2008-08-23,Other,Singaporean,9053069024,Gandhi Smriti Museum
57539b99-03d9-4da2-aec0-ff41d3a9bfa3,Ananya Kapoor,1977-08-02,Female,Indian,9252689390,Gandhi Smriti Museum
6adb3b58-d6a8-462c-ab3d-9778d55e087e,Karan Verma,1988-07-14,Male,American,9072085880,Gandhi Smriti Museum
3f8f7e46-8b9b-4c1a-aaf7-5022b8bb81fc,Aryan Mehta,1981-06-09,Other,French,,Gandhi Smriti Museum
2c1d9039-0c87-4f7a-993a-f6d6037ef340,Aditya Patel,1965-06-04,Female,Canadian,9399365291,Gandhi Smriti Museum
cb0dc384-0590-49ef-991c-d603bd08fc1a,Neha Gupta,1961-03-05,Male,Indian,9145093399,Gandhi Smriti Museum
d4c6c001-8978-4b8d-9e29-36339c1d02e2,Sneha Gupta,2002-12-01,Female,American,9389123453,Gandhi Smriti Museum
700dec7f-71fd-4bfb-b8c4-89791ed4e54c,Ananya Bansal,1998-11-23,Female,Singaporean,9614134540,Gandhi Smriti Museum
47397003-bef6-4206-8254-552ca501664c,Ananya Sharma,1996-06-20,Female,American,9196981587,Gandhi Smriti Museum
8bf7457d-31c1-44f6-86cb-632b00d50486,Meera Mehta,1972-07-14,Female,Canadian,9206022961,Gandhi Smriti Museum
bc3577db-b26e-411b-920f-99d3a5f15bb0,Arjun Chopra,1980-04-29,Male,German,9308293415,Gandhi Smriti Museum
b761aec7-d38c-4939-ad98-ee773b14025c,Aditya Patel,1960-05-31,Female,British,,Gandhi Smriti Museum
8cc42b78-6722-40e3-8104-4dce9dfa6a16,Kavya Gupta,1965-05-04,Male,UAE,9753803377,Gandhi Smriti Museum
72696d5e-01b5-4e74-b15e-3f198c18d70f,Kavya Bansal,1983-10-23,Other,Singaporean,9088942247,Gandhi Smriti Museum
8fa5724a-ca1a-42e4-bc18-986c4a3a54c6,Karan Bansal,1998-01-06,Female,American,9677594640,Gandhi Smriti Museum
966bee75-b3d1-47e1-a829-f38166b4c7a3,Neha Bansal,2015-08-11,Other,Singaporean,9796099073,Gandhi Smriti Museum
865f19a9-1b2e-408f-98b8-f43d7881a9c5,Rahul Agarwal,1987-01-16,Other,Japanese,9472026982,Gandhi Smriti Museum
1bf48bed-db5b-40e8-b01e-518b36919970,Rohan Bansal,1993-04-28,Female,French,9770548557,Gandhi Smriti Museum
84544911-b542-453a-88e8-b610992ca5dd,Krishna Verma,1990-06-12,Female,UAE,9270237506,Gandhi Smriti Museum
f89a59c7-27ae-4797-af36-8d92895fbe8f,Aditya Kapoor,2002-09-17,Other,American,9404175288,Gandhi Smriti Museum
9b588082-7b4b-4145-a7db-8c3f84cb936a,Meera Singh,1990-02-01,Other,Japanese,9063477802,Gandhi Smriti Museum
72db4746-40ec-46f6-9842-d45542aa26ad,Rahul Agarwal,1982-02-01,Female,British,9461549915,Gandhi Smriti Museum
c29d8034-cd27-426a-a547-9ebe4d35def9,Riya Sharma,2000-06-11,Female,Australian,9521436600,Gandhi Smriti Museum
9ea1e8e9-991e-4f5e-b94a-79bf81f89933,Aarav Sharma,1978-02-14,Other,Canadian,9096169398,Gandhi Smriti Museum
71e31238-5f90-4520-a6c4-5ad104dec11c,Meera Agarwal,1999-03-11,Other,Singaporean,9811297100,Gandhi Smriti Museum
c1711682-2519-44e3-a50d-39eaef67980c,Ira Bansal,1968-01-16,Female,British,9221423953,Gandhi Smriti Museum
ef38a33b-f237-4159-b3f2-d69209e3ab76,Arjun Patel,1977-05-27,Other,Australian,9356473126,Gandhi Smriti Museum
81c9fa26-a511-45ab-995e-45e97de3a01b,Pooja Singh,1979-11-25,Other,Indian,9462417777,Gandhi Smriti Museum
e0378357-eddc-4cea-a183-83cdba7a09f5,Vivaan Mehta,1992-04-05,Female,Indian,9743272431,Gandhi Smriti Museum
4ddacf63-1d59-48cf-a2d7-4f0b57a691f7,Aarav Verma,1994-05-06,Female,French,9875865092,Gandhi Smriti Museum
da5ffd20-f46b-455c-b273-058c082654fe,Neha Sharma,1984-04-12,Other,Australian,9668086521,Gandhi Smriti Museum
bbc426a3-bf4e-4613-87f3-7f9d50c5c643,Aisha Gupta,2007-03-25,Male,French,9987975810,Gandhi Smriti Museum
ff1b3021-ccbe-4ac6-b21e-e140759672ba,Priya Patel,1992-09-08,Other,Australian,9922536575,Gandhi Smriti Museum
2e66c7d5-38d1-44ea-8928-ceaa2ca2a5f4,Aarav Sharma,1984-05-21,Other,Canadian,9133169654,Gandhi Smriti Museum
da766839-7704-4001-9490-ed808c5e0080,Aryan Singh,1985-09-17,Female,German,9440363547,Gandhi Smriti Museum
8ba502d9-b0e4-4ba3-b9c5-1a9b5a57c5df,Sneha Singh,1964-07-01,Male,Canadian,9974340378,Gandhi Smriti Museum
ba35f376-7abd-45ec-9f34-800657902b48,Kavya Agarwal,1976-06-14,Male,UAE,9586859099,Gandhi Smriti Museum
a0b5c3cb-f916-446b-b12f-3c1c7dbdc556,Aditya Sharma,1977-10-06,Other,UAE,9502108353,Gandhi Smriti Museum
26010fde-17cd-4a7e-9cba-5a2c919da4db,Riya Kapoor,2000-03-05,Female,American,9081457627,Gandhi Smriti Museum
176beac7-dd69-4109-b504-fa8c6c153dfc,Aditya Patel,1963-03-31,Female,Canadian,9930841149,Gandhi Smriti Museum
8c565216-90cd-4f36-b48a-36e456d541a5,Neha Singh,1986-01-08,Female,Indian,9980351842,Gandhi Smriti Museum
7dfe1903-bb25-48ab-a631-d4b0197d21ae,Pooja Gupta,1960-07-04,Other,Singaporean,9714191724,Gandhi Smriti Museum
f64dfd7f-3c7e-41d9-bef7-da41bbf00ff8,Aarav Kapoor,2006-09-19,Female,Indian,9935950654,Gandhi Smriti Museum
6e9a6d18-b06a-461c-9ee8-a2891423e22e,Vivaan Agarwal,1978-01-01,Other,German,9029533757,Gandhi Smriti Museum
526684f8-4353-4f46-9b38-9e9ea73aec6f,Aditya Bansal,1992-02-21,Other,Australian,9518958559,Gandhi Smriti Museum
2182cc90-32bb-48e2-93f5-cd595d13cae9,Krishna Kapoor,1973-08-02,Other,French,9223334323,Gandhi Smriti Museum
9cd82d6b-a367-4512-8f33-cf69bf73cf91,Sneha Sharma,2015-12-22,Female,Canadian,9395815265,Gandhi Smriti Museum
b853759c-a454-441d-8a60-9ea69aa7faae,Pooja Patel,2008-01-19,Male,French,9760435959,Gandhi Smriti Museum
2ec41966-d129-43b1-9bc2-ded87bdf9863,Priya Patel,1965-05-18,Other,Japanese,9145026907,Gandhi Smriti Museum
99a5293d-e447-46be-baaa-b847b95cda89,Karan Chopra,2007-06-05,Female,Singaporean,9279292957,National Rail Museum Delhi
f9252713-91e7-4810-9db0-08f5e865533a,Rohan Singh,1970-07-09,Female,German,9091343577,National Rail Museum Delhi
152d5650-db53-416c-8bbe-0309b72e3847,Meera Bansal,1965-08-31,Other,Australian,9502842224,National Rail Museum Delhi
ad8441f9-8358-4fd9-9701-a5ad913ac572,Aditya Kapoor,1971-10-09,Male,Canadian,9960577919,National Rail Museum Delhi
b211fa75-5142-4ab1-8677-908ebb9e7adc,Neha Gupta,2004-05-21,Male,American,9115651925,National Rail Museum Delhi
305ce07a-2c86-431e-a65b-1ec2d237a23b,Ishaan Chopra,1968-02-04,Female,Indian,9625758942,National Rail Museum Delhi
b2e79311-f378-42a0-a164-a85837f151ce,Rahul Mehta,2010-06-17,Male,Singaporean,9957364974,National Rail Museum Delhi
9a8f6bf2-a2e1-4089-99e8-a17ff95bfe63,Arjun Kapoor,1973-09-12,Male,British,9393926635,National Rail Museum Delhi
929b2822-b0fb-42a7-951b-1cb303d20756,Riya Gupta,1968-03-13,Female,Indian,9868262659,National Rail Museum Delhi
f648eed6-a4a4-4d97-bc54-998d83be913a,Arjun Chopra,1985-03-13,Male,German,9812966091,National Rail Museum Delhi
b32b0b96-d42a-4979-9500-3c3f2afc95b2,Aditya Gupta,2014-02-17,Female,Canadian,9898638968,National Rail Museum Delhi
07f4fe07-75bb-4569-a3c9-ab6065290676,Aryan Gupta,2003-09-17,Female,British,,National Rail Museum Delhi
3c9556c4-b03f-4064-b239-010ad0b7a792,Priya Agarwal,2012-04-17,Other,American,9686874161,National Rail Museum Delhi
0dca7b54-bd00-4617-ba72-fb098e7b1286,Karan Kapoor,2004-07-17,Male,Singaporean,9241209856,National Rail Museum Delhi
5be3ddfa-6d69-4653-9981-ba6027ac75f7,Ananya Verma,1971-03-08,Male,German,9213573768,National Rail Museum Delhi
2aca50bc-e605-4479-9305-aa26e078bdb5,Sneha Sharma,1973-07-28,Other,Japanese,,National Rail Museum Delhi
0236c69b-e37a-4696-a368-5baddba32367,Riya Mehta,2015-05-16,Female,UAE,9387381783,National Rail Museum Delhi
db2ffaaf-0060-4dee-8572-a509bf77bd6a,Aditya Patel,2012-03-12,Female,Japanese,9803617600,National Rail Museum Delhi
5914e7aa-d318-4152-98fe-bb71b177f88e,Meera Gupta,1974-09-08,Male,UAE,9798382062,National Rail Museum Delhi
50f38619-982b-4107-8b4c-5b5706b8eefb,Aisha Singh,2000-01-03,Female,American,9036540485,National Rail Museum Delhi
9e7d0970-9989-4afe-9aa7-385a1aed6d86,Aarav Bansal,1987-08-22,Other,Canadian,9183414292,National Rail Museum Delhi
f00a2865-7670-4bc2-9889-f651a6fd3440,Karan Gupta,2000-09-20,Other,Canadian,9999007483,National Rail Museum Delhi
4ab4bdff-1876-4465-b100-6318f8d73b0f,Ananya Bansal,1974-05-14,Female,German,9275480959,National Rail Museum Delhi
d5e915c1-f5c8-44c2-8f56-37d394faf367,Ira Patel,1963-11-18,Female,Australian,9842049463,National Rail Museum Delhi
99b4db22-c741-4b4b-ad7a-053ca1183b5b,Sneha Verma,1967-09-01,Other,French,9494718303,National Rail Museum Delhi
4ee97b64-743b-4b45-9555-565c57b9619a,Aryan Chopra,1991-03-21,Other,Singaporean,9582232492,National Rail Museum Delhi
03506c4d-99a8-4ee4-954b-ed85a7434f3c,Kavya Verma,1986-12-17,Male,Indian,9490066220,National Rail Museum Delhi
671d5061-4243-434d-a4fe-4e6fe8371315,Sneha Bansal,1970-01-20,Female,French,9995815600,National Rail Museum Delhi
71af8ea0-9ca1-4179-90ad-5a02a2b67ed5,Ishaan Mehta,1999-05-11,Other,Indian,9200683898,National Rail Museum Delhi
717254b4-6704-4a2f-b657-4fea211714c3,Meera Sharma,1961-08-13,Other,Australian,,National Rail Museum Delhi
45820def-65b1-48a5-800a-0940b3562594,Vivaan Verma,1983-07-18,Other,French,9935127383,National Rail Museum Delhi
9a70bafc-aff9-46ca-b32d-43871884a572,Aditya Gupta,1981-06-12,Female,Indian,9712834374,National Rail Museum Delhi
05e989c0-54fe-4ff7-94f3-a9298066eaf4,Vivaan Patel,1991-03-11,Male,German,9513146957,National Rail Museum Delhi
21563d6e-f338-431d-9ff0-c11f7b563063,Ira Kapoor,2015-04-12,Female,Indian,9451232395,National Rail Museum Delhi
f53b82f4-d50d-4a98-91f9-3482a9464216,Pooja Mehta,2010-07-09,Male,UAE,,National Rail Museum Delhi
cd81d3da-4f4f-48c0-acf0-47bfbf4442d0,Aryan Gupta,1997-04-28,Other,Singaporean,9674220913,National Rail Museum Delhi
b987dac3-5c95-4764-a52a-7a8cf9f45944,Arjun Mehta,2015-03-24,Other,UAE,,National Rail Museum Delhi
8b030df0-ca11-4155-ab24-50dcd714aacd,Aisha Singh,1965-05-08,Male,Singaporean,9863079918,National Rail Museum Delhi
8463e498-ac5f-4ce3-9158-852d7b237152,Priya Gupta,2002-08-31,Female,Australian,9748484552,National Rail Museum Delhi
2ff2501c-2644-442f-b8a8-10797c0af6e1,Aarav Bansal,1984-08-25,Female,Japanese,,National Rail Museum Delhi
81d5e0df-59da-4516-a0a2-f44bee39fa46,Rahul Chopra,1963-06-20,Male,Australian,9630758283,National Rail Museum Delhi
4184864a-682b-4fa0-ab8d-109096e4b3c9,Aryan Gupta,1971-06-04,Female,American,9100960164,National Rail Museum Delhi
6a45ef20-e14c-4643-bb32-c655649772e0,Kavya Gupta,1998-02-03,Other,Indian,9925799272,National Rail Museum Delhi
c6820c97-f609-432d-8e82-1df05e729838,Ira Chopra,2014-03-14,Other,American,9941519656,National Rail Museum Delhi
dc4742c2-b94d-4afa-9788-1a78f36f4d74,Aditya Patel,2002-02-25,Other,UAE,9059134043,National Rail Museum Delhi
edd4512f-a9d6-40d5-82bc-a12fe6204ed7,Krishna Kapoor,1992-08-01,Male,Canadian,,National Rail Museum Delhi
b6b08c0e-7ed7-4ddd-aab9-6006311ca401,Rohan Singh,1988-09-30,Male,Indian,9702950287,National Rail Museum Delhi
d5dac9ed-0c99-4321-9adc-8df330929ea7,Meera Gupta,1991-05-08,Male,Singaporean,9965840702,National Rail Museum Delhi
47165c3e-a12b-4498-94c1-31fcf1c4418d,Krishna Kapoor,1993-10-13,Male,UAE,9681383769,National Rail Museum Delhi
248609cd-a84f-488b-ad14-a072a9afe3d5,Meera Singh,1989-06-03,Other,German,9453670891,National Rail Museum Delhi
8e3312aa-dcf9-48ef-ae22-4bb8266f77a6,Pooja Singh,1972-07-31,Male,Indian,9605776356,National Rail Museum Delhi
37734ae8-6915-4f65-9fa8-a67e0dec32ee,Aarav Bansal,1960-10-22,Female,Singaporean,9481160790,National Rail Museum Delhi
02cf2dde-28a2-4b36-9153-d8215c39c209,Aarav Chopra,1991-03-01,Female,Australian,9172363235,National Rail Museum Delhi
c17f3dff-4699-4934-a0ac-90a3668f388c,Meera Mehta,1982-08-08,Male,Singaporean,9256644108,National Rail Museum Delhi
a58e941c-4777-4ff5-8919-457032a8a1b9,Sneha Patel,1965-01-17,Other,UAE,9068420025,National Rail Museum Delhi
e2f26ade-8424-4e32-8beb-513d87b0052d,Aditya Bansal,2001-12-17,Male,Australian,9384588320,National Rail Museum Delhi
894d8a8d-f9f1-4949-8f8c-624c7d71e983,Ira Singh,1962-10-02,Other,Indian,9898490977,National Rail Museum Delhi
adbfa048-3a90-4191-8293-5ac2207a34bc,Vivaan Kapoor,1961-04-02,Female,UAE,9274009570,National Rail Museum Delhi
8ee3e658-7968-4dc4-b9e4-fed0719908e0,Arjun Gupta,1981-06-22,Male,French,9945725509,National Rail Museum Delhi
6ed2757b-4d02-4530-a198-ac74a4254079,Aisha Patel,1979-03-07,Male,Singaporean,9143329029,National Rail Museum Delhi
22f7ec35-90ee-445e-ba85-cd9a7a1066c7,Aryan Agarwal,1998-11-24,Other,Singaporean,9287117140,National Rail Museum Delhi
d068a946-0ee3-479d-b9aa-61ccc3745634,Riya Chopra,1995-03-31,Male,Japanese,9743620124,National Rail Museum Delhi
fcaaf64e-4511-4707-89fc-4b41c5a076b9,Rahul Kapoor,2003-01-04,Other,Canadian,9114036242,National Rail Museum Delhi
720887e4-cac4-4e9d-afbd-061b2f9b3b94,Ananya Verma,1999-04-11,Female,German,9403879403,National Rail Museum Delhi
7487428d-a3a9-44d9-bd6b-09aecf03bd2f,Pooja Patel,1973-03-27,Female,French,9446744465,National Rail Museum Delhi
b949c97d-c269-4d55-aa17-b5d9941ee5af,Aisha Verma,1978-04-07,Other,Australian,9774768770,National Rail Museum Delhi
f52ea5da-d423-4bb4-8cf3-311dae0394ec,Sneha Patel,1996-08-29,Other,British,9460347142,National Rail Museum Delhi
ee48c822-885a-4ddf-a46b-a3a9bd77434e,Pooja Bansal,1968-06-05,Male,Japanese,9412191597,National Rail Museum Delhi
2107940e-235b-4278-8dcb-b3b1fe706113,Kavya Bansal,2010-05-14,Other,Canadian,9374932275,National Rail Museum Delhi
cfb6df43-63c4-4c63-841d-657eac36bea8,Rahul Agarwal,1992-08-16,Other,Canadian,,National Rail Museum Delhi
585a48af-9b6e-4aea-a867-dbaa407d3f07,Krishna Patel,1967-05-05,Female,Japanese,9046399584,National Rail Museum Delhi
cde3ec52-154b-42eb-8c76-ebdbec9814cb,Rahul Mehta,1991-07-18,Female,American,9327311705,National Rail Museum Delhi
fd2aec92-d2b1-4f30-a4c3-8242df716315,Rohan Mehta,1971-03-29,Male,French,9135966191,National Rail Museum Delhi
c59b9a63-0e73-4c29-8b3b-0993f03b4d51,Kavya Kapoor,1973-08-12,Female,French,9919144028,National Rail Museum Delhi
b2f50a06-5822-4da2-8504-fd9d2fc307d2,Rahul Gupta,1971-10-27,Female,Japanese,9945523579,National Rail Museum Delhi
4f7d37e0-71dd-479e-ad3e-49627b0bf047,Aditya Sharma,1986-01-07,Male,Australian,9179407058,National Rail Museum Delhi
6888ef92-22c5-483e-b9bf-910a5d5ca48e,Ira Agarwal,2002-03-08,Other,Australian,9413526481,National Rail Museum Delhi
30df1c24-8d27-433a-8089-0bf78017cc3e,Priya Agarwal,1975-04-29,Other,Japanese,9996778312,National Rail Museum Delhi
e835dedc-e65b-42e3-b8de-8edcaa3dc28e,Ananya Gupta,1964-12-22,Other,American,9008292204,National Rail Museum Delhi
12c036df-579b-4b55-a329-5edc8e9a2cb6,Arjun Patel,1960-01-28,Other,Japanese,9736530910,National Rail Museum Delhi
163fe91d-4cb8-4fea-8f67-884e5dbd7243,Aarav Kapoor,1994-09-22,Male,Australian,,National Rail Museum Delhi
44f051e8-6492-45db-94c6-f8bfa98cc476,Aarav Agarwal,1987-02-01,Other,Singaporean,9003984647,National Rail Museum Delhi
da141a7c-2bd4-43de-9dd9-9f89d3bd671f,Ananya Sharma,1986-01-31,Female,UAE,9329931255,National Rail Museum Delhi
8ee01e49-0992-4e37-9af9-7df48051b7d2,Aditya Gupta,1993-05-14,Other,Australian,9305855977,National Rail Museum Delhi
4550ed50-4275-4e97-b6eb-1917d05bd602,Ananya Chopra,1981-03-18,Male,Canadian,9593893763,National Rail Museum Delhi
b7a57b71-dade-4e18-a886-905e34a9ea98,Krishna Chopra,1975-02-23,Other,German,9511254055,National Rail Museum Delhi
40090e4b-9f21-4ce5-9c3d-f5ec019c59fe,Aarav Mehta,1965-03-06,Male,Indian,9361988642,National Rail Museum Delhi
1ff0a7ee-604f-46c3-9127-660577088d0f,Ishaan Chopra,1969-05-07,Male,UAE,9657281020,National Rail Museum Delhi
513f305e-5790-46b1-819d-4e183aff5d33,Aisha Verma,1986-10-31,Female,Indian,9949667240,National Rail Museum Delhi
75fc1efe-e8f0-4224-aaad-aba264579dc5,Neha Mehta,2011-01-18,Other,Japanese,,National Rail Museum Delhi
04794386-98f7-410f-9d14-630f7ba195d8,Aditya Kapoor,2015-02-04,Male,American,9824229849,National Rail Museum Delhi
231a54cd-9ebe-4ff9-b9e2-21542334e35f,Ananya Gupta,1977-09-22,Male,UAE,9289196449,National Rail Museum Delhi
5ea4db84-b011-4166-bf55-573ab66ed543,Ishaan Agarwal,2012-10-29,Male,German,,National Rail Museum Delhi
fefbf144-9fef-4da3-b55e-a4bb1990b57a,Aarav Patel,1973-04-22,Male,British,9806904310,National Rail Museum Delhi
ade48171-5fba-4d93-a643-63338696096c,Ira Chopra,1969-07-24,Female,UAE,9241210763,National Rail Museum Delhi
a269a310-46bb-496f-b529-bce6bcc83c87,Meera Kapoor,2010-05-08,Female,Singaporean,9559194836,National Rail Museum Delhi
877786f6-7bdd-40c8-9239-3e0617467b5e,Meera Kapoor,2000-04-16,Male,Canadian,9556574428,National Rail Museum Delhi
a0751277-3b95-4f27-9af4-cc8767d32994,Kavya Singh,1961-07-30,Other,UAE,9885776861,National Rail Museum Delhi
4c5ba0a9-395e-484e-bdd6-7d799040f8ff,Riya Verma,1966-04-25,Male,German,9728112243,National Rail Museum Delhi
a096ca21-62e9-421b-9419-c39165dd721b,Aisha Kapoor,1972-07-01,Other,American,9266561375,National Rail Museum Delhi
49e4ac27-4f28-4d50-8e9d-dc50202c96b5,Riya Kapoor,1965-02-12,Other,Indian,9904252687,National Rail Museum Delhi
08efbaa5-23e4-4696-be54-e06343a011ab,Pooja Bansal,1969-09-20,Male,Canadian,9552378244,National Rail Museum Delhi
51aff9ca-b1c7-46c1-b9b1-a7f1afed3805,Riya Singh,1995-07-16,Male,French,9726131994,National Rail Museum Delhi
8919a919-18a8-45b8-9e76-e4702718a578,Neha Singh,2000-11-15,Male,UAE,9977511932,National Rail Museum Delhi
2b84fc76-f5f4-4260-95b6-c44ef21416df,Ishaan Chopra,2010-07-29,Female,Japanese,,National Rail Museum Delhi
6e27c218-3e9c-4214-bc5a-7d44b2784ef8,Aditya Verma,1994-02-28,Other,French,9439895315,National Rail Museum Delhi
bc51c949-df61-496e-bb93-1f0b747394fb,Rohan Kapoor,1996-12-04,Female,UAE,9531139009,National Rail Museum Delhi
15ca34e7-b54a-446f-82bd-4161dcdf1618,Pooja Kapoor,2012-04-12,Male,Japanese,,National Rail Museum Delhi
4db9f24a-3a11-44bb-9fda-3d092e031cad,Priya Agarwal,1981-07-01,Male,French,,National Rail Museum Delhi
59a85231-6c4e-4790-83e5-9f2a0031824c,Vivaan Kapoor,2012-02-17,Other,Indian,9107366569,National Rail Museum Delhi
6c8c2804-3312-44a2-bc71-8aeb1bc2cdb3,Sneha Patel,2006-10-06,Male,German,9556062360,National Rail Museum Delhi
e6a3b202-7f9f-469c-b778-29f6dd81feac,Aryan Chopra,1979-07-20,Male,Indian,9121608530,National Rail Museum Delhi
bb82fdf4-ce3b-4437-b97c-f6a6e9a17d4a,Ira Bansal,1983-08-15,Other,American,9218078453,National Rail Museum Delhi
f1c75025-6122-40ae-988f-44aa6d037548,Neha Singh,1999-04-14,Male,Canadian,9415649491,National Rail Museum Delhi
68d9d0ba-1e4b-4dd6-9120-f5c455dc2f69,Karan Bansal,2006-06-03,Other,American,9378173637,National Rail Museum Delhi
cda641a2-28b2-4547-a194-39549e345a49,Rahul Gupta,1989-03-20,Male,UAE,9022065711,National Rail Museum Delhi
86a12642-bca8-45e7-ae01-8fa9aea6bf0b,Aisha Singh,2003-04-11,Other,French,9433425496,National Rail Museum Delhi
d996467f-1424-485c-abe4-5950ba1ab6c0,Aarav Mehta,1992-12-22,Other,Australian,9472034722,National Rail Museum Delhi
26212cf9-a574-4068-be27-74847d141953,Priya Bansal,1980-11-02,Female,French,9046092732,National Rail Museum Delhi
9107d758-a138-4c46-976b-2768ea232808,Rohan Gupta,2014-09-17,Other,American,9419538436,National Rail Museum Delhi
55a7c277-8fd8-4f6e-a0fe-badc3704a772,Meera Kapoor,1963-03-29,Female,Indian,9247690140,National Rail Museum Delhi
116dfff2-5c6d-41f9-9021-6f75cdaef3f6,Aryan Agarwal,1972-11-01,Male,Japanese,9121064566,National Rail Museum Delhi
30ef0335-bc79-4433-9578-f1be186b85bb,Riya Patel,2009-04-03,Other,Japanese,9802357863,National Rail Museum Delhi
16372e0b-d11b-49f0-9850-9dbec31e5e69,Krishna Bansal,1998-01-19,Other,Canadian,9203537352,National Rail Museum Delhi
866c179c-de30-485f-a929-bf4627345611,Ananya Bansal,1999-04-11,Male,German,9892897777,National Rail Museum Delhi
573048d2-591e-4af6-aca8-a03ad0697b57,Riya Mehta,1986-11-08,Female,British,9389255530,National Rail Museum Delhi
e7eefa31-c35f-4065-9d55-1c929fe82f34,Neha Verma,1979-05-13,Other,Indian,9687598245,National Rail Museum Delhi
ef5c5ca6-dadd-4504-b284-03e9a6d59576,Meera Gupta,2007-11-25,Other,Australian,9835156689,National Rail Museum Delhi
b5a8e85c-1387-4a6a-b1db-915fff749a7f,Sneha Chopra,2011-10-09,Male,German,9920075306,National Rail Museum Delhi
898017b9-81c5-4f55-8faa-9f47a04e753e,Rohan Kapoor,1970-05-23,Other,Indian,9972368544,National Rail Museum Delhi
999f38df-0535-4d60-8586-d30bb8090d76,Aarav Kapoor,2015-10-19,Male,Singaporean,9510427019,National Rail Museum Delhi
2e107a8e-c852-46a5-9681-2580e110f685,Aryan Chopra,1992-06-30,Other,Singaporean,9123696742,National Rail Museum Delhi
f44c4517-316f-46e9-976a-66d2e1739e0f,Kavya Mehta,1981-07-25,Other,German,9791670363,National Rail Museum Delhi
b407bc37-1195-4869-bb0e-4069a1564555,Ira Agarwal,2001-06-22,Other,UAE,9094695304,National Rail Museum Delhi
35dbc746-69d8-48c2-b48e-a1ee1432e15b,Aryan Kapoor,1997-10-18,Female,French,9525006738,National Rail Museum Delhi
e6f0d648-89ec-4eb0-af25-7b94d36ecc1b,Ira Gupta,2005-07-11,Female,UAE,9559203764,National Rail Museum Delhi
58809f4a-c21b-40cb-9635-b0c3401ccc15,Neha Verma,1975-02-26,Other,Japanese,9008725102,National Rail Museum Delhi
0596ec80-d9a8-4ecf-8054-f1b7ac9381b9,Aryan Sharma,1988-03-10,Male,Singaporean,9584224061,National Rail Museum Delhi
89ff6c2e-5f18-4532-8fe1-cb5dda526f3b,Aisha Singh,1998-07-11,Male,Singaporean,9140429246,National Rail Museum Delhi
9c59b343-2e55-41d7-b917-0fe816bc4128,Aisha Sharma,1998-11-08,Male,Japanese,9375585248,National Rail Museum Delhi
dfdf05ea-32b7-4b61-9072-42aeeeef3cbb,Arjun Mehta,2014-07-26,Female,French,9151027082,National Rail Museum Delhi
26239c17-26ca-4970-8fda-885bb6d2f8d6,Kavya Kapoor,1961-10-19,Female,German,9622438951,National Rail Museum Delhi
b546bbd5-e215-45ba-ab60-b8bdc4538205,Pooja Kapoor,1974-05-10,Male,UAE,9305086479,National Rail Museum Delhi
00f3e774-5da8-486e-aa9f-83e27921b17c,Riya Singh,2002-02-14,Female,UAE,9637495536,National Rail Museum Delhi
6638b951-795a-4fa7-8bbd-7a6242a580d3,Vivaan Chopra,2009-03-20,Other,Singaporean,9774371473,National Rail Museum Delhi
19faa45a-6e29-456e-a468-f5ab946cc726,Karan Kapoor,2000-09-21,Other,Canadian,9267484070,National Rail Museum Delhi
a56915af-eb8b-4d16-bd2a-0a32c02ef284,Priya Chopra,1978-05-03,Female,Japanese,9617414343,National Rail Museum Delhi
532abeae-4445-4332-a216-1ed61b91977d,Kavya Chopra,2002-11-09,Other,Singaporean,9782918023,National Rail Museum Delhi
38739e68-eff8-42c8-a89e-96ba5485534a,Rohan Verma,2002-08-17,Male,Japanese,,National Rail Museum Delhi
a4d68473-3457-4241-9b25-afa021938337,Priya Bansal,2005-07-31,Other,American,,National Rail Museum Delhi
691c1c81-60b5-4b5c-9856-7fb3f912dfb5,Karan Patel,1990-04-20,Female,Australian,9844998674,National Rail Museum Delhi
874adfb7-8fd8-48a8-8ffd-1760f22003d9,Aryan Agarwal,1997-09-05,Female,UAE,,National Rail Museum Delhi
a5d06845-2068-4e92-8419-7095e60183ce,Aditya Kapoor,1976-09-27,Male,Australian,,National Rail Museum Delhi
8b019baa-488e-4d00-8821-ca87951b4359,Karan Mehta,1989-11-27,Female,Japanese,,National Rail Museum Delhi
61a4d0c1-52f8-47c0-8f26-13497173d202,Krishna Singh,2011-10-17,Other,Australian,,National Rail Museum Delhi
ef9db177-b2d1-4717-89e1-b20da2017098,Kavya Bansal,1992-12-28,Male,Australian,9568941371,National Rail Museum Delhi
902ac0a8-cfe6-4518-a367-e9a9ac884a2b,Priya Bansal,1990-10-21,Male,British,9744865477,National Rail Museum Delhi
c4da80d5-94ec-419d-bd8d-5e79dcbfd41a,Neha Bansal,2003-02-05,Male,German,,National Rail Museum Delhi
a0567680-ca53-4cf7-9114-8145067075b3,Vivaan Singh,2005-07-28,Female,French,,National Rail Museum Delhi
3d180581-66aa-4630-a22c-e3e45b599e37,Riya Singh,1998-01-06,Other,American,9103460803,National Rail Museum Delhi
69931c1d-a87a-4aa9-bca7-c470d303e210,Priya Sharma,1981-11-10,Female,American,9692101124,National Rail Museum Delhi
93d28968-623f-4488-bb5c-1ef763aa762a,Riya Sharma,1992-04-22,Female,UAE,9270290016,National Rail Museum Delhi
9de11af4-9c8a-426a-80e5-84bdf5a0a805,Riya Gupta,1974-01-01,Female,American,9681554426,National Rail Museum Delhi
708f4d8a-6953-4488-afa6-ba8d7ef42334,Ishaan Chopra,1992-11-02,Male,German,9928128422,National Rail Museum Delhi
a85c1f33-3188-4179-ba78-bffdeae449a9,Karan Kapoor,2015-03-15,Male,Canadian,,National Rail Museum Delhi
8e99f1e9-1bc3-4bb6-b326-682470c821de,Rahul Chopra,1986-06-02,Other,Indian,9854040749,National Rail Museum Delhi
3ac30be5-f086-4b86-a08e-b2d6ad2e0a3d,Meera Kapoor,1979-08-15,Other,Singaporean,9943968028,National Rail Museum Delhi
8b83e458-d8aa-4ca1-9ade-8c57b23b3320,Krishna Bansal,1964-12-16,Female,Indian,9288733405,National Rail Museum Delhi
1b06002b-e38a-489a-8ecf-998d8d5db60e,Riya Gupta,1979-06-01,Other,Australian,9513321503,National Rail Museum Delhi
bd1c48b1-dc76-4c76-b8ff-ed727504a133,Ishaan Gupta,2007-11-17,Other,American,9298187156,National Rail Museum Delhi
469f281f-eebd-4878-a65e-8f05be8d6ab8,Ira Sharma,1973-09-25,Female,German,,National Rail Museum Delhi
dd5b517e-1b82-4028-af4c-0f90a11d4305,Ishaan Verma,1963-08-22,Other,French,9260674013,National Rail Museum Delhi
fcad072c-943a-4f0a-aa5c-31161ebfe7c4,Pooja Chopra,1972-12-10,Other,French,9232602007,National Rail Museum Delhi
3b278331-d9d1-4d9e-8b6a-5846d55e92ca,Karan Mehta,2004-11-07,Male,German,9592021966,National Rail Museum Delhi
e416f215-e369-4bea-9f83-885fdbe7e3f3,Aarav Sharma,1970-09-02,Other,Singaporean,9116434820,National Rail Museum Delhi
0d25bcc1-6fab-451e-a20e-70c4196814d1,Ananya Kapoor,1963-05-10,Male,Canadian,9178978326,National Rail Museum Delhi
2a9980ac-2724-4ff9-bab9-2de687317b48,Aryan Agarwal,1987-09-15,Other,Australian,,National Rail Museum Delhi
70eee715-2d5f-463d-8caf-99249b2323b1,Karan Chopra,2008-11-04,Female,Singaporean,9837001153,National Rail Museum Delhi
1a0607b5-8d82-4ce4-bb87-43e6ec7dc09d,Meera Kapoor,2002-12-15,Female,French,9672633853,National Rail Museum Delhi
8ea90d65-77a8-467b-b545-0d68820ee74c,Krishna Patel,1994-11-15,Female,UAE,9023400618,National Rail Museum Delhi
b9d980e8-651a-488f-ad1a-b454ae5c5784,Ananya Agarwal,2014-05-05,Other,German,9915395387,National Rail Museum Delhi
25f0c63e-429a-486d-972e-175d63f5bc6c,Ishaan Singh,1996-03-09,Female,American,9044210776,National Rail Museum Delhi
e25e2ffa-49c1-49a0-a350-920c02521937,Aditya Mehta,2009-09-07,Other,French,9110861026,National Rail Museum Delhi
fe30c521-4eef-4867-96e1-3065a9c99dc9,Pooja Singh,1996-01-20,Female,Indian,9653348963,National Rail Museum Delhi
2e5e8f4b-acc2-4397-999f-10268ecefe6a,Karan Sharma,1970-06-08,Male,Japanese,9016158687,National Rail Museum Delhi
c686c1eb-e333-4788-b4ad-487bfb7b9cdf,Aarav Kapoor,1998-09-14,Male,Indian,9827091375,National Rail Museum Delhi
6a5857d5-8dc7-43c1-9304-c1419d088bcc,Aisha Gupta,1997-02-19,Other,Singaporean,,National Rail Museum Delhi
02cfe13f-a565-42c6-97cb-e5fa87b0e483,Neha Agarwal,2008-07-03,Male,French,9884032430,National Rail Museum Delhi
02f55f79-09a2-4400-95fe-f6dead4a1b5d,Kavya Kapoor,2011-09-30,Other,Singaporean,,National Rail Museum Delhi
0c8609b2-6d88-4a2f-bc4d-4059773d3dfd,Rahul Mehta,1991-05-23,Male,Indian,9025341447,National Rail Museum Delhi
ddc5288a-817e-4136-8ae2-aa304d56b38b,Rohan Chopra,2000-05-19,Other,Australian,9718231852,National Rail Museum Delhi
f98b2910-0566-47ed-b01d-fa68569fc92e,Sneha Gupta,1989-09-13,Female,German,9746037088,National Rail Museum Delhi
a97e6527-a665-4812-b3e5-ee5b06b9dba3,Ishaan Gupta,2006-05-08,Female,French,9411850956,National Rail Museum Delhi
596a373b-4c96-4138-9c13-a34053a3f66a,Aryan Agarwal,2008-11-08,Other,UAE,,National Rail Museum Delhi
dfd40de9-8bd1-4c9e-a21d-bbefa48c1b61,Ira Singh,1981-02-12,Male,German,9742284271,National Rail Museum Delhi
e0f62100-6731-4719-84ea-3b3d4e512eb7,Ira Chopra,2004-05-11,Other,Singaporean,,National Rail Museum Delhi
80b8df7a-e9cf-496d-aa63-f2eef2e9ab48,Rohan Verma,2012-07-25,Female,Australian,9150232237,National Rail Museum Delhi
d11e700b-0daa-45e9-949b-294ecf6c38d6,Sneha Sharma,1962-09-15,Female,Indian,9134455763,National Rail Museum Delhi
93b61acb-b224-409c-a1ba-fc2ca0a65e39,Rahul Mehta,1968-04-26,Male,Indian,9098428654,National Rail Museum Delhi
16011bad-c27b-43ca-892d-e45ba0e06039,Rohan Sharma,2009-10-21,Male,British,9641485995,National Rail Museum Delhi
eeab7333-c854-49d9-8d25-d5be2d2b8797,Rahul Mehta,2000-06-15,Other,Canadian,9661888346,National Rail Museum Delhi
3f13bfb9-915c-4686-9eda-cdacb573cca6,Aryan Agarwal,2007-04-25,Other,Canadian,9762006454,National Rail Museum Delhi
b4dad7dc-d7ce-455e-a7a9-bca92e891cc9,Vivaan Agarwal,1999-06-29,Male,German,9681491138,National Rail Museum Delhi
8b6971eb-cf0d-4ad2-9060-22b45288405e,Rohan Gupta,1990-06-04,Male,Indian,9305689302,National Rail Museum Delhi
a1793233-ba61-406b-981b-3236e281b262,Aryan Bansal,1963-07-11,Male,Japanese,,National Rail Museum Delhi
7e0a2b92-a369-4fed-8a17-e4e0dda813ca,Aditya Bansal,1993-11-08,Female,French,9392895867,National Rail Museum Delhi
ee7986ef-de44-4a3d-a914-34f8143a7b7c,Neha Singh,1991-08-03,Male,UAE,9811940038,National Rail Museum Delhi
b3e490db-402a-47a5-88b3-8f1b9c123b19,Vivaan Gupta,2005-02-08,Other,Japanese,9207828202,National Rail Museum Delhi
1231c1cc-412f-4205-b833-fd5fa9a282d3,Pooja Mehta,1980-11-29,Male,Japanese,9219602462,National Rail Museum Delhi
dd624fcd-a32b-4ab0-b17a-dd8c299eb2b1,Arjun Patel,1992-07-16,Other,British,9767234619,National Rail Museum Delhi
01d01753-4ff7-4d5a-9b91-e8a6760c8c49,Aisha Agarwal,1978-12-31,Female,American,9672420624,National Rail Museum Delhi
560d51d8-d79e-4a29-ae17-798b07348e6b,Riya Mehta,1981-02-26,Female,American,9567592266,National Rail Museum Delhi
fcee6b74-1849-468e-b485-7c38513247c7,Aditya Sharma,1984-02-09,Other,Australian,9000580803,National Rail Museum Delhi
5951eb24-bfbf-4166-87e1-b2db9e5d110f,Karan Kapoor,1964-01-31,Male,Japanese,9665238899,National Rail Museum Delhi
11aabbc5-8b65-45a6-aad3-f8517cd27475,Riya Mehta,2011-09-28,Male,French,9542141559,National Rail Museum Delhi
4ea4ae4c-e200-4058-9f96-6d1d00de5696,Neha Singh,1976-12-07,Male,Canadian,9469399624,National Rail Museum Delhi
71748c4d-f967-4356-a7cd-d526c44773e8,Priya Bansal,1994-08-14,Female,Japanese,9831805351,National Rail Museum Delhi
191b3b35-f48e-46a0-8a91-881c7587af4e,Rahul Sharma,1985-06-06,Female,American,9271650794,National Rail Museum Delhi
579c47d5-c3dd-4140-a4aa-ecf47fd032d3,Ira Patel,1996-07-08,Other,Japanese,9075180062,National Rail Museum Delhi
b7124dde-d07e-496a-92eb-9cf84c0e0c8d,Ananya Patel,1999-05-20,Other,Australian,,National Rail Museum Delhi
13d25306-d122-4f0a-9de5-55311aa386b5,Aisha Bansal,1992-01-04,Male,British,9543755610,National Rail Museum Delhi
39f8ca20-4c18-47a0-95d3-2ac540fc3f4e,Aisha Kapoor,1991-12-24,Male,French,9412930269,National Rail Museum Delhi
b5860d74-a969-45b2-bc83-3dc84051e63a,Pooja Bansal,1980-11-24,Female,Australian,9932743850,National Rail Museum Delhi
c5bc217a-a6e5-4822-9d6a-bc4d838284b2,Rahul Singh,1973-06-29,Other,Australian,9381606648,National Rail Museum Delhi
8dcd881d-a24a-4f02-a8fb-d3d92d03e08b,Neha Chopra,2009-05-09,Male,Indian,,National Rail Museum Delhi
04dd6669-741f-401e-b8e4-515c5aedd532,Rohan Gupta,1996-02-05,Other,Japanese,9576838448,National Rail Museum Delhi
04ffb935-093d-4e76-b6c8-e254b9ab48f2,Riya Verma,1993-09-18,Male,British,9830571899,National Rail Museum Delhi
737bd631-c1c1-43a6-bb23-3398df1a7bf4,Sneha Patel,1998-03-27,Other,Australian,9476483019,National Rail Museum Delhi
40d69497-a119-4a79-b15f-418b4c9e6a77,Meera Bansal,2001-09-02,Other,Indian,9448714922,National Rail Museum Delhi
258ebf29-4bad-4a1c-a585-bf0488bf64d4,Neha Chopra,2008-11-30,Male,UAE,,National Rail Museum Delhi
b11d1031-a371-4fab-bd63-ed2fccbc5295,Kavya Kapoor,2002-09-04,Male,Indian,9411515591,National Rail Museum Delhi
6e20d253-a8ce-4b3d-bb5b-40557174f25c,Ishaan Gupta,1987-09-11,Female,Singaporean,9291208316,National Rail Museum Delhi
bf5a7032-bf85-489f-aca6-c3564cc66e73,Ira Bansal,1974-10-17,Other,Canadian,9685449275,National Rail Museum Delhi
4e8a9e39-6a3e-47a9-b4f6-114e0590c738,Neha Mehta,1996-06-02,Male,UAE,9763578161,National Rail Museum Delhi
d02879df-3fdc-4328-a726-af6c194973e2,Neha Kapoor,1960-06-22,Male,American,9395586255,National Rail Museum Delhi
85a21adc-026b-41d9-8724-1740806c4423,Aarav Bansal,1973-06-10,Female,Japanese,9277081050,National Rail Museum Delhi
fd8aee1d-764e-4035-aad5-085ea7d777bb,Ira Sharma,1994-05-29,Other,German,9159765039,National Rail Museum Delhi
297ffe8d-c76a-480c-84f8-74b8823243b3,Ananya Patel,1988-09-21,Female,Singaporean,9635316757,National Rail Museum Delhi
21391535-30c7-4abf-ad06-17c3410b5e78,Ananya Sharma,1972-01-21,Other,UAE,9894973500,National Rail Museum Delhi
8bb65919-435a-4a0f-980a-9b889f823d46,Riya Bansal,1970-04-09,Other,UAE,9355220427,National Rail Museum Delhi
ab8bbab1-b618-47d7-9f81-60126b2d1985,Vivaan Kapoor,1976-05-13,Female,Singaporean,9171837583,National Rail Museum Delhi
b93e5b6d-c4c3-4f2a-8bc6-143d8a8c9c1b,Ira Patel,2009-11-20,Other,British,9377775200,National Rail Museum Delhi
ba75459e-1023-4d05-bcc9-34133bede0c2,Ishaan Singh,1964-12-06,Other,British,,National Rail Museum Delhi
b30e481b-bdcd-4a5d-bf47-004eee2744f4,Rohan Singh,1985-02-27,Other,Japanese,9528877376,National Rail Museum Delhi
f0371c96-e825-4491-97bc-2368087a5012,Ira Singh,2004-07-27,Female,Singaporean,9512119571,National Rail Museum Delhi
7f12ce13-4df8-444e-a33a-0b69bd35a51e,Aryan Mehta,1991-07-13,Female,UAE,9208325859,National Rail Museum Delhi
1819656c-76e4-4bd0-8b02-7d1cbb9bc226,Aditya Kapoor,1994-01-20,Other,UAE,9445987797,National Rail Museum Delhi
6f31e3e7-d6c5-4828-abd7-79155cef7b29,Riya Verma,1992-04-29,Female,French,9526427561,National Rail Museum Delhi
087741e0-9b38-4bad-8532-9a83fbf2231b,Pooja Patel,1973-12-14,Male,Singaporean,9138764862,National Rail Museum Delhi
5f9953d4-440f-48fb-9414-f03461c180c5,Riya Chopra,2007-08-21,Other,Indian,9768980501,National Rail Museum Delhi
0e22974d-3d7c-4a0e-8343-7d6b5739b188,Ishaan Sharma,1982-02-17,Other,Canadian,,National Rail Museum Delhi
082260b7-d3b7-4cf9-96ff-3c680b6e4869,Meera Singh,2012-12-06,Male,Canadian,9340046144,National Rail Museum Delhi
2b6c4085-d613-47b6-9f61-bb5f43b7d960,Vivaan Verma,1991-07-10,Other,Indian,9609389985,National Rail Museum Delhi
45a1c410-7c0b-4701-90ac-559d102ae204,Aarav Chopra,2006-05-14,Male,Canadian,,National Rail Museum Delhi
ef0cdcda-fdcd-4a33-8545-84c43525b88b,Ananya Verma,1972-03-21,Male,Indian,,National Rail Museum Delhi
606e5674-979d-48b9-902e-29eed8d12a78,Ishaan Agarwal,1991-09-10,Male,Japanese,9286036388,National Rail Museum Delhi
95d13f9d-1722-44cf-86aa-4e4f1999b2e2,Aryan Gupta,1994-06-02,Female,UAE,9307828247,National Rail Museum Delhi
e721f4f4-21e9-4470-9ab2-a3740e4d68eb,Arjun Bansal,1974-08-16,Male,Canadian,9719572432,National Rail Museum Delhi
906d8145-fad1-4f58-bb5a-d7b0951ba069,Krishna Bansal,1999-10-09,Male,French,,National Rail Museum Delhi
321010a7-cb78-4ec4-94b2-e708b4cb0339,Aisha Chopra,1986-01-03,Female,Canadian,,National Rail Museum Delhi
48e9393a-7198-4bd2-84d3-224e56f6c833,Aryan Mehta,1990-04-18,Male,Australian,9254452697,National Rail Museum Delhi
5ced9f08-7995-40ae-bc53-361e0a2e8d14,Aarav Singh,1961-04-06,Other,Indian,9288446736,National Rail Museum Delhi
9bfa52ea-ee73-40dc-b112-9aa38fe27deb,Neha Bansal,1987-03-22,Female,Japanese,9963413332,National Rail Museum Delhi
eb9b9691-0c98-4674-9765-389231420824,Rohan Kapoor,1983-08-20,Male,German,,National Rail Museum Delhi
5ec00755-bc17-4387-b2fa-a423f22c1330,Rahul Kapoor,2008-10-07,Other,Singaporean,,National Rail Museum Delhi
b77dcf7a-a118-4048-b103-580a147f4383,Arjun Bansal,1964-05-23,Male,Indian,9496460820,National Rail Museum Delhi
b96921b8-2da8-4b41-840b-7ed9688732c6,Ira Patel,2004-03-17,Male,Japanese,9614605754,National Rail Museum Delhi
dd01f28b-4d32-4f95-b959-5ed6bbc18609,Riya Sharma,1998-12-01,Other,French,9992393063,National Rail Museum Delhi
88da069e-237e-4373-b399-ea6f8aa16ab2,Aarav Singh,2007-12-07,Other,Singaporean,9200382661,National Rail Museum Delhi
1dfbb554-1691-419a-aca3-e6dcef20dd1c,Sneha Singh,1985-08-25,Male,UAE,9865338353,National Rail Museum Delhi
c4d855d8-f2fe-4f30-b791-3f3383bc9b6f,Neha Gupta,2002-12-01,Male,Canadian,9906807082,National Rail Museum Delhi
10c461a1-9a3f-43f9-8984-dbbfbd66d2d5,Aarav Mehta,1967-11-19,Female,Singaporean,,National Rail Museum Delhi
e2cfd5d1-518a-4ea1-9cf2-a8c8143c8da6,Priya Mehta,1983-01-03,Other,French,9935766619,National Rail Museum Delhi
9525ced6-02ae-4451-8303-9d5fe5340cc7,Ira Singh,2009-12-15,Other,German,,National Rail Museum Delhi
f84b734b-ad18-432c-8292-c8a292ec990f,Neha Singh,1972-01-30,Other,Canadian,9727714611,National Rail Museum Delhi
a6742e7b-8cd6-463a-befe-56bb242841ac,Rohan Chopra,1998-02-08,Male,German,9038973325,National Rail Museum Delhi
04da19b5-71aa-4920-8003-361d1d346a95,Arjun Sharma,1962-09-06,Male,Australian,9892663261,National Rail Museum Delhi
57281ad8-86cd-4fba-bd25-8ef6445375e2,Neha Sharma,1969-10-01,Other,Canadian,9137540400,National Rail Museum Delhi
25cb851b-7ef8-40ea-9a32-be4e66f2afcb,Arjun Singh,1974-09-22,Male,British,9969044353,National Rail Museum Delhi
559e0c73-f257-453c-b20b-4e3f0218be47,Vivaan Sharma,2004-02-08,Male,Australian,9369159588,National Rail Museum Delhi
06ade47b-1bd6-4086-9964-dac6b804e116,Neha Sharma,2015-07-22,Other,Canadian,9434319429,National Rail Museum Delhi
1e216116-6768-41d1-b274-06a793c1be66,Karan Patel,1984-11-11,Other,Indian,9886288025,National Rail Museum Delhi
7f01a315-a056-4ff3-95ff-0109a7a3e143,Aditya Patel,2005-03-22,Male,UAE,,National Rail Museum Delhi
72d997f5-61a5-4f57-ab5c-4c8b687f031a,Kavya Chopra,1963-06-05,Other,British,9932150386,National Rail Museum Delhi
da548153-e400-4feb-bcbc-cc81fd7da784,Priya Mehta,1980-02-28,Other,German,9593159420,National Rail Museum Delhi
c984c3b6-d8d4-4efe-9c71-22cba934efea,Vivaan Singh,2013-11-10,Other,Singaporean,9450751022,National Rail Museum Delhi
77ab79fc-8a76-4cc5-992b-5b01ea32a074,Ananya Mehta,1966-12-25,Male,Singaporean,9494031765,National Rail Museum Delhi
b5d491fd-034e-446f-80db-f2b06d6722c4,Krishna Patel,1977-10-11,Female,American,9027236283,National Rail Museum Delhi
e7c46777-f3c1-4747-a986-9e5fd29065a6,Aryan Gupta,2006-04-18,Other,Australian,9495626682,National Rail Museum Delhi
628c938f-003d-4326-ae92-5a3555df9530,Ishaan Patel,1974-04-03,Male,Indian,9246918703,National Rail Museum Delhi
70339d94-0492-4c82-8f36-d4c9b4fe8231,Priya Mehta,1983-12-01,Male,French,9577900479,National Rail Museum Delhi
b70525f5-1787-402b-99a3-129e37bf1bc9,Ira Verma,1984-01-27,Other,British,,National Rail Museum Delhi
404e69ae-b40d-4ee4-890f-dac4f258bd75,Sneha Patel,1990-03-31,Other,Japanese,9213496807,National Rail Museum Delhi
38b50315-211a-4209-99a5-36a2a5f555bc,Pooja Singh,1963-12-19,Male,Singaporean,9806770894,National Rail Museum Delhi
d3bfab0f-7dbc-4ca0-9036-f4f9d9554d43,Arjun Patel,1987-04-08,Male,Singaporean,9502668842,National Rail Museum Delhi
54738a1a-fc6e-4609-b06d-f1a9a235a07d,Pooja Singh,1961-11-30,Male,German,9871364374,National Rail Museum Delhi
b1434b04-4b8e-4b0d-9541-c18832523bff,Riya Verma,1967-08-05,Male,British,9808211715,National Rail Museum Delhi
a692d6eb-2c49-4b59-9ef0-62b05bd61f3f,Meera Patel,1974-03-12,Female,Canadian,9574357644,National Rail Museum Delhi
3ff1125a-d545-4c06-b33f-b07c21d0a3d0,Ira Gupta,1977-11-30,Other,Indian,9344039763,National Rail Museum Delhi
b4a1db95-4eea-4324-b894-4bc3593c19c5,Sneha Sharma,1968-11-10,Male,Singaporean,9523233634,National Rail Museum Delhi
578d1bc4-c284-48e0-aed2-f83fdd1333c5,Karan Verma,2011-12-17,Other,American,9729491392,National Rail Museum Delhi
a758ff29-3afa-47de-9c2f-e595c1debde5,Meera Patel,2010-08-28,Male,Japanese,9906498894,National Rail Museum Delhi
cff041f1-d2a1-4de6-80a7-d349d91b3516,Aisha Sharma,2009-01-24,Male,Indian,9178425960,National Rail Museum Delhi
a4145ac8-7a90-43a7-9bcc-0a4bf5754e6b,Ira Singh,1981-10-18,Female,French,9857153118,National Rail Museum Delhi
c426c83f-a8ca-4a3a-bced-35e749599774,Meera Gupta,1977-10-25,Other,Canadian,9766494315,National Rail Museum Delhi
f95df1ac-5e43-4017-82e5-bbf56092b9aa,Meera Singh,2009-01-04,Male,Singaporean,,National Rail Museum Delhi
a68c14fc-e9c0-4989-b779-34f4fd8bcf0c,Sneha Singh,2002-06-12,Male,French,9520886273,National Rail Museum Delhi
313f4944-7005-4d0c-a2da-5d0de8c8cd10,Pooja Agarwal,1972-06-12,Other,Australian,,National Rail Museum Delhi
15fe2f4c-6214-4338-99c0-fc630de52515,Sneha Sharma,2002-01-18,Other,UAE,9293082645,National Rail Museum Delhi
d6481819-a038-4b86-8253-da6ac59c0761,Kavya Bansal,1964-06-18,Male,British,9540445882,National Rail Museum Delhi
652830e3-bf14-4722-8ab9-58fb3845c3d0,Meera Chopra,2005-04-07,Male,Singaporean,9220755833,National Rail Museum Delhi
4aad31b2-d93c-4920-9798-f8d5992e8ec6,Riya Patel,1981-12-27,Other,German,9062476491,National Rail Museum Delhi
7cb60781-e3c8-49f1-b125-dcce5a784769,Krishna Agarwal,1964-04-22,Female,German,9268937625,National Rail Museum Delhi
2011d029-bc14-4ded-a317-d5997e8d76db,Neha Patel,1980-07-18,Other,Canadian,9100009170,National Rail Museum Delhi
0bdfda1f-0d70-41ff-aea2-67a9fa512e4c,Aditya Sharma,1994-12-05,Male,UAE,9828060064,National Rail Museum Delhi
226eaf49-1251-4759-b448-656d8f1447a3,Aditya Agarwal,2002-10-23,Other,Singaporean,9504214310,National Rail Museum Delhi
ebeb97fe-2e47-4495-8fcb-017408e457e1,Aditya Bansal,1980-01-09,Female,American,9430858704,National Rail Museum Delhi
391a507c-a925-4a57-8bfc-bf714c50e38a,Ananya Gupta,2015-11-14,Male,British,9793297614,National Rail Museum Delhi
3d28e682-88a2-46d2-90c7-e0f8c6e486e2,Ishaan Verma,1996-01-29,Other,Australian,9393325866,National Rail Museum Delhi
d52ad2b1-bd1f-4ea7-a59d-63dbda7991ea,Karan Singh,1971-12-13,Other,German,9405051987,National Rail Museum Delhi
acfee804-6d57-44c9-a9ff-0a323504ec30,Rohan Patel,1979-11-09,Female,British,,National Rail Museum Delhi
ef0017f6-5c54-4da6-8dca-9a121ad0a639,Riya Sharma,2010-08-18,Male,German,9107381864,National Rail Museum Delhi
8d3f5d84-745c-4945-9b3d-8245638df753,Aarav Gupta,1980-10-09,Other,British,9122773655,National Rail Museum Delhi
3ab8e060-8e11-47eb-9b97-d8cc8c3fedcc,Karan Bansal,1960-03-21,Female,British,9241243922,National Rail Museum Delhi
2d60d74c-1dd3-49a6-9970-53203c8f25e1,Ira Agarwal,1974-03-12,Other,French,9506329503,National Rail Museum Delhi
536e2349-bd08-4373-8dbc-34d96c2cc2ec,Meera Verma,2001-01-10,Male,UAE,9475098218,National Rail Museum Delhi
a65f7800-eee6-4b60-91eb-8490688c6fdb,Arjun Chopra,2007-06-17,Female,American,9595176401,National Rail Museum Delhi
84230e94-c50f-4cd5-bef9-6443195ad4e2,Rahul Patel,1974-02-13,Female,Japanese,9809626978,National Rail Museum Delhi
b6f24a23-5b43-4388-94b7-7cf214a9d95d,Ananya Singh,1969-03-17,Other,Australian,9324230161,National Rail Museum Delhi
889590b8-a3ca-45a9-b7fd-7a2ee977ef89,Aisha Bansal,1997-05-06,Other,Australian,,National Rail Museum Delhi
2d838cb8-1bd5-4b3c-b582-f71bd2e7402a,Meera Patel,2003-01-23,Male,Singaporean,9531682756,National Rail Museum Delhi
6f611e09-c68f-4fe0-b020-add70ed30c0b,Aisha Sharma,1988-09-01,Other,Indian,9697973606,National Rail Museum Delhi
033a8859-8c07-4369-ac49-4473ea89e886,Krishna Bansal,1963-02-03,Female,Indian,9225778396,National Rail Museum Delhi
e7d2bf08-b2d6-4990-b7e8-2a1359921658,Vivaan Kapoor,2004-02-27,Other,Australian,,National Rail Museum Delhi
2aacad3d-7881-45de-867e-39d10876b805,Rohan Kapoor,1996-07-05,Male,French,9136711269,National Rail Museum Delhi
b7e75e8f-7f03-463d-8965-1e37fab341ff,Ananya Sharma,2013-10-20,Other,British,9726147551,National Rail Museum Delhi
ba69ff9a-09c7-46f2-8fd4-0d5cfcf70b67,Vivaan Bansal,1993-07-18,Male,Australian,,National Rail Museum Delhi
46c86358-f431-4553-ac88-33f34f7cea37,Pooja Verma,1996-12-05,Female,British,9483888932,National Rail Museum Delhi
f553415c-3e15-4ccb-89a1-e9e642044cee,Karan Chopra,1993-07-02,Female,Singaporean,9982123498,National Rail Museum Delhi
b3bee254-df62-4489-b96a-0073644ef379,Aisha Sharma,1999-01-14,Other,Japanese,9176701699,National Rail Museum Delhi
46719e42-cfcd-4c71-b415-e5363c1993ba,Rahul Singh,2009-04-17,Male,Australian,,National Rail Museum Delhi
0e5a60df-b6f2-4e66-bc5a-71d1a1ad9b5f,Sneha Gupta,1970-10-13,Other,British,9749332146,National Rail Museum Delhi
f9cb708d-e0d0-49a4-8e31-2d5c725a1c55,Meera Bansal,2011-03-27,Other,Australian,,National Rail Museum Delhi
c06560ed-624b-4f9a-8964-e7776d1aa5dd,Kavya Patel,2011-11-26,Female,French,9162945069,National Rail Museum Delhi
984bbdfa-a61c-46b0-a89b-0248ef855321,Priya Agarwal,2002-04-27,Female,German,9500166485,National Rail Museum Delhi
72907663-e41e-43b2-bc02-d5b1027e44ee,Ishaan Gupta,1980-01-29,Other,Singaporean,9296787537,National Rail Museum Delhi
845c4604-1579-4530-8889-78bf55cc161d,Ira Singh,1982-11-01,Other,German,9245632049,National Rail Museum Delhi
ee39f46b-a3d8-4cfa-85ae-a728085f0a06,Aisha Verma,1972-02-07,Female,Singaporean,9252582113,National Rail Museum Delhi
e4c1293f-8299-4d7a-8ddd-8148b0b44b24,Meera Chopra,1995-07-03,Male,Japanese,,National Rail Museum Delhi
05086cbf-4edb-4599-9308-5200f8a42524,Arjun Bansal,1969-06-22,Male,German,9079667166,National Rail Museum Delhi
de85656a-5eba-46b4-926e-6bfeb6a46377,Karan Bansal,1986-12-25,Other,UAE,,National Rail Museum Delhi
d07c78ac-3fb6-4f7c-b066-6939bbb38b81,Rahul Sharma,1988-01-14,Other,German,,National Rail Museum Delhi
a3bb646c-f73f-4eaa-b6e2-e615ae46d5af,Ananya Patel,1993-04-30,Male,UAE,9582260088,National Rail Museum Delhi
74f99c36-0b96-47ec-b38a-27568203371f,Aryan Agarwal,1999-02-02,Other,Australian,9724405062,National Rail Museum Delhi
c935902f-e69c-4884-926b-0a7acbc57b1d,Ira Agarwal,2000-02-04,Other,American,9574985343,National Rail Museum Delhi
ea4db371-0d81-4f39-86f2-e71fda44fac3,Ira Mehta,2006-05-14,Male,Indian,,National Rail Museum Delhi
7b36f9d5-1984-4517-92d8-2c148ff03df4,Ananya Kapoor,2007-03-04,Other,American,9685139164,National Rail Museum Delhi
7003d7e2-414e-42c4-85f9-10d6f307ab16,Ishaan Mehta,1963-12-18,Other,Singaporean,9296580136,National Rail Museum Delhi
da4eb4e4-b1f8-4f68-b639-3f6683d07c64,Meera Patel,1961-03-01,Other,UAE,9221770927,National Rail Museum Delhi
0fa0a3f8-2494-4b62-bf3c-68fda6df6959,Aisha Verma,1967-05-05,Male,UAE,9610714152,National Rail Museum Delhi
e040704c-4471-4ae2-ba66-c8f7b2cd85ae,Kavya Patel,1969-01-15,Female,Japanese,9133354202,National Rail Museum Delhi
1cf4db00-eca6-4890-a5ab-2c5e424acc77,Aryan Mehta,1990-11-12,Female,French,9610669895,National Rail Museum Delhi
51dc4f1b-5886-45d0-a3e1-894eb79ddd8c,Aisha Gupta,1974-01-06,Female,French,9426138948,National Rail Museum Delhi
0525d6db-159f-49de-b20f-c63e55e3a394,Aryan Gupta,1982-05-15,Male,Singaporean,9761841714,National Rail Museum Delhi
a3d9e170-801b-48bc-8776-66dd7ee58d12,Arjun Kapoor,1962-12-15,Male,UAE,,National Rail Museum Delhi
08d4712c-5b69-48e2-93fe-2ddc3d4711a3,Ishaan Bansal,1977-06-27,Female,French,,National Rail Museum Delhi
73d8bf49-63a4-41ff-ae7c-6f27d4841f1e,Ishaan Chopra,2013-04-11,Male,UAE,9163476368,National Rail Museum Delhi
8d2dc667-102e-4006-9462-9614eb0d8e95,Aisha Verma,1976-01-28,Female,Canadian,9865487873,National Rail Museum Delhi
bf53003c-bab2-47da-97e3-6a5ce0aacd2e,Aryan Gupta,2001-04-15,Female,Canadian,9061532837,National Rail Museum Delhi
b7278796-15b7-420c-949f-540fd310be4f,Aryan Kapoor,1962-01-07,Female,UAE,9985932900,National Rail Museum Delhi
23a67747-a954-497f-9e8b-8597e2015e21,Aryan Verma,1968-03-16,Other,Japanese,9609155161,National Rail Museum Delhi
1c261046-bcdf-45f1-a54a-7b00b3be3980,Riya Patel,2006-05-16,Female,Japanese,9336980337,National Rail Museum Delhi
8f6fe6a4-26a1-4a67-81b7-980a09ef2755,Ira Gupta,1970-06-28,Female,Japanese,9060376340,National Rail Museum Delhi
b61acbdd-209e-42cc-9460-05730ae373b8,Pooja Kapoor,1970-12-25,Female,German,9098754615,National Rail Museum Delhi
e9ff1b3e-3802-4013-a429-f2a7e8dac923,Aarav Bansal,1996-06-27,Female,Singaporean,9889077962,National Rail Museum Delhi
e6a65c88-0928-4741-a2cc-a2e39f03e592,Neha Agarwal,1964-07-19,Male,British,9676753929,National Rail Museum Delhi
0cfaa05c-39d6-4ff1-8ca8-a0d239d96eab,Meera Chopra,1994-11-07,Female,UAE,9347544629,National Rail Museum Delhi
ea9ebdf1-cb0f-476f-aab1-2b23d59a3f69,Aarav Kapoor,1997-08-03,Male,Singaporean,9551157380,National Rail Museum Delhi
8ae2be4c-70a2-4b58-ada0-c71e99e0ac88,Karan Verma,1974-11-11,Other,Singaporean,,National Rail Museum Delhi
f9fd0b0b-fb21-4226-a1e1-df50cb8f57b0,Aarav Agarwal,1981-08-27,Other,American,9144632813,National Rail Museum Delhi
99032e80-0dcf-4f15-9eba-93a0f8577615,Meera Gupta,2012-09-05,Other,Canadian,9053142314,National Rail Museum Delhi
a50574f9-684e-44f7-aa4c-04e77c07554c,Riya Kapoor,1998-09-03,Female,Japanese,9003785688,National Rail Museum Delhi
4e407f84-34b6-4fae-8073-4cfd8730209f,Rahul Chopra,1972-08-08,Female,French,9285753768,National Rail Museum Delhi
54ce9fa0-5435-4e42-9e49-fbcab726defe,Arjun Kapoor,1999-11-27,Male,French,9173231376,National Rail Museum Delhi
e3dc7d3f-cf59-4b99-8a9c-4e004e07a32a,Aarav Sharma,2004-10-01,Male,French,9527958687,National Rail Museum Delhi
cb7fb61e-70c5-46b1-b3bc-863883826613,Arjun Sharma,1986-07-23,Male,Singaporean,,National Rail Museum Delhi
35c43e7a-a507-45c6-8e71-3ef0addaae26,Aarav Chopra,1968-08-05,Other,German,9533144309,National Rail Museum Delhi
7d550b2d-18cf-4e6e-83ff-6659ac51753a,Pooja Agarwal,2011-04-28,Male,Canadian,9870311882,National Rail Museum Delhi
482c7fb2-05cc-4b3c-be14-13872af50e98,Karan Bansal,1991-06-16,Other,French,9635137426,National Rail Museum Delhi
b86b64ee-e340-40e3-8aa8-cb5ed83eb4fe,Aisha Agarwal,1987-02-04,Other,UAE,,National Rail Museum Delhi
d7e3226c-0332-4dd9-aa42-a3d44ef1e85c,Meera Mehta,1979-07-04,Other,American,9395254214,National Rail Museum Delhi
5c0150c0-1870-4e57-8eaa-ff0e1d8ac001,Aisha Chopra,1992-05-30,Other,Indian,9586696967,National Rail Museum Delhi
48b12f2f-c773-4c63-b0dc-5435baea4a54,Vivaan Gupta,2013-12-17,Male,German,9171033876,National Rail Museum Delhi
8c5e966d-c572-4ff6-95e4-bce81a6e20a1,Sneha Chopra,1960-05-28,Female,French,9529634492,National Rail Museum Delhi
a17fb84a-1f73-420a-92c8-738794cb60db,Ishaan Sharma,1986-12-02,Male,Japanese,9174746519,National Rail Museum Delhi
068d8e49-b643-4e14-8884-2276499db5f5,Karan Bansal,1975-07-09,Female,Japanese,9213446399,National Rail Museum Delhi
44e7bd72-e1cf-4d53-af50-8048eed224cc,Meera Gupta,1975-09-15,Female,Japanese,9760388871,National Rail Museum Delhi
4c1b02fa-0586-4139-93f6-e2f75426975f,Neha Gupta,2010-01-22,Other,Singaporean,,National Rail Museum Delhi
ae2a33f0-403b-4007-98e3-73474e910ace,Rahul Kapoor,1987-05-12,Female,Japanese,9480098110,National Rail Museum Delhi
7ea2545f-b5b6-4bc4-bb4d-1e8dcdf91a5b,Karan Singh,1967-08-05,Other,Indian,9035486851,National Rail Museum Delhi
18abdd7c-6c30-476a-b7f8-534a2b4b3b3a,Rahul Bansal,1988-04-28,Other,Canadian,9359729860,National Rail Museum Delhi
9d0c2733-2cd6-4eb5-8a79-30381419e625,Riya Chopra,1973-09-28,Other,Indian,,National Rail Museum Delhi
24722d79-eae0-41df-95de-9b58ff618fbd,Ira Mehta,1976-06-04,Male,American,9224845244,National Rail Museum Delhi
32596a34-53ea-49bc-bf61-99f85c430117,Aisha Patel,2015-04-16,Other,Japanese,9144821901,National Rail Museum Delhi
27270302-f9ca-47cc-8a69-188fda498882,Vivaan Patel,1975-10-24,Other,Canadian,9242350629,National Rail Museum Delhi
39bd950d-2e99-49e3-b190-55d9a75321f0,Vivaan Kapoor,1968-04-20,Other,Canadian,9458093142,National Rail Museum Delhi
fa2c0450-01a2-495f-a509-808eead59fa5,Aisha Verma,1973-12-18,Other,Canadian,,National Rail Museum Delhi
c4861582-b28b-4dc2-9ead-505c86830be8,Neha Kapoor,2008-11-23,Female,Indian,9663969871,National Rail Museum Delhi
68fceb27-c610-421e-b7d1-20632c141300,Aditya Sharma,1984-11-01,Male,UAE,9299996321,National Rail Museum Delhi
3f9d6d29-0631-476a-881f-0c952ef667bf,Rohan Gupta,2003-03-24,Other,Indian,9807358054,National Rail Museum Delhi
166a8a21-8a9c-4879-a1db-f18991f59e7f,Ishaan Patel,1971-07-08,Other,British,9295527976,National Rail Museum Delhi
aacd2115-afdc-442e-affd-873927043032,Sneha Sharma,1996-07-28,Other,French,,National Rail Museum Delhi
c6727ed7-ed39-4635-b4bd-1c30b4c429ae,Ishaan Sharma,1972-05-04,Other,Japanese,,National Rail Museum Delhi
5fc6c206-77a4-4cd3-939b-68edea1d970e,Vivaan Bansal,1998-04-21,Female,Canadian,9855346889,National Rail Museum Delhi
09bc9505-4c70-4d67-b1a0-def8c603da2f,Aisha Patel,1977-03-29,Male,UAE,,National Rail Museum Delhi
3e8ac47f-d3a7-483b-b590-6ced1c8926a6,Aditya Kapoor,1980-04-22,Female,Singaporean,9383661010,National Rail Museum Delhi
74ae4fd6-5e60-46ff-8585-142ea1fb5461,Rahul Chopra,2015-11-22,Male,Singaporean,9822052797,National Rail Museum Delhi
1798ac95-006f-4014-86a2-c76f9686b85c,Aarav Agarwal,1991-04-21,Female,German,,National Rail Museum Delhi
02302eee-49a1-4cec-a5d0-fd3e4f5662b8,Aisha Chopra,1987-05-05,Male,UAE,9124248160,National Rail Museum Delhi
90756e63-3189-4cd0-a1bf-7080b5e0a99e,Ananya Singh,2000-01-24,Other,Japanese,,National Rail Museum Delhi
e1048164-5986-428c-90c7-efc5e807aa05,Ananya Sharma,1999-02-26,Male,Indian,9370312256,National Rail Museum Delhi
81f2031e-6835-4e43-aeba-f599c8f897c4,Ira Bansal,1965-10-06,Male,British,,National Rail Museum Delhi
af2fae6f-5f18-4c45-a3d9-db15a1df8de9,Pooja Singh,1973-09-28,Male,German,9881156982,National Rail Museum Delhi
e812ff49-8c1f-4c1f-8ec0-368c06b0c99d,Karan Bansal,1990-11-14,Female,British,9515993941,National Rail Museum Delhi
09200132-f9d1-4319-a4d5-543c4132d1d8,Meera Agarwal,1972-01-09,Other,German,9351921732,National Rail Museum Delhi
b7ad15ad-5b76-4ae5-bbf4-6529200bddfa,Pooja Chopra,2004-10-31,Other,Canadian,9076677467,National Rail Museum Delhi
8cf1d753-0dd3-4a07-a297-202527b69c1c,Kavya Agarwal,2015-11-26,Female,UAE,9138170899,National Rail Museum Delhi
7ed6a36e-3c58-4003-900e-906cceec79a8,Rahul Sharma,1999-01-08,Male,Japanese,,National Rail Museum Delhi
cacf9df8-00d9-4d91-8763-062a198869ab,Krishna Verma,1976-03-04,Male,French,9602520741,National Rail Museum Delhi
800a4ad5-2b53-48d5-ad8f-693d5f6a821b,Aditya Patel,1970-09-02,Male,Australian,9776499518,National Rail Museum Delhi
e9658b4b-1d7a-4a08-a336-8eda9cdaf979,Karan Gupta,2003-09-16,Female,American,9593367020,National Rail Museum Delhi
9e5c220e-291b-40d5-9dd0-d7e4fc77798e,Karan Verma,2010-06-02,Other,American,,National Rail Museum Delhi
1f466da0-86f6-41c6-b3ab-e96980cdf71e,Aarav Bansal,1975-04-29,Female,British,,National Rail Museum Delhi
9c7aac2b-a308-4e05-9cb4-1a655bb0a78a,Aryan Kapoor,1995-02-04,Other,Canadian,9103466216,National Rail Museum Delhi
0fccf576-fa80-4b0c-abba-7cc9d49cc0df,Krishna Mehta,2003-02-04,Female,UAE,9932902831,National Rail Museum Delhi
25184771-8721-48e4-8905-67f22635c3e9,Ira Verma,2011-06-16,Male,Singaporean,9632047420,National Rail Museum Delhi
23faa39f-70ae-4a81-bae5-d8bc00e3b68e,Ira Chopra,2006-01-06,Male,Indian,9756127164,National Rail Museum Delhi
77c4fa75-c3ed-454b-bf26-9a3e159a3ef6,Aisha Verma,1991-11-21,Male,Australian,9124434909,National Rail Museum Delhi
ed2d6c17-ddcb-4fc2-bd78-4c805b04fc95,Neha Mehta,1997-08-15,Other,Canadian,9087983626,National Rail Museum Delhi
01104316-cd69-4e30-824f-d858f3124408,Pooja Kapoor,2008-05-01,Female,German,9156780631,National Rail Museum Delhi
5190d1f8-aceb-4f24-9013-3f84c3a59d17,Sneha Bansal,1979-04-18,Male,Canadian,9153323957,National Rail Museum Delhi
200ff67b-597a-41aa-911c-f99a37277c3e,Ishaan Chopra,1965-07-16,Female,Japanese,9477900835,National Rail Museum Delhi
47857b7c-4ffc-4452-ba96-af058952000b,Meera Bansal,1986-09-16,Other,German,9737129711,National Rail Museum Delhi
92cf7eed-3c92-4b92-b1a5-e6c4e90fff5e,Riya Sharma,1993-12-04,Male,Japanese,9686259474,National Rail Museum Delhi
2ddcd690-43ea-44c2-bf6d-dce4a0c0db6b,Aarav Mehta,1966-07-14,Female,French,9524539510,National Rail Museum Delhi
e9f37529-46e3-47c4-9fea-2ddaec072a75,Rohan Kapoor,2011-03-28,Female,Japanese,9460786636,National Rail Museum Delhi
a9cf0f9b-23a7-47c1-9629-41a0608c2ba2,Neha Sharma,1990-05-01,Other,Canadian,9480173326,National Rail Museum Delhi
23cb73b6-82f1-466e-ac7b-6bcc6ce66115,Ishaan Agarwal,2010-02-09,Male,UAE,9526137154,National Rail Museum Delhi
2239c0a4-ce68-4c4f-8908-3b86ca189e0a,Rahul Singh,1992-12-17,Other,UAE,9257255415,National Rail Museum Delhi
745f5641-e409-4d8d-a5da-bf51ae07f476,Pooja Mehta,2010-09-22,Male,Australian,9136225973,National Rail Museum Delhi
a5a6e138-19e6-4885-924e-f997ec31a3dc,Sneha Chopra,1972-04-20,Male,Indian,9989491357,National Rail Museum Delhi
92c81d70-6448-4fd2-89fd-b26d20f33966,Krishna Chopra,1975-10-02,Male,German,9141046409,National Rail Museum Delhi
19acdc9b-5250-40e8-892c-51b3d856fca7,Aditya Bansal,1995-03-25,Other,German,,National Rail Museum Delhi
2ee34977-29df-49e5-a638-0c3989c96dc9,Aisha Mehta,2013-12-05,Other,Japanese,9198418476,National Rail Museum Delhi
fab4702d-e198-4bee-bcfb-886b8e1743e4,Krishna Verma,2004-07-23,Male,Japanese,,National Rail Museum Delhi
c3f7af5b-2cb6-48c6-b0ba-22d1cf099003,Aarav Gupta,1980-10-30,Male,UAE,9746784540,National Rail Museum Delhi
fb189c00-3c71-4603-bf73-f92949c4e1d3,Arjun Chopra,2009-08-03,Other,British,9434947160,National Rail Museum Delhi
5b5f951b-8146-4e9b-8d30-fbe8a46878d0,Rohan Chopra,1991-07-10,Other,British,9864253399,National Rail Museum Delhi
70b93b43-64bd-4c7d-82e7-ced7deae31b5,Aryan Patel,2001-08-19,Male,Indian,9727425703,National Rail Museum Delhi
052063d3-e5b5-4cf0-aba9-770f01cf3f48,Neha Bansal,1970-10-17,Female,UAE,9282306497,National Rail Museum Delhi
0c59077f-5bce-438f-9508-5f2bcc4ea55b,Karan Singh,1980-12-30,Female,Canadian,9591509276,National Rail Museum Delhi
fd17f36c-032c-4007-a70d-0062351b2773,Kavya Singh,1991-10-27,Female,British,9347969216,National Rail Museum Delhi
16ca0ccc-b81d-46a6-8c62-085fcf71e4ba,Aditya Kapoor,1995-08-28,Male,Canadian,,National Rail Museum Delhi
e195dc53-5576-4b37-84c0-b042c63199c5,Aarav Sharma,2002-07-15,Male,German,9854020432,National Rail Museum Delhi
5a51929c-7513-482f-9062-2dd9e9b10faa,Rahul Mehta,1963-01-06,Female,German,9075190609,National Rail Museum Delhi
4c819ab0-929b-4c3b-bc07-d7bd0d244345,Priya Singh,1980-05-22,Other,French,9856298165,National Rail Museum Delhi
c621c740-45d2-47e2-885d-66bfa15e3e72,Karan Gupta,1963-10-16,Other,French,9742620626,National Rail Museum Delhi
43d87b1a-bbbb-47f4-a50f-33cff54ed8a2,Arjun Gupta,2012-04-15,Other,UAE,9657305573,National Rail Museum Delhi
031bb0b9-2112-4b79-ba1f-0c2b2cf9d4de,Sneha Mehta,2007-11-06,Female,Singaporean,9603413198,National Rail Museum Delhi
c838dcc4-a7a5-43e2-b23b-3a4f90346647,Meera Patel,1961-04-18,Other,UAE,9045258243,National Rail Museum Delhi
cba2b078-1292-487e-bef8-15bc8742d7d9,Ananya Singh,1972-02-20,Other,Australian,9593026226,National Rail Museum Delhi
e10a8a82-fb64-413e-8dce-4bf79fa0212e,Aisha Mehta,2004-12-19,Other,Singaporean,9909963922,National Rail Museum Delhi
7005f5eb-08d4-4a4b-a839-6fe8a3aad006,Arjun Bansal,2000-03-09,Other,American,9141555396,National Rail Museum Delhi
37f2767b-4a8b-4987-ace2-903b035ccb03,Aryan Gupta,2000-05-17,Male,German,9304845136,National Rail Museum Delhi
f9640571-a6e3-47b1-b57c-af0f9e3d60c3,Aditya Agarwal,1972-01-07,Other,German,9384436453,National Rail Museum Delhi
aec395d8-9345-40e7-9a07-c0e33bf84b86,Neha Chopra,1983-04-24,Other,Indian,9494665581,National Rail Museum Delhi
3a911ca0-6dc7-40c2-82cd-6b3d96d55638,Pooja Chopra,2012-10-13,Other,Canadian,9676804574,National Rail Museum Delhi
33b5362a-ed03-4ba2-bdb2-f08f91e89827,Aarav Singh,2011-05-23,Female,Indian,,National Rail Museum Delhi
caa0186e-bc7a-427d-8f15-d261409e28ba,Ira Mehta,1968-11-15,Female,Singaporean,9318685262,National Rail Museum Delhi
d7ed79a9-8bac-4238-bbec-f5c89704308b,Krishna Chopra,2002-03-12,Male,Singaporean,9693373231,National Rail Museum Delhi
0dc8db93-4a94-4bb0-b376-bbe6e177426a,Ira Verma,1963-06-23,Male,Indian,9041802162,National Rail Museum Delhi
4711045d-d2e7-4457-b5c0-8ff88f36c503,Pooja Gupta,2006-06-12,Other,French,9196210617,National Rail Museum Delhi
f38cacb2-f2f2-4622-ab5f-61d3690f1f96,Ananya Gupta,1985-06-01,Female,British,9248879693,National Rail Museum Delhi
04d6eb71-2cc9-44e4-a2bd-767f78893102,Meera Bansal,1984-03-22,Male,Australian,9555222462,National Rail Museum Delhi
c3cb8aa2-3850-446a-9861-60de2c37319a,Aditya Chopra,2012-04-20,Male,German,9195883692,National Rail Museum Delhi
4601202e-0da0-4d1e-9df9-611dd44ca45f,Aryan Kapoor,2009-05-03,Other,Singaporean,,National Rail Museum Delhi
594f9abf-98d5-4795-a855-fc88705afe9c,Arjun Agarwal,1985-02-06,Female,Canadian,9376194856,National Rail Museum Delhi
ed2bb79d-ff0c-4326-bcd2-35d517032190,Priya Chopra,1975-07-15,Female,Australian,9318516442,National Rail Museum Delhi
50a56c39-a065-44de-a608-601fa47438a3,Arjun Mehta,2011-01-20,Other,British,9520984215,National Rail Museum Delhi
b086ebb7-845c-4015-b650-efaf31ee97bb,Vivaan Gupta,1981-02-03,Other,British,9600519467,National Rail Museum Delhi
12989927-4307-4492-81a5-8851919992d6,Pooja Mehta,1967-12-26,Female,UAE,,National Rail Museum Delhi
ef89a142-d945-4b5d-998f-cb55a65f141b,Aisha Agarwal,2010-10-24,Female,Japanese,9944450404,National Rail Museum Delhi
35ab6c40-61f7-4fba-9e14-0ff2e446e06f,Kavya Bansal,1995-05-21,Female,Canadian,9147764722,National Rail Museum Delhi
b3d9003b-736c-4193-9f67-f51d71b69a18,Krishna Singh,1984-06-17,Other,French,,National Rail Museum Delhi
ddcfefec-ef25-41aa-8e52-2ba0ce06f92f,Riya Verma,1978-06-28,Other,British,,National Rail Museum Delhi
f3e40905-db54-4e1d-92cc-fc7136751024,Neha Mehta,2005-04-17,Other,Singaporean,9571919494,National Rail Museum Delhi
8753d555-fb87-4819-8901-176de464932c,Aditya Agarwal,1960-02-26,Female,Japanese,9900789637,National Rail Museum Delhi
155bc941-897c-4894-be40-ddad63a9d10f,Sneha Gupta,1977-10-18,Female,British,,National Rail Museum Delhi
697994c8-6f77-4b98-98bf-0ab40827a99a,Vivaan Agarwal,1996-04-27,Male,French,9958615491,National Rail Museum Delhi
20b03e04-a3a6-4273-9c12-c5c56f2b654f,Vivaan Mehta,1962-11-05,Female,Singaporean,9122637585,National Rail Museum Delhi
