"name","address","state","overview","theme","establishment_year","website","contact_info","admission_fee","timings","facilities"
"Archaeological Site Museum","Amaravati, Guntur District - 522002","Andhra Pradesh","The Museum displays sculptures such as the Amaravati Stupas and few other sculptures from places like Gummadidarru, Ramireddipalle, Alluru and Lingaraj Palli","Archaeological Museum","1951","","8645255225","Rs. 5 per head and free entry for children up to 15 years","10:00 AM - 05:00 PM (Closed on Fridays)","Library, Photography and Guided Tours"
"Archaeological Site Museum","Raja Mahal, Chandragiri, District Chittoor - 517101","Andhra Pradesh","The Museum displays stone and metal sculptures of Shaivite, Vaishnavite and Jain traditions, bronze pieces from the Chola, Vijayanagar and Post-Vijayanagar eras, life-sized replicas of rulers, copper plates, coins, manuscripts, charts, maps displayed in three galleries namely - Gudimallam Gallery, Durbar Hall and Yaganti Gallery","Archaeological Museum","1988","https://www.asi.nic.in","8772276310","Rs. 100 per head","10:00 AM - 05:00 PM (Closed on Fridays)","Library"
"Archaeological Site Museum","Nagarjunakonda, P.O. Vijayapuri South, Guntur District - 522439","Andhra Pradesh","The Museum displays the Buddhist, Palaeolithic and Neolithic artefacts and ruins found during excavation, beautiful stone sculptures, inscriptions, relic caskets, jewellery and other antiquities from the 3rd and 4th century AD","Archaeological Museum","1966","https://www.asi.nic.in/museum-nagarjunakonda","08642278107, museumnagarjunakondaasi@gmail.com","Rs. 5 per head and free for children up to 15 years","09:00 AM - 04:00 PM (Closed on Fridays)","Photography and Guided Tours"
"Bapu Museum","M.G. Road, Buckinghampetra, Vijayawada - 520002","Andhra Pradesh","The Museum displays artefacts from Prehistoric period to Modern times. The artefacts include terracotta objects, pottery, ceramic objects, sculptures, bronzes, paintings, wood carving, Prehistoric, Proto-Historic and Historic period tools and objects, paintings, arms and weapons inscriptions etc.","Archaeological Museum","1887","","0866 2577986, vjaarchmuseums@gmail.com","Adults: Rs. 50 per head and Children: Rs. 30 per head","10:00 AM - 05:00 PM (Closed on Fridays and Gazetted Holidays)","Wheelchair, Photography and Guided Tours, Rest Rooms"
"Sri K.S.R. District Archaeological Museum","10, Pasaluru - Upparapalli - Anantapur, Adimurthy Nagar, Gulzarpet, Anantapur - 515001","Andhra Pradesh","The Museum preserves and displays the antiquities found during exploration and excavation of Anantapur and allied areas. The Museum collection dates back to the Prehistoric period to the Twentieth century such as the his - torical sculptures, paintings, Bidri ware, arms and weapons, bronzes, coins, stamps, copperplate epigraphs, stone, tool, celadon wares and enamelled wares","Archaeological Museum","1992","","855423998","Adults: Rs. 3 per head and Children: Rs. 1 per head","10:30 AM - 05:00 PM (Closed on Fridays)","Photography and Guided Tours"
"Archaeological Site Museum, Chandavaram","Jagannadhapuram, Near Chandavaram, Prakasam District - 523326","Andhra Pradesh","The Museum exhibits various artefacts which exemplify architectural heritage of Site such as the ornate limestone panels, pottery, coins, beads and Brahmi inscriptions and slabs that have Dharma Chakras, Bodhi Tree and Jataka Stories engraved on them. The Museum also displays the Hindu sculptures","Archaeological Museum","1980","","86412410986","Free","10:30 AM - 05:00 PM (Closed on Fridays)","Photography and Guided Tours"
"Bhagvan Mahavir Museum","Cuddapah - 516001","Andhra Pradesh","The Museum exhibits artefacts displayed in its four galleries. The first gallery displays stone sculptures of Hindu Gods and Goddesses. The middle gallery stands for the Jain Tirthankaras. The antiquities right from the Prehis - toric times to the late Vijayanagara period are displayed in the third gallery that displays Prehistoric stone tools, Mega - lithic pottery, early historical objects such as pottery, coins, ter racotta figurines and bronzes, arms & weapons, Bidri ware, and paintings. The fourth gallery is exclusively devoted to the stone antiquities displaying important antiquities such as the Buddha Padas (2nd Century A.D.) Annapurna, Surya and Jaina Tirthankara sculptures","Archaeological Museum","1982","","86412410986","Adults: Rs. 3 per head and Children: Rs. 1 per head","10:30 AM - 05:00 PM (Closed on Fridays)","Photography and Guided Tours"
"Baudhasree Archaeological Museum","Opposite A.C. College, Guntur District - 522004","Andhra Pradesh","The Museum displays artefacts related to Buddhist heritage. It displays Buddhist sculptures, a limestone statue of Buddha, rock-cut sculptures relocated from Sekuru, Divuladinne and Amudalapalle, bronze and copper plates, palm leaf manuscripts, coins, paintings and Prehistoric artefacts","Archaeological Museum","1992","","0866 2577986","Adults: Rs. 3 per head and Children: Rs. 1 per head","10:30 AM - 05:00 PM (Closed on Fridays)","Photography and Guided Tours"
"A.S.P. Government Museum and Research Institute","Rama Rao Pet, Kakinada, East Godavari District - 275619","Andhra Pradesh","The Museum has around four hundred antiquities displayed in a single gallery. The Antiquity collection showcases the early historical pottery, antiquities of Buddhist period, terracotta figurines, coins, copper plate inscrip - tions, stone sculptures, armed weapon sculptures etc.","Archaeological Museum","1973","https://www.aparchmuseums.nic.in","0866 2577986","Free","10:30 AM - 05:00 PM (Closed on Fridays)","Library, Photography and Guided Tours"
"District Archaeological Museum, Kurnool","Kurnool - 518001","Andhra Pradesh","The Museum has around 946 antiquities such as stone sculptures, artefacts, bronzes, Bidri ware, coins, arms and weapons, pottery, beads, terracotta, Ajanta paintings, Miniature paintings etc.","Archaeological Museum","1999","https://www.aparchmuseums.nic.in","0866 2577986","Adults: Rs. 5 per head and Children: Rs. 1 per head","10:30 AM - 05:00 PM (Closed on Fridays)","Library, Photography and Guided Tours"
"Archaeological Site Museum","Mylavaram Dam, Jammalamadugu, Cuddapah - 516434","Andhra Pradesh","The collection displays stone sculptures, arms and weapons, coins, terracotta objects and palm leaf man - uscripts","Archaeological Museum","1981","https://www.aparchmuseums.nic.in","8662577986","Free","10:30 AM - 05:00 PM (Closed on Fridays)","Library, Photography and Guided Tours"
"Sri Rallabandi Subbarao Government Museum","Godavari Bund Road, Vankayalavari Veedhi, Rajahmundry - 533102","Andhra Pradesh","The Museum displays the stone sculptures in the verandahs and courtyard. In the hall, antiquities such as Palaeolithic tools, Neolithic implements, Early historic potter y and terracotta figurines, bronzes, coins, Bidri ware, arms and weapons, wood carvings, and Miniature paintings are displayed. The outstanding collections of the Museums are stone sculptures, gold coins, and wood work by tribal women","Archaeological Museum","1967","https://www.aparchmuseums.nic.in","8662577986","Free","10:30 AM - 05:00 PM (Closed on Fridays)","Library, Photography and Guided Tours"
"Sri R.S.R Government Museum","Ulli Thota Street, Rajahmundry - 533102","Andhra Pradesh","The Museum exhibits the archaeological artefacts such as sculptures from differe nt periods","Archaeological Museum","1967","https://www.aparchmuseums.nic.in","0866 2577986","Free","10:30 AM - 05:00 PM (Closed on Fridays)","Library and Photography"
"Archaeological Site Museum","Kanuparthy, Prakasam - 523180","Andhra Pradesh","The Museum houses a collection of 120 stone sculptures from the 2nd century A.D. to the 16th Century A.D., excavated in the village of Kanuparthy. The artefacts include carved sculptures depicting Nandi, Saptamatrika, Surya and Bhairava along with limestone panels and slabs from Neelayapalem","Archaeological Museum","1983","https://www.aparchmuseums.nic.in","0866 2577986, diraparch@gmail.com","Free","10:30 AM - 05:00 PM (Closed on Fridays)","Guided Tours and Photography"
"Archaeological Site Museum","Nellore - 524001","Andhra Pradesh","The Museum houses the stone sculptures and architectural marvels dated from Satavahana to the Post Vijayanagar Period","Archaeological Museum","2006","https://www.aparchmuseums.nic.in","0866 2577986, diraparch@gmail.com","Adults: Rs. 3 per head and Children: Rs. 1 per head","10:30 AM - 05:00 PM (Closed on Fridays)","Guided Tours and Photography"
"Chitralaya Besant Theosophical College","Besant Hall, Giri Rao Street, Madanapalle - 517325","Andhra Pradesh","The Museum houses artefacts such as paintings, and sculptures from Southern India, copies of Ajanta frescoes and wall paintings from Cochin","Archaeological Museum","1920","","08571 224855","Free","10:00 AM - 04:00 PM (Closed on Saturdays and Sundays)","Library, Photography and Film Shows"
"Kalachakra Museum","Main road, Opposite Ambedkar Statue, Amaravati - 522020","Andhra Pradesh","The Museum displays collections based on the Buddhist artistic traditi ons that flourished in the region of Amaravati. On panels made of marble and stone, several episodes from the life of Buddha and the Jataka Tales are portrayed which are displayed in the Museum’s courtyard","Archaeological Museum","2006","https://www.aparchmuseums.nic.in","","Adults: Rs. 5 per head and Children: Rs. 2 per head","10:30 AM - 05:00 PM (Closed on Fridays)","Guided Tours and Photography"
"Sri Venkateswara Museum on Temple Art","G.N. Mada St., Varadaraja Nagar, Tirupati - 517501","Andhra Pradesh","The Museum displays its collection in two sections. The first sect ion focuses on the Temple Architecture depicting Vaishnavism’s history. The second half is dedicated to Srivari Vahanams, which are Vishnu’s vehicles that are used at Brahmotsavams; a gallery of wood carvings, Divya Kshetram, Bharatanatyam Mudras, musical instru - ments and Kalamkari","Art and Craft Museum","1983","https://www.tirumala.org","155257","Free","10:00 AM - 06:00 PM","Guided Tours and Library"
"Telugu Samskruthika Niketanam","Hill Top Road, Kailasagiri, Visakhapatnam - 530043","Andhra Pradesh","The Museum building designed by renowned art director Thota Tharani, showcases Telugu legacy from Deccan Dynasty of Satavahana till recent times by a series of sculptures, portraits, art works and inscriptions, accom - panied with 42 episodes showing contributions of various saints, poets, freedom fi ghters, political leaders and other artists to the Telugu Culture","Art and Craft Museum","2015","https://www.vizagtourism.org.in","","Full Show: Rs. 40 per head and General Show: Rs. 20 per head","11:00 AM - 07:00 PM (Closed on Mondays)","Light and Sound Show"
"Damerla Rama Rao Art Gallery","Railway Station Road, Lakshmi Varapu Peta, Seshayya Metta, Rajahmundry - 533101","Andhra Pradesh","The Museum houses the works of Damerla Rama Rao who was responsible for initiating a movement to revive the Andhra Style of Painting. The gallery has 34 oil paintings, 129 watercolour paintings, 26 sketchbooks and a number of studies in pencil and loose sketches. These include oil paintings such as ‘Krishna Leela’ (1921), ‘Godavari of Eastern Ghats’ (1921), ‘Milkmaids of Kathiawar’ (1923), and watercolour paintings like ‘Siddartha Ragodayam’ on Gautama Buddha and ‘Nandi Puja’ on the Kakatiyas","Art and Craft Museum","","","","","10:30 AM - 05:00 PM (Closed on Fridays)","Art Shows DEFENCE MUSEUMS"
"Victory at Sea War Memorial","31, Dr. N.T.R. Beach Road, Kirlampudi Layout, Chinna Waltair, Pedda Waltair, Visakhapatnam - 530003","Andhra Pradesh","","War Memorial Museum","1971","https://www.vizagtourism.org.in","","Free","Open for 24 hours",""
"Kursura Submarine Museum","Rama Krishna Beach, Near Kirlampudi Layout, Visakhapatnam - 530001","Andhra Pradesh","The Museum depicts the milestones of the evolution of submarines through artefacts, photographs and written scripts. The Museum showcases the life inside a submarine and hardships faced by the submariners in the sea. Various parts of the submarine like the Radar Room, Sonar Room, Control Room, and the weapons used during war are on display in this Museum","Submarine Museum","2002","https://www.vmrda.gov.in","0891 2754133","Adult: Rs. 40 per head and Children: Rs. 20 per head","02:00 PM - 09:00 PM (Closed on Mondays)","Guided Tours, School Programmes, Lectures and Photography"
"TU 142 M Aircraft Museum","Dr. N.T.R. Beach Road, Opposite Kursura Submarine Museum, AU North Campus, HPCL Colony, Pan - durangapuram, Visakhapatnam - 530003","Andhra Pradesh","The Museum displays various mechanical equipment and accoutrements, turboprop, anti-submarine war - fare aircraft. The collection includes engines, propellers, parachutes, anti-submarine missiles, date recorder and son buoys. Audio-visual aid is also made accessible to visitors in order to complement their museum viewing experience","Air Force Museum","2017","","08125 252261","Free","02:00 PM - 08:30 PM","Guided Tours and Photography"
"VMDRA INS Kursura Submarine Museum","R.K. Beach Road, Kirlampudi Layout, Chinna Waltair, Pandurangapuram, Visakhapatnam - 530017","Andhra Pradesh","The INS Kurusura Submarine became a part of the Indian Navy on 18th December 1969 and after being in service for 31 years was decommissioned on 28th February 2001. It was later positioned on a concrete foundation. The Government and the Youth Advancement, Tourism and Culture Department on 30th April 2002 ordered the transfer of the management and the maintenance of the Submarine Museum along with surrounding open areas and food courts to the Visakhapatnam Metropolitan Region Development Authority (VMDRA)","Submarine Museum","2002","https://www.vmdra.gov.in","0891 2754133","Adults: Rs. 40 per head and Children: Rs. 10 per head","02:00 PM - 09:00 PM (Closed on Mondays)","Not Available ETHNOGRAPHIC MUSEUMS"
"Tribal Museum","Araku Valley - 531149","Andhra Pradesh","The Museum made out of mud and metal aims at representing and conserving the daily life, traditional art and handicrafts of the tribal communities such as the Khord, B. Mallis, Bagata, Gadaba, Koya, and Savara inhabited in the Araku Valley. The Museum is divided into 2 galleries. The first gallery showcases the dioramas of dances, and ritualistic rooms, showcasing hunting scenes. It displays household articles, musical instruments, and local art. The second gallery showcases jewellery worn by the tribals during festivals and performing dance, mainly masks worn mainly during celebrations","Ethnographic Museum","1996","https://www.aptourism.gov.in","08500 640491","Adults: Rs. 40 per head and Children: Rs. 20 per head","10:00 AM - 06:00 PM","Souvenir Shop, Archery Stalls, Boating Facilities, Photography, Tribal Arts and Craft Centre which holds  Workshops and Seminars for promoting Tribal and Folk art"
"Chenchu Lakshmi Tribal Museum","Patalganga Trail, Srisailam - 518101","Andhra Pradesh","The Museum named after Chenchu Lakshmi, the consort of Narasimha Swamy, provides a glimpse of the life, culture and practices of the tribes residing in the Srisailam Forests; Chenchu tribe being prominent among them. The Museum has two floors, exhibiting a wide range of artefacts relat ed to different tribes such as the Idols of Gods, weapons, objects of daily use and musical instruments, and one can also see a statue of Chenchu Lakshmi at the Museum","Ethnographic Museum","","https://www.srisailamtourism.com","","Rs. 10 per head","08:30 AM - 08:00 PM","Children Play Area and Souvenir Shop GEOLOGICAL MUSEUM"
"Geology Museum","Geology Museum, Dantuluri Narayana Raju College, Balusumudi, Bhimavaram, West Godavari District - 534202","Andhra Pradesh","The Museum exhibits natural crystals and structures, minerals, zeolites, ores, rocks, fossils, landform mod - els, structural geology models, and precious stones in its repository. The key specimens include polymetallic nodules, collected from the Arabian Sea and precious stones","Geological Museum","","","08816 224119, 08816 224072, 08816 228344, contact@dnrcollege.org","Free","09:00 AM - 05:00 PM (Closed on Sundays)","Parking and Photography"
"Visakha Museum","Dr. N.T.R. Beach Road, Opposite Palm Beach Hotel, Dutch Layout, Kirlampudi Layout, Chinna Waltair, Pedda Waltair, Visakhapatnam - 530017","Andhra Pradesh","The Museum houses various musical instruments, historical paintings, obsolete objects of Military arte - facts. The shell of a World War II unexploded bomb, a coconut broken by Jawaharlal Nehru at the launch of the ship S.S. Jala Usha (the first steamer built in India after independence by the Scindia Steam Navigation Company), and the desk used by Mahatma Gandhi and later by Sri Tenneti Viswanadham are just a few of the most notable items on display. There is a photo archive in their collection as well. The Museum frequently hosts photo exhibitions, art shows, and art camp","Multipurpose Museum","1991","","0891 2550316","Adults: Rs. 10 per head and Children: Rs. 5 per head","11:00 AM - 07:00 PM",""
"Chaitanya Jyoti Museum","Chaitanya Jyoti Museum, Near Hill view stadium, Puttaparthi, Anantapuram District- 515134","Andhra Pradesh","The Museum is devoted to the Guru who was thought of as Shirdi Sai Baba’s avatar. The Shikhara style and the architecture of Chinese pagodas are both incorporated into the Museum’s design. The common principles that underlie all major world religions are displayed in the Museum, which i s housed in a structure with seven floors. Its collection of religious artefacts from around the world includes idols, replicas, and other items that represent the core principles of all major religions","Religious Museum","2000","https://www.chaitanyajyotimuseum.com","","","09:30 AM - 05:00 pm. (Closed on Mondays)","Photography, Parking"
"Regional Science Centre, Tirupati","Planetarium Road, Tirupati - 517507","Andhra Pradesh","It has six exhibition galleries namely ‘Fun Science’, which has interactive experiments explaining scientif - ic concepts; ‘Popular Science’, which includes exhibits on electricity, heat, magnetism, light sound etc; ‘Our Universe’ which encourages questions on the nature and composition of the universe; ‘Our Senses’ which illustrates the role of the sensory organs in perceiving external reality; ‘Illusion’ which has multi-sensory illusions as part of an immersive experience and ‘Emerging Technology’ which records the new developments in science and technology and the impor - tance of their application in fields like ocean technology, space technology, biotechnology and so on","Science Centre","1993","https://www.rsctirupati.org.in","0877 2286202, miltorset@gmail.com","","09:30 AM - 06:00 PM (Closed on Sundays)",""
"APCOST - Regional Science Centre","Science Center Road, Next to A.P. Tourism, Bhavanipuram, V D Puram, Vijayawada - 520012","Andhra Pradesh","The Regional Science Centre in Vijayawada was set up by the Andhra Pradesh Council of Science and Technology with the aim to democratise scientific knowledge. The exhibits were designed with the intent to encourage interest in Science, Mathematics, and Social Studies among school children. Various concepts of Geometry, Physics, Astronomy were elucidated through the displays. Managed by the Department of Forests, Environment, Science and Technology, APCOST would also arrange for the travel and food for these educational school trips","Science Centre","","https://www.apcost.ap.gov.in","0866 2414161, apcost_vijayawada@yahoo.com","","10:30 AM - 05:00 PM (Closed on Mondays)",""
"Anantapur District Science Museum","JNTU, College Road, Sharada Nagar, Anantapur - 515002","Andhra Pradesh","Anantapur District Science Museum exhibits a range of interactive models that explain the fundamentals of various scientific concepts. The exhibits are composed of a range of i nteractive models that explain the fundamen - tals of various scientific concepts. Infographics and charts relaying the contributions made by scientists serve the educational purpose of the Museum. The visitor demographic of the Museum is composed largely of school students Ownership: State Government Website: www.district-science-center.business.site Social Media : Not Available Contact: 9550096705 Admission: Not Available Timings: 10:00 a.m. - 05:00 p.m. (Closed on Thursdays) Facilities: Café, Photography, Souvenir shop and Guided Tours Amenities: Wheelchairs 28 Directory of Museums in India ZOOLOGICAL AND BOTANICAL MUSEUMS 1.33 JNTU, College Road, Sharada Nagar, Anantapur - 515002 State/UT: Andhra Pradesh Year of Establishment: Not Available Theme: Science Centre Overview : Anantapur District Science Museum exhibits a range of interactive models that explain the fundamentals of various scientific concepts. The exhibits are composed of a range of i nteractive models that explain the fundamen - tals of various scientific concepts. Infographics and charts relaying the contributions made by scientists serve the educational purpose of the Museum. The visitor demographic of the Museum is composed largely of school students Ownership: State Government Website: www.district-science-center.business.site Social Media : Not Available Contact: 9550096705 Admission: Not Available Timings: 10:00 a.m. - 05:00 p.m. (Closed on Thursdays) Facilities: Café, Photography, Souvenir shop and Guided Tours Amenities: Wheelchairs 28 Directory of Museums in India ZOOLOGICAL AND BOTANICAL MUSEUMS 1.33 Andhra Pradesh Year of Establishment: Not Available Theme: Science Centre Overview : Anantapur District Science Museum exhibits a range of interactive models that explain the fundamentals of various scientific concepts. The exhibits are composed of a range of i nteractive models that explain the fundamen - tals of various scientific concepts. Infographics and charts relaying the contributions made by scientists serve the educational purpose of the Museum. The visitor demographic of the Museum is composed largely of school students Ownership: State Government Website: www.district-science-center.business.site Social Media : Not Available Contact: 9550096705 Admission: Not Available Timings: 10:00 a.m. - 05:00 p.m. (Closed on Thursdays) Facilities: Café, Photography, Souvenir shop and Guided Tours Amenities: Wheelchairs 28 Directory of Museums in India ZOOLOGICAL AND BOTANICAL MUSEUMS 1.33 Not Available Theme: Science Centre Overview : Anantapur District Science Museum exhibits a range of interactive models that explain the fundamentals of various scientific concepts. The exhibits are composed of a range of i nteractive models that explain the fundamen - tals of various scientific concepts. Infographics and charts relaying the contributions made by scientists serve the educational purpose of the Museum. The visitor demographic of the Museum is composed largely of school students Ownership: State Government Website: www.district-science-center.business.site Social Media : Not Available Contact: 9550096705 Admission: Not Available Timings: 10:00 a.m. - 05:00 p.m. (Closed on Thursdays) Facilities: Café, Photography, Souvenir shop and Guided Tours Amenities: Wheelchairs 28 Directory of Museums in India ZOOLOGICAL AND BOTANICAL MUSEUMS 1.33 Science Centre Overview : Anantapur District Science Museum exhibits a range of interactive models that explain the fundamentals of various scientific concepts. The exhibits are composed of a range of i nteractive models that explain the fundamen - tals of various scientific concepts. Infographics and charts relaying the contributions made by scientists serve the educational purpose of the Museum. The visitor demographic of the Museum is composed largely of school students Ownership: State Government Website: www.district-science-center.business.site Social Media : Not Available Contact: 9550096705 Admission: Not Available Timings: 10:00 a.m. - 05:00 p.m. (Closed on Thursdays) Facilities: Café, Photography, Souvenir shop and Guided Tours Amenities: Wheelchairs 28 Directory of Museums in India ZOOLOGICAL AND BOTANICAL MUSEUMS 1.33 nan www.district-science-center.business.site Social Media : Not Available Contact: 9550096705 Admission: Not Available Timings: 10:00 a.m. - 05:00 p.m. (Closed on Thursdays) Facilities: Café, Photography, Souvenir shop and Guided Tours Amenities: Wheelchairs 28 Directory of Museums in India ZOOLOGICAL AND BOTANICAL MUSEUMS 1.33 nan 9550096705 Admission: Not Available Timings: 10:00 a.m. - 05:00 p.m. (Closed on Thursdays) Facilities: Café, Photography, Souvenir shop and Guided Tours Amenities: Wheelchairs 28 Directory of Museums in India ZOOLOGICAL AND BOTANICAL MUSEUMS 1.33 Not Available Timings: 10:00 a.m. - 05:00 p.m. (Closed on Thursdays) Facilities: Café, Photography, Souvenir shop and Guided Tours Amenities: Wheelchairs 28 Directory of Museums in India ZOOLOGICAL AND BOTANICAL MUSEUMS 1.33 10:00 a.m. - 05:00 p.m. (Closed on Thursdays) Facilities: Café, Photography, Souvenir shop and Guided Tours Amenities: Wheelchairs 28 Directory of Museums in India ZOOLOGICAL AND BOTANICAL MUSEUMS 1.33 Café, Photography, Souvenir shop and Guided Tours Amenities: Wheelchairs 28 Directory of Museums in India ZOOLOGICAL AND BOTANICAL MUSEUMS","Science Centre","","https://www.district-science-center.business.site","9550096705","","10:00 AM - 05:00 PM (Closed on Thursdays)","Café, Photography, Souvenir shop and Guided Tours, Wheelchairs"
"Zoology Museum","Dantuluri Narayana Raju College, Balusumudi, Bhimavaram, West Godavari District - 534202","Andhra Pradesh","The Museum exhibits specimens such as specimens of Euplectella, Hyalonema, Phakelia, Chaetopterus, Basket Starfish, Lepidosiren, Protopterus, Amia, Lepidosteus, Siren, Amphium a, Poison-Arrow Frog, Phrynosoma Crotalus, European Viper, Japanese Snakes, Opossum and Kangaroo. Skeletons of di fferent vertebrates and 250 speci - mens of fish that come from the rivers Krishna, Godavari and Kolleru a nd from places like Visakhapatnam, Kakinada, Gollapalem, Machilipatnam, Cochin and Mumbai are also displayed in the Museum along with informational charts that explicate the Geographical information about various species. Additionally, postage stamps with illustrations of animals are also preserved and available for viewing","Zoological Museum","","","08816 224119, 08816 224072, 08816 228344, contact@dnrcollege.org","Free","09:00 AM - 05:00 PM (Closed on Sundays)","Photography, Parking"
"Botany Museum","Dantuluri Narayana Raju College, Balusumudi, Bhimavaram, West Godavari District - 534202","Andhra Pradesh","The Museum exhibits donated exhibits like Dawsonia, Glossopteris and Phylloglossum from Australia; Bryophytes of Iowa; rare marine algae from Krusadai Island of Tamil Nadu and carnivorous plants from Assam","Botanical Museum","","https://www.dnrcollege.org","08816 224119, 08816 224072, 08816 228344, contact@dnrcollege.org","Free","09:00 AM - 05:00 PM (Closed on Sundays)","Photography, Parking"
"Archaeological Museum, Malini Than","Siang Hills in Likabali - 791125","Arunachal Pradesh","The Museum has archaeological assets recovered from Malini Than. It has a great treasure of age old (800 - 1000 years) stone sculptures unearthed from Malini Than Temple area during excavation by the research department of Arunachal Pradesh Government","Archaeological Museum","2000","https://www.research.arunachal.gov.in","","Free","09:00 AM - 04:00 PM",""
"Chimchoo Art Gallery","NH 415, Sector H, R.K. Mission Hospital Ward No. 6, Itanagar - 791111","Arunachal Pradesh","","Art and Craft Museum","","https://www.chimchoo-art-galley.business.site","07085424012, chimchooartgallery@gmail.com","","10:00 AM - 08:00 PM, Saturday: 02:00 PM - 10:00 PM and Sunday: 24 hours","Photography"
"District Museum, Changlang","Town Road, Changlang - 792120","Arunachal Pradesh","The Museum displays the tribal materials and cultural objects of Arunachal Pradesh which includes tex - tiles, basketry, pottery, woodcarving, dress and ornaments, headgears, weapons of war and chase, agricultural tools and implements, fishing implements, scroll paintings, household articles, ma sks, heirlooms and musical instruments. There are displays of fine arts work on different subjects such as pe ople of the state, their house types, festivals, danc - es, historical and archaeological sites, handicrafts etc. and these are being exhibited through the visual media","Ethnographic Museum","1992","https://www.research.arunachal.gov.in","","Free","","Café, Photography, Souvenir Shop and Guided Tours, Wheelchair"
"District Museum, West Siang District","Aalo, West Siang District - 791001","Arunachal Pradesh","The Museum displays the Tribal materials and Cultural Objects of Arunachal Pradesh includes textiles, basketry, pottery, woodcarving, dress and ornaments, headgears, weapons of war and chase, agricultural tools and implements, fishing implements, scroll paintings, household articles, masks, heirlooms a nd musical instruments","Ethnographic Museum","","","","Free","10:00 AM to 04:15 PM (Closed on Mondays, 2nd and 4th Saturdays and Government holidays)","Photography"
"Daporijo District Museum","Daporijo - 791122","Arunachal Pradesh","","Ethnographic Museum","1992","https://www.research.arunachal.gov.in","","Free","","Café, Photography, Souvenir Shop and Guided Tours, Wheelchair"
"Seppa District Museum, East Kameng","East Kameng District - 790102","Arunachal Pradesh","","Ethnographic Museum","","https://www.research.arunachal.gov.in","","Free","09:00 AM - 04:30 PM (Closed on Sundays and Government Holidays)",""
"Tawang District Museum","Tawang District - 790102","Arunachal Pradesh","Tribal materials and Cultural objects of Arunachal Pradesh includes textiles, basketry, pottery, woodcarv - ing, dress and ornaments, headgears, weapons of war and chase, agricultural tools and implements, fishing imple - ments, scroll paintings, household articles, masks, heirlooms and musical instruments","Ethnographic Museum","","https://www.research.arunachal.gov.in","","Free","09:00 AM - 04:30 PM (Closed on Sundays and Government Holidays)",""
"Tezu District Museum","Jubilee Marg, Tezu - 792001","Arunachal Pradesh","Tribal materials and Cultural objects of Arunachal Pradesh includes textiles, basketry, pottery, woodcarv - ing, dress and ornaments, headgears, weapons of war and chase, agricultural tools and implements, fishing imple - ments, scroll paintings, household articles, masks, heirlooms and musical instruments","Ethnographic Museum","","https://www.research.arunachal.gov.in","","Free","09:00 AM - 04:30 PM (Closed on Sundays and Government Holidays)",""
"District Museum Ziro, Hapoli District","Club Road, Hapoli - 791120","Arunachal Pradesh","Tribal materials and Cultural objects of Arunachal Pradesh includes textiles, basketry, pottery, woodcarv - ing, dress and ornaments, headgears, weapons of war and chase, agricultural tools and implements, fishing imple - ments, scroll paintings, household articles, masks, heirlooms and musica l instruments. The display maps of fine arts work on different subjects such as people of Arunachal, house-types, festival s, dances, historical and archaeological sites, handicrafts etc. have been added through the visual media","Ethnographic Museum","","https://www.research.arunachal.gov.in","","Free","09:00 AM - 04:30 PM (Closed on Sundays and Government Holidays)","Library"
"Archaeological Site Museum, Itanagar","Itanagar - 791111","Arunachal Pradesh","Tribal materials and Cultural objects of Arunachal Pradesh includes textiles, basketry, pottery, woodcarv - ing, dress and ornaments, headgears, weapons of war and chase, agricultural tools and implements, fishing imple - ments, scroll paintings, household articles, masks, heirlooms and musical instruments","Ethnographic Museums","","https://www.research.arunachal.gov.in","","Free","09:00 AM - 04:30 PM (Closed on Sundays and Government Holidays)",""
"District Museum, Bomdila","Bomdila, West Kameng District - 790001","Arunachal Pradesh","In the Museum, there are altogether a little over seven thousand specimens which includes textiles, bas - ketry, pottery, woodcarving, dress and ornaments, headgears, weapons of war and chase, agricultural tools and imple - ments, fishing implements, scroll paintings, household articles, masks, heir looms and musical instruments. The dis - play maps of fine arts work on different subjects such as people of Arunac hal, house types, festivals, dances, historical and archaeological sites, handicrafts, and religious paraphernalia are also displayed","Multipurpose Museum","1956","https://www.research.arunachal.gov.in","03782 222033","Free","09:00 AM - 04:30 PM (Closed on Saturdays, Sundays and Government Holidays)","Café, Photography, Parking, Guided Tours and  Library"
"Jawaharlal Nehru State Museum","Cona, Itanagar - 791111","Arunachal Pradesh","It showcases aspects of tribal life of Arunachal Pradesh. These include clothing, headdress, weapons, handicraft, music instruments, jewellery and other artefacts of dai ly use and culture, besides archeological finds. The ground floor of the Museum houses an extensive ethnographic collection, including tra ditional art, musical instru - ments, religious objects, and handicrafts, like wood carving and cane products","Multipurpose Museum","1990","https://www.itanagar.nic.in","0360 2212276","Adults: Rs. 20 per head, Students: Rs. 10 per head, free for children below 10 years, Foreigners: Rs. 100 per head","10:00 AM - 04:00 PM (Closed on Mondays and Tuesday, 2nd and 4th Saturdays and Government Holi - days)","Photography and Museum Shop"
"Itanagar Science Centre, Itanagar","Cona, Itanagar - 791111","Arunachal Pradesh","","Science Centre","2005","","","","10:00 AM - 12:00 PM (Closed on Mondays)","Café, Photography, Souvenir shop and Guided Tours, Wheelchair"
"Anthropological Museum of Indigenous Studies, Dibrugarh","Department of Anthropology, Dibrugarh University, Dibrugarh - 786004","Assam","The display in Museum includes diorama, masks, models of temple, Naga hut, traditional furniture, cannon of Ahom Period (17th century), traditional textiles, wooden articles of domestic purpose, agricultural implement, hunt - ing and fishing apparatus, basketry, ancient coins, manuscripts, musical inst ruments of different tribes of Northeast etc.","Anthropological Museum","1966","","","Free","09:30 AM - 05:30 PM (Closed on Sundays)","Library, Guided Tours and Photography"
"Anthropological Museum, Silchar","Silchar - 788011","Assam","The exhibits in the Museum include basketry, household articles, musical instruments, skulls, human bones, traditional attires, weapons, handicrafts objects, traditional costumes etc.","Anthropological Museum","2007","","","Free","09:30 AM - 05:30 PM (Closed on Sundays)","Photography"
"Sri Surya Pahar Museum","Bhatiapara - 783101","Assam","The Museum exhibits the excavated antiquities in the figurines, sculptural moti fs, bricks, idols etc. recov - ered from the brick and stone temple complexes","Archaeological Museum","2004","https://www.asi guwahati circle.gov.in, www.goalpara.assam.gov.in","circleguw.asi@gmail.com","Free","09:00 AM - 05:00 PM (Closed on Fridays)",""
"Ambari Archaeological Site Museum","Behind Guwahati Press Club, Dighalipukhuri East, Ambari, Guwahati -781001","Assam","The Museum is in a small room and it houses some stone images of Durgamahisasurmardini, Vishnu, Surya and Symbols of Shiva. It has a vast collection of terracotta fragments, pots, earthen lamps etc. A collection of coins and beads can also be seen here. A Gaja - Vyala statue from 10th - 11th century A.D greets the visitors at the entrance. The Site plays a huge role in uncovering the ancient history of Assam","Archaeological Museum","2004","https://www.archaeology.assam.gov.in","3612231427","Free","10:00 AM - 05:00 PM (Closed on Sundays)",""
"District Museum Tezpur","Main Road, Opposite District Court, Mahabhairab, Tezpur - 784001","Assam","The Museum under the Directorate of Museum, Guwahati houses a good collection of manuscripts, cop - perplate inscription, cannons and crafts of Ahom Period, wooden and stone sculptures, paintings, craft work of Satra Institution, coins, old bricks, wooden objects, traditional attires, artefacts of tea community, ornaments, etc. stone sculptures of Ahom and pre-Ahom Period are displayed at the entrance of the Museum","Archaeological Museum","1986","https://www.archaeology.assam.gov.in","","Free","10:00 AM - 05:00 PM (Closed on Mondays)",""
"Assam University Museum, Silchar","Silchar - 788011","Assam","The collection includes the archaeological remains such as stone tools, pottery from Harappan period, PGW, porcelain, terracotta, ethnographic collection, textiles, clay objec ts, basketry, fishing equipment, musical instru - ments, handicrafts etc.","Archaeological Museum","2012","https://www.aus.ac.in","3842270806","Free","10:00 AM - 05:00 PM (Closed on Sundays)","Café, Photography, Guided Tours and Library ART AND CRAFT MUSEUMS/GALLERIES"
"District Museum, Barpeta","Ward No.1, Bilor Tari Hati, Barpeta - 781301","Assam","The Museum displays items include wooden masks, bell-metal and brass-metallic utensils, textiles, coins, manuscripts on Sanchi bark, iron lamp stands, and images of Garunta from di fferent Satras. The highlights of this Museum are the cultural and art objects based on Sattriya Vaishnavite culture","Art and Craft Museum","1987","https://www.museums.assam.gov.in","","Free","10:00 AM - 04:15 PM (Closed on Mondays, 2nd and 4th Saturdays and Government holidays)","Lectures and Photography"
"Nilima Barua Folk Art Museum, Dhubri","B.R. Road, Gauripur - 783331","Assam","The Museum displays the objects collected by Nilima Baruah, the youngest daughter of Raja Prabhat Chandra Baruah of Gauripur Zamindari Estate, and she was fond of folk art and devoted her life to preserving folk art and culture. The artifacts on display are traditional textile, cane and bamboo objects, wooden and metallic objects, jewellery, ivory, clay and terracotta objects, archaeological and anthropological objects, stone sculpture etc.","Art and Craft Museum","1997","","","Free","","Photography"
"Bamboo Museum, Nagaon","Assam Trunk Road, Haibargaon, Fauzdaripatty, Nagaon - 782001","Assam","It displays artefacts of bamboo such as baskets, craft items, wall hangings, domestic articles, jewelleries etc. These artefacts show the richness of natural resources and their utilisation","Art and Craft Museum","1997","","","Free","","Photography"
"Brahmaputra Heritage Centre","Pan Bazaar, Guwahati - 781001","Assam","Mahabahu Brahmaputra River Heritage Center is dedicated to the spirit and legacy of the majestic River Brahmaputra. The tree lined walkways leading to this pedestrian only campus, with an Art Garden, a 170 years old Heritage Bungalow, an open air Amphitheatre along with a modern glass façade building functioning as a Café, and the Riverside Garden with the open grass patches set amidst trees, with art installations, specially designed activity spaces and viewing decks overlooking the river, are landscaped in a way to refresh the senses","Art and Craft Museum","","https://www.brahmaputraheritage.org","","Children below 10 years: Free, 10 to 75 years: Rs. 100 per head, Person with disability: Free and Person above 75 years: Free","10:00 AM - 11:00 PM","Photography, Souvenir Shop and Cafe"
"Neel Pawan Baruah Museum of Modern Art","Department of Cultural Studies, Tezpur University, Napaam - 784 028","Assam","The Neel Pawan Baruah Museum of Modern Art in Tezpur University is an archive and permanent display of some of his most significant artworks. Handed over to Tezpur Universit y by the artist himself for educational and conservation purposes, the Museum has a collection of 55 artworks in differe nt artistic media from oil painting on canvas to sketches in ink and acrylic","Art and Craft Museum","2016","https://www.tezu.ernet.in","3712 27515, hod_cul@tezu.ernet.in","","10:00 AM - 11:00 PM","Photography, Souvenir Shop and Cafe"
"Geological Museum Guwahati, Guwahati University","Gopinath Bordoloi Nagar, Jalukbari, Guwahati - 781014","Assam","","Educational Museum","","","","Free","10:00 AM - 04:00 PM","Not Available ETHNOGRAPHIC MUSEUMS"
"Ethnographic Museum, Assam Institute of Research for Tribals and Scheduled Castes","Basistha Road, Jawahar Nagar, Beltola Tiniali, Guwahati - 781022","Assam","The Museum exhibits a variety of objects such as agricultural implem ents, fishing equipment, hunting tools, household articles of daily use, ornaments, musical instruments, dior amas of different tribes of Northeast region giving a glimpse of the living style and traditions of these tribes","Ethnographic Museum","1977","https://www.airtsc.assam.gov.in","","Free","10:00 AM - 05:00 PM (Closed on Sundays)","Café, Photography, Library and Guided Tours, Wheelchair"
"Museum cum Archive of Cultural Studies, Tezpur University","Napaam, Tezpur - 784028","Assam","The collection includes musical instruments, toys, folklore, ethnographic elements of Assam including other parts of the North-east India","Ethnographic Museum","1996","https://www.tezu.ernet.in","3712267100","Free","10:00 AM - 05:00 PM (Closed on Sundays)","Café, Photography, Library and Guided Tours, Wheelchair"
"District Museum Kokrajhar","Dimalgaon - 783370","Assam","Kokrajhar is rich with the ethnographic objects of Boro, Garo, Rabha and Santhals, and many of the col - lections are transferred to the Assam State Museum for Preservation. Currently, the Museum houses more than 200 objects of diverse categories","Ethnographic Museum","1986","https://www.kokrajharmuseum.org","districtmuseumofficekokrajhar@gmail.com","Free","10:00 AM - 04:00 PM (Closed on Mondays)","Photography, Souvenir Shop and Guided Tours"
"Barak Museum and Library, Bantarap","Bantarapur, P.O. Sundari, Jhalupara Nurul Hudda Gali, Silchar - 788099","Assam","This Museum, run by a Non Government Organisation, has a rich collection of objects related to the tribes in Cachar specially Manipuries, such as a variety of musical instruments, weapons, basketry, brass utensils etc.","Ethnographic Museum","2014","","0700 2217302","Free","10:00 AM - 04:00 PM (Closed on Mondays)","Photography, Souvenir Shop and Guided Tours"
"Ahom Tai Museum, Sivasagar","Sivasagar - 785640","Assam","The objects of Ahom Period (13th-18th century) in the Museum are goblets, pandati, brass and terracotta dragon, palanquin, cannon, bell metal pot, old Assamese ornaments, animal skins, manuscripts, utensils, musical in - struments, weapons, fishing gears, basketry, pottery, traditional Assames e attire, diorama of darbar, ivory and wooden sculptures etc.","Ethnographic Museum","1992","","0700 2217302","","10:00 AM - 04:00 PM (Closed on Thursdays)","Photography, Souvenir Shop and Guided Tours"
"Ethnic Museum","Hathikuli T.E. - 785609","Assam","","Ethnographic Museum","","","","","10:00 AM - 04:00 PM (Closed on Thursdays)","Photography, Souvenir Shop and Cafe"
"Gurkhali Museum","Hatikhuli, T.E - 785609","Assam","","Ethnographic Museum","2015","","7099310306","","07:00 AM - 05:00 PM","Photography, Souvenir Shop and Cafe"
"Taralangso Museum","Karbi Anglong - 782460","Assam","The Museum has collections that represent Karbi traditions and culture","Ethnographic Museum","","","7099310306","","10:00 AM - 05:00 PM","Photography, Souvenir Shop and Cafe"
"Coal Heritage Park and Museum","NH 38, Margherita -786181","Assam","The Coal Museum contains cer tain parts of the locomotives manufactured by W.G. Bagnall, Stafford, England (John, Hassling, David and Shelly), Memoirs of World War II (rare pictures of construction of Stilwell Road, Pangsau Pass and Ledo airstrip, empty shells of bombs used in WWII), the history of the Assam Railways & Trading Co. Ltd (AR & T Co. Ltd.), a rare collection of stamps from over the world, vintage Cyclostyle machines, etc. The main attraction of the Museum is the practice of coal mining depicted in the form of real time models, a demo structure of an underground coal mine, necessities to be carried to the underground mines by the workmen like underground coal mining boots, cap lamps, shovels and other tools of mining, vintage underground telephones, etc. The Museum depicts the history of coal mining at Namdang in Assam","Geological Museum","2012","","","Free","10.30 AM - 05:00 PM (Closed on Sundays)","Photography and Library"
"Digboi Centenary Museum","Digboi - 786171","Assam","As part of the centenary celebrations of the first production oil wel l in India, the Assam Oil Company (part of Indian Oil) established a Museum of the history of the Assam Oil Industry, behind the refinery at Digboi, which opened in early 2002. There is a fair amount of preserved machinery present, much of it stationary steam. Not illustrat - ed are a number of small simplex and duplex pumps, mostly anonymous but including a couple of examples by Weir","Geological Museum","2002","https://www.tinsukia.assam.gov.in","0374 2331572","Free","09:00 AM - 04:15 PM (Closed on Mondays)","Café and Photography"
"Department of Historical and Antiquarian Studies Museum, Guwahati","Ananda Ram Baruah Road, Pan Bazaar, Guwahati - 781001","Assam","The Museum has a rich collection of great historical value, such as old manuscripts, copper plates, rare books etc.","Historical Museum","1928","https://www.dhasassam.org","0361 2950154","Free","10:00 AM - 04:00 PM (Closed on Sundays)","Photography and Guided Tours  MULTIPURPOSE MUSEUMS"
"District Museum Darrang, Mangaldoi","Pakabangipara - 784529","Assam","Starting with a few objects the District Museum, Mangaldoi after 25 years at present the Museum has more than 600 objects of various subjects by means of purchase and donation from various sources. The collection includes copper and silver coins, copper inscriptions of Ahom rulers, stone, metal as well as wooden sculptures, paper and palm leaf manuscripts with Sanskrit as well as old Assamese scripts and languages, musical instruments, textiles and jewel - ries along with day to day used items of of various communities","Multipurpose Museum","1987","https://www.darrang.nic.in","8822157729, lhazarika@yahoo.co.in","Free","Summers: 10:00 AM - 05:00 PM, Winter: 10:00 AM to 04:15 PM","Photography and Gallery Guide"
"District Museum, Library Campus, Dhubri","Boro Bazar, Dhubri - 783301","Assam","The collections housed in the Museum include an Oil lamp with the image of Narayana seated on the back of Garuda, a silver Koch coin on which the inscription showcases that it was issued by Lakshmi Narayan dated 1477 Saka (1555 A.D.), and a painted Pata on a pith sheet showing Hanuman carrying Lakshmana on his back during the battle of Lanka with Ravana. These objects represent a living folk art practised among the Malakars or Bhuimali communities residing in different parts of undivided Goalpara district. F urther, a Methoni worn by the women of the Tiwa community, locally known as Kachang Phaskai, and an image of Kali, are also among the valuable collections in the Museum","Multipurpose Museum","1988","https://www.darrang.nic.in","8822157729, lhazarika@yahoo.co.in","Free","Summer: 10:00 AM - 05:00 PM, Winter: 10:00 AM - 04:15 PM (Closed on Mondays and State Holidays)","Photography and Gallery Guide"
"Purnananda Memorial Museum, Darrang","Jhakuwapara","Assam","Purnananda Memorial Museum was established in memory of Late Shri Purnananda Goswami. It is a private cum neighbourhood Museum. The objects are donated by local people also other than the personal collec - tions of Late Sri Purananda Goswami. The objects being displayed are Mahatma Gandhi’s belongings, Dandi March Manuscripts, Ancient Flash torch, Neula Betel, Nut Grinder, Traditional Cane fan old locks, Guru Asana, Lau Kharu Smoking pot or pipe, Wooden Sandals, Metallic water jar, Wooden Sarai etc.","Multipurpose Museum","1991","","","Free","10:00 AM - 04:00 PM (Closed on Saturdays and Sundays)","Photography and Gallery Guide"
"District Museum, Diphu","P.H.E. Colony, Diphu - 782462","Assam","The Museum set up by the Directorate of Museum has 487 artefacts of socio-cultural, archaeological and religious importance. These objects include hunting tools, fishing equipment, tra ditional attires of tribes, engraved door jambs, handlooms, jewellery, musical instruments, architectural members, etc. Another attraction for the visitors is ‘Jambili Athon’ of Karbi","Multipurpose Museum","1886","","8794629326","Free","10:00 AM - 05:00 PM (Closed on Sundays and Holidays)","Photography and Gallery Guide"
"Assam State Museum (Previously Assam Provincial Museum)","GNB Road, Near Dighalipukhuri, Mawhati, Ambari, Guwahati - 781001","Assam","This multipurpose Museum, located in Dighali Pukhuri, was established in 1940 by the Kamarupa Anu - sandhan Samiti (Assam Research Society). Later it became the Assam provincial Museum, and now the state Museum. It is the largest Museum having a collection of objects displayed in several galleries - painting, ethnography, freedom fighters, manuscript, village life of Assam, arms and ammunition, pre a nd proto historic and terracotta, epigraphy, wood craft, textile, Northeast, natural history, numismatics, and sculpture gallery. In 1985 a library was established having a rich collection","Multipurpose Museum","1940","","09707487682, assamstatemuseum@gmail.com","Adults: Rs.20 per head, Students: Rs.10 per head, Free for children below 10 years, Foreigners: Rs.100 per head","Summers: 10:00 AM - 05:00 PM, Winters: 10:00 AM - 04:30 PM (Closed on Mondays, 2nd and 4th Sat - urdays and Government Holidays)","Photography and Videography"
"Purbajyoti Museum","Khanapara, Guwahati - 781023","Assam","The Museum houses more than 4000 artefacts, which include the following objects that are displayed in the different galleries of the Museum : Sattriya masks, musical instruments, terracotta and clay art, textiles and cos - tumes, cottage industries products of Assam and the North East, basketry and wood products, bell metal and brass products, objects of Sankari culture","Multipurpose Museum","1998","https://www.kalakshetra.assam.gov.in","0361 2332665, kalakshetra@rediffmail.com","Free","10:00 AM - 07:00 PM","Café, Photography, Souvenir Shop and Guided Tours, Wheelchair"
"District Museum Haflong","Haflong East, Haflong - 788819","Assam","The Museum collects objects and materials from different villages and tribes. They preserve them and re - search their religious and cultural significance. The collection include s ornaments - necklace, rings, earrings, dresses, instruments, relics and idols are preserved here. It’s a small yet an important Museum housing relics from the erstwhile Kachari kingdom","Multipurpose Museum","1986","","03673 238718","Free","10:00 AM - 004:00 PM","Photography, Souvenir Shop and Guided Tours"
"District Museum Jorhat","Opposite Circuit House, Atilagaon, Jorhat - 785001","Assam","It has a collection of stone sculptures, basketries, objects of Ahom Period, masks, wooden sculptures, etc. Specific collection related to the Intangible Cultural Heritage com prising weighing instruments, traditional chess box, mask of Narasimha and wooden terracotta","Multipurpose Museum","1989","","","Free","10:00 AM - 004:00 PM (Closed on Mondays)","Photography, Souvenir Shop and Guided Tours"
"District Museum, Dibrugarh","Railway Colony, Chowkidingee, Dibrugarh - 786003","Assam","The collection depicts representative history of stone and terracotta scriptures based on aesthetics and nature of collection found in the remnants of ancient and mediaeval Hindu temples and archaeological sites of Assam. The Museum has facilities for research, collection of artefacts and their preservation collection shows a melting pot where at least three different strands of culture, namely - Indo - Aryan, Tibeto - Ba rman and Tai culture","Multipurpose Museum","1987","https://www.museums.assam.gov.in","","Free","10:00 AM - 04:00 PM (Closed on Mondays)","Photography, Souvenir Shop and Guided Tours"
"Cultural Museum Kaliabor College","Kaliabor College Road, Kuwaritol - 782137","Assam","It has a sizable collection of specimens and artefacts as well as manuscripts of the past. Operated by the Frontier Culture Foundation, proceeds from the Museum store go directly to support Museum programs and buildings. The imported items from Ireland, Germany, England and local Virginia artists and craftsmen are featured","Multipurpose Museum","1969","https://www.kaliaborcollege.org","","Free","10:00 AM - 04:00 PM (Closed on Sundays)","Photography, Souvenir Shop, Library and Guided Tours"
"Purva Bharati Museum, Nalbari","Islamsupa, Nalbari - 781335","Assam","The Museum run by Nalbari Sahitya Samaj has around 2000 objects, which include masks, pottery, domes - tic implements, copper-plate, tribal attires, musical instruments, manuscripts, anthropological objects, coins, weapons, jewelleries etc.","Multipurpose Museum","1972","","","Free","10:30 AM - 02:30 PM (Closed on Saturdays and Sundays)","Photography and Guided tours"
"Arun Kumar Das Sangrahalaya, Amraghat","Krishna Pur Road, Ganganagar Pt. VIII - 788099","Assam","The Museum has a rich collection and objects on display include old books, coins, musical instruments, different types of tools and instruments, fossils, stones, weapons, old maps, handicraft products etc.","Multipurpose Museum","1960","","","Free","09:30 AM - 05:30 PM","Photography and Guided Tours"
"Treasured Wheels, Guwahati","Batakuchi N.C. - 782402","Assam","The gate of the Museum is built with the war helmets. It has a collection of 50 cars and 25 bikes. Other collections include old clocks, telephones, cameras, old bicycles, parachutes, electrical appliances, weapons used in the Second World War etc.","Multipurpose Museum","2013","","098541 27201","Free","08:00 AM - 08:00 PM","Photography and Guided Tours"
"O P Gatani Museum, Jorhat","Chandan Nagar, Jorhat - 785008","Assam","This Museum houses old telephone, domestic tools and instruments, Indian and foreign coins, antique cars, etc. Most valuable collection of the Museum are the coins of Ahom kingdom that were collected and beautifully preserved by noted numismatist O.P. Gattani at his residence, Jora Vi lla in Jorhat. Gattani’s effort to preserve these rare coins of that period while systematically giving a glimpse of the valuable collection of various kinds of coins circulat - ed during the reigns of Kings Gadadhar Singha to Chandrakanta Singha, covering a period between 1681 to 1817. The Museum also includes Indian, North East Indian, and World Coins","Multipurpose Museum","","","","Free","","Photography and Guided Tours"
"Nehru College Museum, Pailapool","Nehru College, Joypur Road, Lalangkitta, Labocpar Pt. II - 788098","Assam","It exhibits fish catching instruments, Deer horn, basketry, watches, gra mophone record, musical instru - ment, coins etc.","Multipurpose Museum","2003","","070029 75350","Free","09:00 AM - 03:00 PM (Closed on Sundays)","Photography and Guided Tours"
"Uttaran Museum, Sivasagar","Joysagar, Dicial Dhulia Gaon - 785697","Assam","It is a private Museum displaying musical instruments, handicraft items, pottery, domestic tools. A variety of animals, insects and mammals are also preserved in the Museum","Multipurpose Museum","2003","","","Rs. 20 per head","10:00 AM - 04:00 PM (Closed on Sundays)","Photography and Guided Tours"
"College Museum, Sivasagar","Joysagar, Sivasagar - 785665","Assam","It has collections on art and archaeology. The objects in the collection are pottery of pre-Ahom period, ornamental brick, traditional Assamese utensil, swords, copper-plate, s tone sculptures, manuscripts, sacrificial sword, currencies, utensils, ornaments etc.","Multipurpose Museum","1958","https://www.sibsagarcollege.in","0377 2270578","Open for students whenever necessary","10:00 AM - 04:00 PM (Closed on Sundays)","Photography and Guided Tours"
"Commercial Museum, Guwahati","University, Jalukbari, Guwahati - 781013","Assam","The Museum exhibits objects of art and crafts, coins, rocks and minerals, pictures, chemical products, industrial products, handicraft items etc.","Multipurpose Museum","1956","https://www.sibsagarcollege.in","8638182488","Free","10:00 AM - 04:00 PM (Closed on Sundays)","Photography and Guided Tours"
"Dr. Bhupen Hazarika Museum","Khanapara, Guwahati - 781023","Assam","The Srimanta Sankaradeva Kalakshetra Society has established a Museum namely “Dr. Bhupen Hazarika Museum’’ at its Campus to preserve and showcase the various objects associated with the life and works of the legend - ary music icon Dr. Bhupen Hazarika. The Museum houses various objects like awards and honours received by late Dr. Hazarika, musical instruments, furniture, dresses, and other objects used by music icons, important photographs, books that are the testimony of the immense contributions and accomplishments of Dr. Hazarika.","Personalia Museum","2018","https://www.kalakshetra.assam.gov.in","0361 2332665, kalakshetra@rediffmail.com","Free","","Wheelchair, Café, Photography, Souvenir shop and Guided Tours"
"Malbhog Baruah Sangrahalaya, Dibrugarh","Dibrugarh University, Assam Trunk Road, Dibrugarh - 786004","Assam","This Museum is located at the campus of Dibrugarh University. He was the proprietor of Rajabhat Tea Estate. The artefacts on display are paintings, photographs of his family members, books, small sculpture, typewriter and gramophone","Personalia Museum","2018","","","Free","","Photography"
"Lokpriya Gopinath Bordoloi Memorial Museum, Raha","Khanapara, Guwahati - 781023","Assam","There are three units of Assam type houses in the premises. These two units are used as a Museum for display of valuable personal belongings of Bharat Ratna Gopinath Bordoloi. It was the birthplace of Lokapriya Gopi- nath Bordoloi who was born on 6th June 1890. The Assam type houses were constructed in 1882. As per photographic evidence the original Assam type house had thatched roof. The wall of the house was made with battened jungle reed with mud plaster and lime painting. The Museum houses 51 personal objects and a part of it has been now brought to the Laboratory at the Assam State Museum for conservation works","Personalia Museum","1998","https://www.museums.assam.gov.in","","Free","","Café, Photography, Souvenir Shop and Guided Tours, Wheelchair"
"Jyoti Bharati Museum, Tezpur","Mahabhairab, Tezpur - 784001","Assam","The ancestral house of Jyoti Prasad Agarwala, built in 1874. A culture centre ‘Jyoti Bharti’ was set up in the premises of his house (Poki) in 1978. The Museum displays bed, manuscripts, wooden carving, cloth worn by him, old wooden piano, musical instruments, wooden almirah, palanquin, shoes, brass utensils, table lamps, suitcases and buckets, photographs of his family members and freedom fighters","Personalia Museum","1978","","","Free","","Photography and Guided Tours"
"Bordowa Satra Mini Museum, Bordowa","Bordowa Sankaradev, Rode - 782122","Assam","Two Satras Narowa and Salaguri, were founded by the great saint Sankardeva about 1494 C.E. He founded Naamghar, Kirtanghar at Bordowa. The Museum houses various types of religious and cultural objects, articles used by great saints Srimanta Sankardeva and Sri Madhavadeva, wooden statues, wall panels, weapons, objects of Ahom kingdom etc.","Religious Museum","1985","","097071 81711","Free","","Photography"
"Kamakhya Museum, Guwahati","Kamakhya, Guwahati - 781010","Assam","This Temple Museum, located at the premises of Kamakhya Temple, displays objects used in religious ceremonies, and gifts from devotees, such as stone sculptures, trishuls, lamp stands, old doors, weapons, small temple made of wood, utensils, shells, copper and brass articles used for worshipping,chhatra of goddess Kamakhya, Sri-Yan - tra etc.","Religious Museum","","https://www.maakamakhya.org","","Free","","Photography"
"Auniati Satra Museum, Guwahati","Majuli, Kamalabari Satra - 785106","Assam","This Religious Museum located at North-Guwahati, has a collection of objects related to Satra culture such as ornaments, articles of daily use by Assamese people, weapons, ivory works, royal attires, metal pots, Dola (palan - quin), manuscripts, brass plates, Rudraksha jewellery, musical instruments, old furniture, water pots used by Ahom king Gadhadhar Singha","Religious Museum","","","9435489974","Free","","Photography"
"Mukha Museum, Mask Making Centre and Temple, Majuli","Sri Sri Samaguri Satra, Rawanapar Majuli Sri Sri Samaguri Satra - 785110","Assam","The Museum displays the masks of different categories that belong to different communiti es","Religious Museum","","","","Free","09:00 AM - 05:00 PM","Photography and Guided Tours"
"Regional Science Centre, Guwahati","Resham Nagar, Khanapara, Guwahati - 781028","Assam","The Regional Science Centre, Guwahati, popularly known as Science Museum, is one of the units of National Council of Science Museums functioning under the Ministry of Culture, Government of India. The basic purpose of this Science Centre is to popularise science among the people of this region. Apart from its permanent galleries with a number of participatory exhibits on science, this centre organises regular educational programmes and activities, especially for the students, in order to inculcate scie ntific temper in them by imparting science education in a non-formal way.","Science Centre","1994","https://www.rscguwahati.gov.in","","General Visitor: Rs. 30 per head, Group: Rs. 25, Organised Private School: Rs. 15, Organised Gov - ernment School: Rs. 10","09:30 AM - 06:00 PM (Closed on National holidays)","Photography Special Shows"
"Jorhat Science Centre and Planetarium","Atilagaon, Jorhat - 785001","Assam","The centre covering an area of 1300 sq. mtr., developed by the National Council of Science Museums, has come up with a thematic gallery on ‘Story of Oil’, a gallery ‘Fun Science’ on the general principles of science, a fully automated computerised Planetarium and a lush green Science Park. The ‘Story of Oil’ gallery showcases the historical developments in the field of petroleum exploration, drilling and di spensing both from the World and Indian perspectives. The Fun Science gallery is full of opportunities for visitors to interact, explore and experience various aspects of science in highly entertaining ambience","Science Centre","2013","","","","10:00 AM - 05:30 PM (Closed on Thursdays)","Photography, and Guided Tours"
"Museum of Animal Husbandry and Veterinary Science, College of Veterinary Science","Khanapara, G.S. Road, Guwahati - 781022","Assam","The Museum exhibits various specimens relating to Veterinary Science","Science Museum","2013","https://www.vetbifg.ac.in","0361 2337700","Free","08:00 AM - 04:30 PM (Closed on Sundays)","Film shows, Lectures and Library"
"Guwahati Medical College Museum, Guwahati Medical College Complex","Bhangagarh, Guwahati - 781006","Assam","The Museum has a collection related to Science, Medical and Anatomy","Science Museum","","","3612337700","Free","10:00 AM - 04:00 PM (Closed on Sundays and Government Holidays)","Cafe, Photography and Guided Tours"
"Science Centre and Planetarium, Kokrajhar","Dimalgaon - 783370","Assam","The Museum exhibits objects and instruments related to Science and Technology and the facts about the Solar system. It also shows films in English, Hindi and Assamese","Science Centre and Planetarium","2020","","","","10:00 AM - 04:00 PM (Closed on Sundays and Government Holidays)","Photography, Guided Tours and Film Shows"
"Tocklai Tea Research Centre Museum, Jorhat","Tocklai Tea Research Institute, Cinnamara, Lichubari, Jorhat - 78500","Assam","The collection of the Museum includes specimens of common tea pests, insects and reptiles etc.","Specialised Museum","1911","https://www.tocklai.net","3762360973","Free","",""
"Central Museum and Emporium, Mayong","Raja Mayang - 782411","Assam","The Museum has various ancient texts and manuscripts, skulls, tools that were used for sacrifices in an - cient times, old relics and ornaments used by magicians for performing black magic, stone statues, stone inscription, terracotta idols, arms and weapons","Specialised Museum","2002","","3762360973","Free","09:00 AM - 05:00 PM","Guided tours"
"Indian Railway Heritage Park","Assam Trunk Road, Tinsukia - 786192","Assam","The Museum focuses on the Northeast Frontier Railways. There are models, narrow gauge steam engine, a variety of tools and instruments used by railways, skew gate lamp, wa tches, train letters, fire extinguisher, dress of station master, photographs, trolley hut, vertical boiler. The Museum also has the Darjeeling Himalayan Railway Gal - lery, Video Hall on Wheels, toy train, coffee corner, children’s park etc.","Specialised Museum","2010","https://www.indianrailways.gov.in","0376 2360973","Free","09:00 AM - 05:00 PM",""
"Assam Forest Museum, South Kamrup Division","Assam Forest Museum, South Kamrup Division, Guwahati","Assam","The Museum exhibits a wide collection of timber, ivory works, lacquer works, medicinal herbs, bamboo, cane, elephant tusks, rhino horns and models of bridges and buildings","Thematic Museum","1949","","","Free","Weekdays: 10:00 AM - 04:00 PM, Weekends: 10:00 a.m - 01:30 PM",""
"Archaeological Site Museum, Vikramshila","Vikramshila, Antichak, District Bhagalpur - 813202","Bihar","The collection of the Museum includes antiquities that belong to the Pala period, sculptures of Buddhist Pantheon like Buddha, Bodhisattva, Avalokitesvara, Loknath, Jambhala, Tara etc.","Archaeological Museum","2004","https://www.asi.nic.in","","Free","10:00 AM - 05:00 PM (Closed on Fridays)",""
"Viraasat Bihar Museum, Bihar Sharif","D.M. Colony, Bihar Sharif - 803101","Bihar","The collection includes archaeological objects such as coins, sculptures etc.","Archaeological Museum","1981","","06112 290127","Free","10:30 AM - 04:30 PM (Closed on Mondays and Public Holidays)","Lectures, School Programmes, Research and Photography"
"Archaeological Site Museum, Bodhgaya","Bodhgaya, District Gaya - 824231","Bihar","The collection includes sculptures in bronze and stone that depict the Buddhist and Brahmanical faith, railing pillars, cross bars and coping stones of Mahabodhi Temples","Archaeological Museum","1956","https://www.asi.nic.in","0631 2200739","Adults: Rs. 10 per head and Free for children below 15 years","10:00 AM - 05:00 PM (Closed on Fridays)","Library and Photography"
"Chandrashekhar Singh Museum","Kalyanpur, Jamui - 811307","Bihar","The collection includes archaeological objects, sculptures, metal objects, stone, a nd bronze figurines","Archaeological Museum","1983","","06345 224569","Free","10:30 AM - 04:30 PM (Closed on Mondays and Public Holidays)","Library, Guided Tours, School Programmes and Lectures"
"Archaeological Site Museum, Nalanda","District Nalanda","Bihar","The collection includes artefacts excavated from Nalanda, stone, bronze, stucco and terracotta sculptures, iron implements, inscriptions, seals etc.","Archaeological Museum","1917","https://www.asi.nic.in","0611 2281824, museumnalandaasi@gmail.com","Adult: Rs. 5 per head and free for children 15 years and below","10:00 AM - 05:00 PM (Closed on Fridays)","Library and Photography"
"Department of Ancient Indian History and Archaeology","Patna University, Patna- 800005","Bihar","The collection includes archaeological objects such as sculptures, terracotta artefacts, coins etc.","Archaeological Museum","1964","","","Free","10:30 AM - 04:30 PM (Closed on University Holidays)","Photography"
"Archaeological Site Museum","P.O. District Vaishali - 84128","Bihar","The collection includes terracotta objects, stone chhatravali, potherds of NBP and PGW, iron and copper implements, earthen ware etc.","Archaeological Museum","1971","https://www.asi.nic.in","06112 281824","Adults: Rs. 10 per head","10:00 AM - 05:00 PM (Closed on Fridays)","Library and Photography"
"Bhartiya Nritya Kala Mandir","96, Fraser Road Rajapur, Raja ji Salai, Indira Nagar, Patna - 800001","Bihar","The collection includes terracotta items, stone sculptures, jewellery, performing arts, musical instruments, folk art, textiles etc.","Art and Craft Museum","1963","","7677336167","Free","09:30 AM - 06:00 PM",""
"Begusarai Sangrahalaya","Lohianagar, Begusarai - 851101","Bihar","The collection includes archaeological objects, paper manuscripts, palm leaf manuscripts, stone sculp- tures and panels, terracotta figurines and metal works","Multipurpose Museum","","","","Free","10:30 AM - 04:30 PM (Closed on Mondays)","Library, Guided Tours, School Programmes and Photography"
"Bhagalpur Museum","National Highway 80, Near Hotel Rajhans, Next to District Transport Office Road, Kachari Chowk, Adam - pur, Bhagalpur - 812001","Bihar","The collection includes stone sculptures, terracotta and bronze figures, paper and palm leaf manuscripts, ethnographic and archaeological objects","Multipurpose Museum","1976","","","Free","10:00 AM - 05:00 PM (Closed on Mondays and Public Holidays)","Library, Guided Tours, Film Shows, Lectures and Photography"
"Sitaram Upadhyay Memorial Museum","Ramrekha Ghat, Buxar - 802101","Bihar","The collection includes archaeological objects, coins, manuscripts, artworks etc.","Multipurpose Museum","1979","","","Free","10:30 AM - 04:30 PM (Closed on Mondays and other Public Holidays)","Guided Tours, School programmes, Photography and Lectures"
"Chandradhari Museum, Darbhanga","Gumti No. 26, Station Road, Darbhanga - 846004","Bihar","The collection includes bronze, ivory, terracotta objects, personal belongings of Babu Chandradhari, in - scriptions, textiles etc.","Multipurpose Museum","1957","","06272 22537","Free","10:30 AM - 05:00 PM (Closed on Mondays)","Postcards, Library, Guided Tours and Lectures"
"Maharajadhiraja Lakshmeshwar Singh Museum","Mansarowar Dighi Tank, Darbhanga (Near Darbhanga Railway Station)","Bihar","The collection includes ivory, silver, stone and metal objects, Chinese art, South Asian paintings, wooden furniture, sculptures of marble and stone","Multipurpose Museum","1977","","","Free","10:30 AM - 04:30 PM (Closed on Mondays and Public Holidays)","Guided Tours, Lectures and Photography"
"Gaya Museum","Jail Road, Jaiprakash Nagar, Gaya - 823001","Bihar","The collection includes archaeological objects such as sculptures, bronzes, terracottas, numismatics, ob - jects of geological and natural history origin, decorative arts, paintings, sketches and photographs, manuscripts, arms, doll house etc.","Multipurpose Museum","1952","","9852731906","Free","10:00 AM - 05:00 PM (Closed on Mondays and Public Holidays)","Library, Guided Tours, Lectures and Photography"
"Ram Chandra Shahi Museum","Mahammadpur Kazi, Mithanpura - 842002","Bihar","The collection includes coins, manuscripts, sculptures, postal stamps, beads, badges, arms and armours, metal objects, terracotta etc.","Multipurpose Museum","1979","","","Free","10:30 AM - 04:30 PM (Closed on Mondays and Public Holidays)","Library, Guided Tours, Film Shows and Photography"
"Narad Museum","Main Road, Nawada District - 805110","Bihar","The collection includes stone sculptures of 5th century A.D. to 13th century A.D. Natural History speci - mens, paintings, coins, manuscripts etc.","Multipurpose Museum","1974","","","Free","11:00 AM - 03:30 PM (Closed on Mondays)","Guided Tours, Film Shows and Photography"
"Patna Museum","Buddha Marg (Patna - Gaya Road) - 800001","Bihar","The collection includes archaeological objects like coins, sculptures, art objects like arts and paintings; old arms and armour, objects of geological, botanical and zoological origin etc. The Museum’s major attraction is the Didarganj Yakshi sculpture","Multipurpose Museum","1917","https://www.biharmuseum.org","0612 2235731","Adults: Rs. 5 per head and Children: Rs. 2 per head","10:30 AM - 04:30 PM (Closed on Mondays and Government Holidays)","Library, Guided Tours, School Programmes, Lectures and Photography"
"Babu Kunwar Singh Memorial Museum (Veer Kunwar Singh Museum)","Jagdishpur, District Bhojpur","Bihar","It is a Museum in Jagdishpur which is named after Freedom Fighter Kunwar Singh who played an import - ant role in the Indian Rebellion of 1857. It has a good collection of artefacts related to India’s struggle for Indepen - dence such as photographs of records, paintings, statue of Babu Kuwar Singh and old arms of his time","Personalia Museum","1972","","","Entry free (Closed on Saturdays and Government Holidays)","10:30 AM - 04:30 PM","Guided Tours, School Programmes, Lectures and Photography"
"Gandhi Sangrahalaya","North West Gandhi Maidan, Ashok Rajpath, Patna - 800001","Bihar","The Museum displays the photographs on Mahatma Gandhi","Personalia Museum","1968","https://gandhisangrahalayapatna.org","9973546255/ 9852140363","Free","Summers: 10:00 AM-06:00 PM and Winters: 10:00 AM - 05:00 PM (Closed on Saturdays)","Film shows, Meetings and Seminars, Exhibition, Guided Tours and School Programmes"
"Jana Nayak Karpoori Thakur Smriti Sangrahalaya","1, Deshratna Marg, Patna-800015","Bihar","The Museum was established at the official residence of late Bi har Chief Minister Shri Karpoori Thakur as a remembrance historical centre to honour Shri Thakur’s life, and accomplishments. It displays everyday items, dresses, records, letters, journals, compositions, and a few other things associated with the late Shri Karpoori Thakur","Personalia Museum","1993","","0612 230172","Free","10:00 AM - 05:00 PM (Closed on Sundays and other Government Holidays)","Library, Guided Tours, School Programmes, Lectures and Photography"
"Rajendra Smriti Museum","Bankipur - Danapur Road, Sadaquat Ashram, Patna - 800010","Bihar","The Museum is dedicated to the life and works of Dr. Rajendra Prasa d, the first President of India which displays the personal belongings of Babu Rajendra Prasad","Personalia Museum","1963","","","Free","10:00 AM - 05:00 PM (Closed on Mondays)","Picture Postcard, Brochure of the Museum, Library and Photography"
"Gandhi Smriti Sangrahalaya","Gandhi Ashram, Bhitiharwa","Bihar","The Museum collection includes the personal belongings of Mahatma Gandhi","Personalia Museum","","","","Free","10:30 AM - 04:30 PM (Closed on Mondays and on Public Holidays)","Library, Guided Tours, School Programmes, Lectures and Photography"
"Shri Krishna Science Centre","West Gandhi Maidan, Patna - 800001","Bihar","The Centre has galleries on Fun Science, Popular Science, Evolution, The Ocean, Hall of Activity, Science Park, Jurassic Park and has Scientific working models and interactive exhibits","Science Centre","1978","","0162 2226992","Adults: Rs. 5 per head and Students: Rs. 2 per head","10:30 AM - 06:00 PM","Library, Guided Tours, School Programmes, Film Shows, Science Demonstrations and Lectures"
"Patna Planetarium (Taramandal)","Jawaharlal Nehru Marg, Adalatganj, Kidwaipuri, Patna - 800001","Bihar","The Museum displays various science models and equipments","Science Centre","1993","","","Rs. 50 per head","10:00 AM - 05:00 PM (Closed on Mondays)",""
"Bihar Museum","Jawaharlal Nehru Marg, Bailey Road,Patna-800001","Bihar","The collections of the Bihar Museum include objects (stone and copper sculptures, miniatures and thang- kas), prehistoric objects, anthropological artifacts and objects related to social history. The permanent collection of the Bihar Museum has two basic components – the History Gallery and the Art Gallery. The artefacts and exhibits in the museum tell the story of ancient Pataliputra and Bihar before the 20th century.","Multipurpose Museum","2015","https://biharmuseum.org","06122235732, info@biharmuseum.org","Adults: Rs. 100 per head , Children: Rs. 50 per head, Foreigner: Rs 500 per head","10:30 AM - 04:00 PM (Closed on Sundays)","Photography, Wheelchair and Videography"
"Zonal Anthropological Museum","Anthropological Survey of India, Chitrakote Rd, Dharmapur - 494005","Chhattisgarh","The collection includes numerous objects of ethnographic interest showing practices of the Bastar tribe of Chhattisgarh. The rare items displayed at the Museum includes headgear, footwear, ornaments, musical instruments, dresses, paintings, wood carvings, weapons, masks, art work, sculptures and a wide variety of objects that were used in daily life","Anthropological Museum","1972","https://www.ansi.gov.in","9826346753","Free","10:00 AM - 05:30 PM (Closed on Mondays)","Library, Guided Tours, Film Shows, Lectures and Photography"
"University Museum","Indra Kala Sangit Vishwavidyala","Chhattisgarh","The Galleries of the Museum are Sculpture Gallery, Instrumental Gallery, and Coin Gallery having sculptures and musical instruments from 7th century A.D. - 13th century A.D","Archaeological Museum","1977","","07820 234232","Free","10:30 AM - 01:30 PM (Closed on Sundays)","Library, Guided Tours, School Programmes, Lectures and Photography"
"District Archaeological Museum","Bilaspur","Chhattisgarh","The collection includes sculptures of Tirthankara, Surya Dev, Sanyasi, Buddha, Temple pillar fragments, Ganesh, Shiv - Parvati etc.","Archaeological Museum","1981","","","","",""
"District Archaeological Museum","Jagdalpur","Chhattisgarh","The collection includes antiquities excavated or received from Gadhdanora, Kesharpal, Pathri, Tulu Dongar, Garhiya etc. like sculptures of Vishnu, Asnastha Nrishingh, Parvati etc.","Archaeological Museum","1988","","","","",""
"District Archaeological Museum","Rajnandgaon","Chhattisgarh","The Museum building has five galleries exhibiting plaster cast replica of the Archaeological Site of Rajnandgaon District, ancient statues, metal statues, stuccos, coins, stone tools, fossils, mineral deposits, weapons of princely Rajnandgaon, tribal jewellery, costumes, hunting equipments and instruments","Archaeological Museum","1977","","","","",""
"Mahant Ghasidas Memorial Museum","Ghadi Chowk, Raj Bhawan Road, Civil Lines, Raipur - 492001","Chhattisgarh","The collection includes objects of tribal culture, spiced animals, birds, craft work of the modern period, stone tools of prehistoric age, ancient statues, records, copper plates, coins etc. The Galleries present in the Museum are: Nature Gallery, Arms Gallery, Painting Gallery, Tribal Culture Gallery, Sirpur Gallery and Inscription Gallery","Multipurpose Museum","1953","","077 2537404, deptt_culture@yahoo.co.in","Rs. 1 per head","10:00 AM - 05:00 PM","Library, School Programmes, Film Shows and Photography"
"The Archaeological Museum, Old Goa","Behind St. Cathedral, Velha Goa - 403402","Goa","The collection represents the Portuguese rule, prehistoric, early historic and late mediaeval periods of Goan history. The Museum’s collections includes fragments of sculpture from Hindu temple sites in Goa, and some Sati stones, two larger than life bronze statues, portraits of the Viceroys of Goa, postage stamps, coins issued by vari - ous Hindu, Muslim and Portuguese rulers, wooden sculptures, pillars, hero stones, Persian and Arabic inscriptions and Portuguese weapons comprised of rifles, swords and daggers, a bronze statue of Afonso de Albuquerque in the lobby, with maps of seafaring routes and maps of Goa, pictures of various historical monuments in Goa, Daman and Diu","Archaeological Museum","1964","https://www.asigoacircle.gov.in","0832 2285333","Adults: Rs. 10 per head and free for children up to 15 years","09:00 AM - 05:00 PM (Closed on Fridays)",""
"Pilar Seminary Museum","Fr. Agnel Church, Pilar - 403402","Goa","The Museum houses various archaeological objects, paintings, wood and ivory objects, terracotta objects, stone objects, stamps, postcards and coins","Archaeological Museum","1964","https://www.pilarmuseum.org","9403272169, pithcolib@gmail.com","Free","09:00 AM - 05:30 PM (Closed on Sundays)","Photography, Guided Tours, Library and School Programmes"
"Museum of Goa","79, Industrial Estate, Pilerne - 403511","Goa","The Museum shows history and people through contemporary art","Art Museum","2015","https://www.museumofgoa.com","7722089666","Adults: Rs. 100 per head and Children: Rs. 50 per head","10:00 AM - 06:00 PM",""
"Museum of Christian Art","Monte Santo Holy Hill, Next to St. Augustine Tower, Velha Goa - 403402","Goa","","Art and Craft Museum","1994","https://www.museumofchristianart.com","0830 8805399","","10:00 AM - 05:00 PM",""
"Big Foot Art Gallery and Local Handicraft Center","Cross Museum, Main Road, Salcete District, Loutolim - 403718","Goa","The Museum houses paintings, sculptures and folk art objects","Art and Craft Museum","1995","","0832 2777034","Free","09:00 AM - 06:00 PM","Library and School Programmes"
"Wax World Goa, Old Goa","Old Goa, Velha Goa - 403402","Goa","Old Goa is the home to India’s second wax Museum. The Museum has over 30 life size statues of famous personalities of Indian culture, heritage and religion. One of the main attractions is the sculpting of the ‘last supper’ which is 22 feet in length and weighs 500 kilos","Art and Craft Museum","","https://www.waxworld.in","9970126202","Rs. 30 per head","09:30 AM - 06:30 PM","Photography"
"Mario Gallery – Panjim, Porvorim, Calangute & Margao","Navelkar Trade Center, MG Road, Next to Nagvekar Jewellers, Opposite Azad Maidan, Ozari, Panaji - 403001","Goa","One of the greatest cartoonists from Indian History, Late Mario Miranda, was based in Goa. He is best remembered for his paintings and caricatures that capture the spirit of Goa like none other. The Mario Gallery is a dedicated space which houses various artefacts and prints of Mario’s cartoons that are both for display and sale. They are one of the top things that you need to shop when in Goa","Art and Craft Museum","","https://www.mariodemiranda.com","8322421776","","10:00 AM - 10:00 PM","Photography"
"Sunaparanta – Goa Centre for The Arts, Altinho, Panjim","63/C-8, Altinho, Near Army House, Panaji - 403001","Goa","Sunaparanta, is a not-for-profit art gallery set up in a beautiful Port uguese house, is a hub for creativity. It’s a place where both contemporary and traditional art is made accessible to the Goan public. The Centre’s creative programme includes gallery exhibitions, education and activity classes, interactive workshops, book readings and other public events","Art and Craft Museum","","https://www.sgcfa.org","832 2421311, 09370675100","","10:00 AM - 07:00 PM (Closed on Sundays)","Cafe, Photography, Gallery Exhibitions, Education and Activity Classes, Interactive Workshops, Book  Readings and other Public Events"
"Cube Gallery, Moira, Goa","H. No 430/1, Calizor Vaddo, Moira - 403507","Goa","It serves as an exhibition hall and creative nerve centre for a growing community of artists, both new and mid-career","Art and Craft Museum","","https://www.cubegallerygoa.com","9422806748","Admissions are as per appointment, that can be made through the website","11:00 AM - 07:00 PM (Closed on Mondays and Tuesdays)","Photography, Gallery Exhibitions, Interactive Workshops and Public Events"
"Kala Academy, Panjim, Goa","Dayanand Bandodkar Marg, Opposite Kala Academy, Campal, Panaji - 403001","Goa","The Kala Academy in Panjim has a gallery dedicated to the work of contemporary Goan artists, both ama - teur and professional. The Academy takes an active part in discussing the future of Goan art by holding seminars and workshops. They also run an ‘Artists’ Camp’ whereby art students and the public have the opportunity to see profes - sionals in action and take part in master classes","Art and Craft Museum","","https://www.kalaacademygoa.co.in","8322432544","","09:30 AM - 01:15 PM and 02:00 - 05:45 PM (Closed on Saturdays and Sundays)","Photography, Gallery Exhibitions, Interactive Workshops, Public Events and Cafe"
"Gallery Gitanjali, Panjim, Goa","E - 212, 31st January Road, Fontainhas, Panaji - 403001","Goa","Traditional art shares wall space with edgy contemporary work while a mixed media installation sits along - side Gond and Bhil tribal art. The gallery is known for a large collection of Scandinavian art from the 50’s to the 90’s including lithographs, serigraphs, linocuts, woodcuts and etchings","Art and Craft Museum","","https://www.gallerygitanjali.com","8411865428","","09:00 AM - 01:30 p.m and 02:00 - 06:00 PM (Closed on Sundays)","Photography, Gallery Exhibitions, Interactive Workshops, Public events and Cafe"
"Sala De Arte, Goa","Kamat Towers, 610-614, 6th, Patto, Panaji - 403001","Goa","The Museum displays the paintings, drawings, mixed media and photography with an emphasis on Dutch art","Art and Craft Museum","","https://www.saladearte.co.in","7498556093","Prior booking through website","10:30 AM - 04:00 PM (Closed on Sundays)","Photography, Gallery Exhibitions, Interactive Workshops, Public Events and Cafe"
"Vengurlekar Fine Art Center","Silvio Heights, St Inez Rd, Panaji - 403001","Goa","Vengurlekar Fine Art Center aims to amalgamate different forms of art like Chitra (Painting), Shilpa (Sculpture), Nrutya (Dance), Natya (Theatre) Sangeet (Music) and Sahitya (Literature) for creating unique experienc - es in Fine Arts","Art and Craft Museum","2022","https://www.vengurlekarartgallery.com","","","10:00 AM – 06:00 PM (Closed on Sundays)","Photography, Gallery Exhibitions, Interactive Workshops, Public Events and Cafe DEFENCE MUSEUM"
"Naval Aviation Museum","INS Hansa, Bogmalo Road, Alto Bogmalo, Bogmalo - 403806","Goa","The Interior of the Museum is being designed as the interior of a Naval Aircraft Carrier - INS Viraat and displays a number of aircrafts that were being used by the Indian Navy in the Museum’s Open Air Gallery. The gal - leries display naval equipment, prominent battles, a stimulation room, an extensive granite plaque - paying tribute to the brave hearts, photographs etc.","Navy Museum","1998","https://www.goa-tourism.com","0832 2585525, 2585119, 0823 2538395, nasdgoa@sancharnet.in","Adults: Rs. 20 per head and Children: Rs. 5 per head","10:00 AM - 05:00 PM (Closed on Mondays and National holidays)","Photography"
"Xavier Center of Historical Research","B.B. Borkar Road, Alto Porvorim - 493521","Goa","The Museum displays paintings and artefacts etc.","Educational Museum","1978","https://www.xchr.in","0832 2417772","Rs. 50 per head","09.30 AM - 05.00 PM (Closed on Sundays and Saturdays)","Library and Lectures"
"Goa Chitra Museum","H. No. 498, Near Auxilium High School, Benaulim - 403716","Goa","The Museum displays the examples of regional ceramics, farming implements, musical instruments, an - tique carts, and palanquins from various eras are all included in Goa Chitra’s collection. Also, it exhibits an organic farm where a variety of vegetables, herbs, spices, sugarcane, and rice are grown—all staples in the region of coastal Western India","Ethnographic Museum","2008","https://www.goachitramuseums.com","0832 2772911","Adults: Rs. 100 per head and Children: Rs. 50 per head","09.00 AM - 06.00 PM","Library and Guided Tours"
"Ancestral Goa Museum, Big Foot","Cross Museum, Main Road, Salcete District, Loutolim - 403718","Goa","The Museum presents a glimpse into the rural life of Goa, there are a wide range of places to see and var - ious interesting activities to do. The Art Gallery at the Museum presents visitors with the works of local artists as well as those with national fame","Ethnographic Museum","1995","","0832 2777034","Adults: Rs. 50 per head and Children: Rs. 25 per head","09:00 AM - 06:00 PM","Library, Guided Tours and Photography"
"Big Foot Cross Museum, Lutotlim","Cross Museum, Main Road, Salcete District, Loutolim - 403718","Goa","The Museum houses paintings, sculptures and folk art objects etc.","Historical Museum","1995","","0832 2777034","Rs. 10 per head","09.00 AM - 06.00 PM (Closed on Mondays)","Library and Photography"
"Casa Araujo Alvares","Loutolim - 403718","Goa","The Museum houses 147 old Goan picture postcards and photographs, a collection of Ganesh idols etc.","Historical Museum","2001","","0832 2777034","Adults: Rs. 100 per head and Children: Rs. 50 per head","09:00 AM - 05:30 PM","Library, Guided Tours and Photography"
"San Thome Museum","Dabolim - Cavelossim Road, Chadwado, Varca - 403721","Goa","A house of fusion of knowledge and heritage, it unveils before all generations, the evolution of smart - phones started in the 19th Century. It also showcases not only the Portuguese but also the British influence on the standard of living of Goans. Museum focusing on the technology revolution, with vintage musical instruments, type - writers & lamps","Historical Museum","2014","","0982 2363917","Rs. 200 per head","09:00 AM - 06:30 PM","Photography"
"Pilar Seminary Museum","Fr. Agnel Church, Pilar - 403402","Goa","There are three areas in the Museum: Govapuri before Portuguese, Pilar among the Capuchins and the most recent Pilar and Carmelites collections. Stone sculptures, artefacts, paintings on wood and canvas, carved wood - en statues, and handwritten manuscripts are on display at the Museum. It is also well known for its gold, silver, pottery, ivory, rare postage stamps, and other treasures","Historical Museum","","https://www.pilarmuseum.org","9403272169","","08:30 AM - 01:00 PM","Parking and Guided Tours"
"Calizz - The Heritage Goa","302, Bammon Uaddo Candolim, Bardez - 403515","Goa","The Museum has various collections of chairs, beds, kitchen equipment, wooden paintings and natural colour paintings","Multipurpose Museum","2006","https://www.calizz.com","9326733292","Rs. 300 per head","10:00 AM - 05:30 PM (Closed on Sundays)","Guided Tours and Photography"
"Goa State Museum","Adil Shah Palace, Avenida Dom João de Castro, Patto Colony, Panaji - 403521","Goa","The Museum houses stone sculpture and wooden objects and furniture, paintings, textiles, coins and art objects of anthropological importance, handicrafts, textiles, geology, old machines, photographs, clay and metal ob - jects, natural history etc.","Multipurpose Museum","1977","https://www.goamuseum.gov.in","8322436006","Free","09:30 AM - 05:30 PM (Closed on Saturdays and Sundays)","Library, Guided Tours and Photography"
"Goa Science Center and Planetarium","Marine Highway, Miramar, Panaji - 403001","Goa","Lowkey educational center offering interactive displays on scientific subjects along wi th a Planetarium","Science Center and Planetarium","2001","https://www.gscgoa.org","0832 2463426","","10:00 AM - 06:00 PM","Photography  THEMATIC/SPECIALISED MUSEUMS"
"Ashvek Vintage World Car Museum","Nuvem - 403713","Goa","The collection includes Vintage Cars and Automobiles collection","Specialised Museum","2004","","0982 2100339","Rs. 100 per head","09:00 AM - 06:00 PM","Library and Photography"
"Houses of Goa","House No. 674, Near Nisha’s Play School, Torta, Salvador do Mundo, Penha de França - 403101","Goa","The Museum showcases architectural building models, buildings materials, photos, furniture, exploration panels and computers","Specialised Museum","2005","","0832 2411276","Adult: Rs. 100 per head, Students: Rs. 50 per head and Foreigners: Rs. 350 per head","10:00 AM - 07:30 PM","Guided Tours, School Programmes and Photography"
"All About Alcohol Museum","Main Road, Candolim - 403515","Goa","The Museum has 4 rooms and an outdoor area displays Feni stills, a nearby cellar is stacked with garrafōes (hand blown glass containers) and Kodems (now rare earthen pots in which t he cashew juice was fermented). The first room has a collection of glasses, and old measuring equipment, the other three rooms are packed with items from the founder’s private collection","Thematic Museum","2021","","9326733293","Rs. 300 per head","11:00 AM - 09:00 PM","Photography"
"Indian Customs and Central Excise Museum","Avenida Dom João de Castro, Opposite Jetty Captain & Port, Ozari, Panaji - 403001","Goa","The Indian Customs and Central Excise Museum is the first of its ki nd, depicting the department’s rich history. The Museum displays seized goods, antiques, and customs history. Items on display traces the evolution of this theme from the days of the Indus Valley Civilization to the present. It continues the theme with artefacts, documents, manuscripts, photographs, and so on to create an atmosphere of constant action and counteraction","Thematic Museum","2009","https://www.cbec.gov.in","9823665719","Rs. 10 per head","09:00 AM - 05:00 PM (Closed on Mondays)",""
"BENZ Celebrity Wax Museum","Junction, Calangute - Arpora Road - 403516","Goa","The Museum has wax statues of various celebrities","Thematic Museum","","https://www.benz-celebrity-wax-museum.business.site/","093090 77668","Rs. 150 per head","10:00 AM - 10:00 PM","Photography and Video Games"
"Ulta Pulta Museum","Umiya Quatro, B - 5, Airport Rd, Dabolim - 403801","Goa","The Museum enables the visitors to capture an essence of the parallel universe, capturing essence through photography","Specialised Museum","","https://www.ultapultamuseum.com/","8010331166","Rs. 300 per head","10:00 AM - 07:30 PM","Photography"
"Bhramlok Museum","Bhramlok Museum, Umiya Quatro, Plot C, Dabolim","Goa","The Museum houses breathtaking 3D art, stunning optical illusions and an intriguing Mirror Maze","Specialised Museum","","https://www.bhramlokmuseum.com","9834396919","Rs. 450 per head","10:00 AM - 06:30 PM","Photography"
"Archaeological Site Museum","Dholavira, District Bhuj","Gujarat","","Archaeological Museum","1960","","02837 277381","Free","08:00 AM - 05:00 PM (Closed on Mondays)","Photography and Guided Tours"
"Archaeological Site Museum","Archaeological Survey of India, Lothal, P.O Lothal-Bhurkhi, Taluka-Dholka Ahmedabad - 382230","Gujarat","The Museum exhibits the objects that were found during the 1952–1961 excavation. The three galleries showcase tools, pottery, beads, terracotta ornaments, seal and sealing reproductions, shell and ivory artefacts, copper and bronze objects, and ornaments. A shared burial replica and a scaled-down representation of the Lothal site are also shown in the gallery to the right of the gaming objects, animal and hum an figures, weights, painted pottery, ritual objects, objects found in burials, and miniature potteries, 800 of the 5089 artefacts discovered during the excavation are displayed in the Museum","Archaeological Museum","1976","https://www.asi.nic.in","02714 294274, 262228","Adults: Rs. 2 per head and free for children below 15yrs","08:00 AM - 05:00 PM (Closed on Mondays)","Library, Photography and Guided Tours"
"Archaeological Site Museum","Lakhota Fort, Jamnagar - 36100","Gujarat","The collection includes sculptures, pre-proto historic artefacts, paintings, copper plate, inscriptions, coins, weapons, photographs, folk art, decorative art, manuscripts etc.","Archaeological Museum","1946","","0288 2678125","General Visitors: Rs. 2 per head, Students: Rs. 1 per head and Foreigners: Rs. 50 per head","08:00 AM - 05:00 PM (Closed on Mondays)","Library, Photography and Guided Tours"
"Prabhas Patan Museum","Prabhas Patan, District Junagadh - 362268","Gujarat","The Museum displays three major categories of exhibits and famous for stone sculptures and stone inscriptions. There are nearly 3500 exhibits in the possession of the Museum","Archaeological Museum","1951","https://www.archaeologymuseum.gujarat.gov.in","02876 232455, 9824949122","Indians Adults: Rs. 5 per head, Foreigners: Rs.50 per head, For Schools/Colleges students: Rs. 100 per head and for Photography: Rs.500","10:00 AM - 05:00 PM (Closed on Mondays)","Library, Photography and Guided Tours"
"Bhartiya Sanskriti Sangrahalaya","Gujarat Vidyapith, Ashram Road, Ahmedabad","Gujarat","","Archaeological Museum","1977","","079-2754118, 27544349, 754222547","Free","Summers - 11:00 AM - 06:00 PM and Winters - 11:00 AM - 05:00 PM","Photography and Guided Tours"
"Museum of Archaeology and Ancient History","Faculty of Arts, M.S University of Baroda, Vadodara","Gujarat","The Museum contains archaeological, cultural and historical collection, material from early Stone Age to Medieval period","Archaeological Museum","1950","https://msubaroda.ac.in","0265 2792436","Free","10:00 AM - 05:30 PM (Closed on Holidays)","Library, Photography and Guided Tours"
"Vadnagar Museum, Darabar Gaddh","Taluka-Vadnagar District Mehsana - 384355","Gujarat","The Museum exhibits sculptures, textiles, and photographs etc.","Archaeological Museum","1996","https://archaeologymuseum.gujarat.gov.in","2761222959","Indians: Rs. 5 per head, Foreigners: Rs. 50per head","10:00 AM - 05:00 PM (Closed on Wednesdays and 2nd and 4th Saturdays)","Photography and Guided Tours"
"Shri Ambalal Ranchhoddas Sura Museum","O.M Arts College District Sabarkantha, Modasa - 383315","Gujarat","The Museums exhibit a rich collection of stone sculptures and inscriptions, Hindu and Jain Stone Sculptures, rare manuscripts, folk musical instruments, weapons, woodcraft etc.","Archaeological Museum","1965","","02774 242626","Free","02:00 PM - 05:00 PM and 8:00 AM - 11:00 AM (On Sundays)","Guided Tours"
"Shri Vishal Jain Kala Sansthan","Taleti Road, District Bhavnagar, Palitana - 364 270","Gujarat","The Museums house collections of Jain artefacts, excavated idols from earlier temples and ancient manuscripts written on palm leaves, rich collection of stone sculptures and inscriptions etc.","Archaeological Museum","1990","https://www.gujarattourism.com","02774 242626, 249025","Rs.10 per head","08:30 AM – 12:30 PM and 03:30 PM – 08:30 PM","Library, Photography and Guided Tours"
"Gujarat Vidyapith Museum","1st Floor, Pranjivan Vidyarthi Bhawan, Ashram Road, Ahmedabad - 380 014","Gujarat","","Archaeological Museum","2003","","079 2754118, 27544349, 754222547","Free","Summers - 11:00 AM - 06:00 PM and Winters - 11:00 AM - 05:00 PM","Photography and Guided Tours"
"Lal Bhai Dalpatbhai Museum","Gujarat University - 380009","Gujarat","Stone, marble, bronze, and wood carvings as well as 75,000 Jain manuscripts are housed in the Museum’s nine halls, each of which is devoted to a different genre of art or aspe ct of Indian history. Together with ancient coins, copper and stone statues, and artwork, the collection also includes a sandstone carving from Madhya Pradesh from the sixth century AD that is the earliest known carved representation of the God Rama. The gallery features a number of notable pieces, including a vibrant bronze Mandala made of Nepalese and Tibetan bronze in the 18th century AD and a Nataraja in the Chola style in the 11th century AD","Archaeological Museum","1984","https://www.ldmuseum.co.in","+91 79 26306883, 26306883,","Free","10:30 AM - 05:30 PM (Closed on Mondays)","Library, Photography, Guided Tours and Souvenir Shop"
"Shree Rajani Parekh Arts and Shree Keshavlal Bulakidas Commerce College Museum","B.D. Rao College Campus, District Anand - 388620","Gujarat","The Museum exhibits icons of different periods, coins, pieces of wood carving and ot her historical antiquities","Archaeological Museum","1960","","2698220366","Free","11:30 AM - 06:00 PM (Closed on Mondays)","Library, Photography and Guided Tours"
"Patan City Museum","Rani Ki Vav Road, Near Kalika Mata Temple, Opp. Dev Kutir Society, Patan - 384265","Gujarat","The Museum primarily displays a diverse collection of marble and sandstone sculptures from Gujarat’s Ancient and Medieval periods. Some of these statues depict Hindu deities as well as former ancient Gujarati kings","Archaeological Museum","2010","","9898098040","Indians: Rs. 5 per head, Foreigners: Rs. 50 per head and student of Schools/Colleges: Rs. 1 per head","10:30 AM- 05:30 PM (Closed on Wednesdays, 2nd and 4th Saturdays)","Guided Tours ART AND CRAFT MUSEUMS/GALLERIES"
"Ahmedabad Trunk","Ahmedabad Trunk, The Textile Gallery, The House of Mangaldas Girdhardas, Opp. Sidi Saiyad Jali, Lal Darwaja, Ahmedabad - 380001","Gujarat","Ahmedabad Trunk houses a rare treasure of Gujarati textile arts from far reaching corners of Gujarat","Art and Craft Museum","2016","https://www.ahmedabadtrunk.in","+91 079 25506946, +91 9727600300","Rs. 50 per head","","Brochures and Guided Tours"
"Kasturbhai Lalbhai Museum","Lalbaug Near Shahibaug Underbridge, Opp. Panchal Hall, Shahibaug, Ahmedabad - 380004","Gujarat","The Museum houses the art collection of the renowned Tagore family of Bengal, a collection that was subsequently acquired by Shri Kasturbhai Lalbhai in the 1940s to help the Tagore s out of their precarious financial condition. The paintings on display are from varied traditions and styles — Persian, Mughal, Deccan, Pahari and Rajasthani school, Tibetan Thangkas, Company school portraits, modernist paintings from the Bengal school, and painted postcards from the pre-independent India","Art and Craft Museum","2017","https://kasturbhailalbhaimuseum.com","07922865456, klmuseum16@gmail.com","Free","Visits need to be pre-booked, booking is available for four slots - 10:00 AM - 12:00 PM and 02:30 PM - 04:00 PM","Brochures and Guided Tours"
"The Valsura Museum Society, INS Valsura","INS Valsura, Jamnagar - 361150","Gujarat","The Museum displays objects in its six galleries: Gallery 1 - Memorabilia Gallery, depicts the evolution of the Visual and photographic collection of foundation ceremony on 15th August 1942 - onwards. Gallery 2 - exhibits photographs of all commanding officers since 1942. Gallery 3 - Jubilee Galler y, Photographs from silver, golden and diamond jubilee of Valsura. Gallery 4 - Technology Gallery, the vintage electronic components, switch boards, sonar control panels etc in the gallery show the technological advancements in the Navy. Gallery 5 - Historical Galley, the gallery is divided into various sections: Chief of the Naval staff, Chi ef of Material, Gujarat Maritime history, murals and model of HMS Trincomalee and Gallery 6 - Geodesic Dome, name of all electrical officers who have passed through the portal of Valsura","Navy Museum","1992","https://www.indiannavy.nic.in","0288 3987332, 3987334,sparks2009@rediffmail.com","","03:00 PM - 07:00 PM and Saturday - 10:00 AM - 01:00 PM","Photography, Guided Tours and School Programmes  EDUCATIONAL MUSEUMS"
"Tribal Museum","Inside Gujarat Vidyapeeth Campus, Sattar Taluka Society, Usmanpura, Ahmedabad - 380014","Gujarat","The well kept Museum is constructed in the shape of a tribal dwelling, emphasising the features, garb, and occupation of the inhabitants. The galleries serve as a display of various dwellings, occupations, crafts, jewellery, tools, everyday items, and images of many tribal tribes, ethnological objects which cover religion, agricultural implements, toys, masks, charts and different facets of tribal culture","Ethnographic Museum","1962","https://www.gujarattourism.com","09824444081, trtigvp@gmail.com","Indian Visitors: Rs. 10 per head, Foreign Visitors: Rs. 100 per head and Children up to 10 years and disabled entry is free","10:30 AM - 08:00 PM (Closed on Sundays)","Library, Guided Tours and Photography"
"Folk Art Museum (Bharatiya Sanskriti Darshan Museum)","Old Umed Nagar, Bhuj - 370001","Gujarat","The Museum contains wonderful exhibits on local traditional culture, including recreated Rabari Bhungas (huts made of mud and mirror work), musical instruments, wood and stone carvings etc.","Ethnographic Museum","1980","https://www.gujarattourism.com","02832 224580","Indian visitors: Rs. 10 per head and Foreign visitors: Rs. 50 per head","10:00 AM - 01:00 PM and 02:30 PM – 05:30 PM (Closed on Wednesdays and Saturdays)","Library, Guided Tours and Photography"
"Saputara Museum","Saputara - 394720","Gujarat","The Saputara Tribal Museum is a location with significant cultural and historical value. The Dang tribe, an indigenous tribe in the region, and their different cultures and ways of lif e are the only focus of the Museum. Due to the abundance of intriguing artefacts and handmade items on show, this parti cular Museum has grown in significance. Native clothing, jewellery, antiques, and dancing costumes with masks are just a few of the artefacts on display here.","Ethnographic Museum","1970","https://www.archaeologymuseum.gujarat.gov.in","8208691060","Foreign visitor: Rs. 50 per head, Student of Schools/Colleges: Rs. 1 per head, For photography: Rs. 100 For video camera: Rs.500","10:30 AM – 05:00 PM (Closed on 2nd & 4th Saturday & all Wednesdays and Government holidays)","Photography"
"Vaacha - Museum of Voice","Adivasi Academy, Village Tejgadh, District Chhota Udepur - 391156","Gujarat","It was given the name ‘Vaacha’ to represent the unheard Adivasi voice. The Rathwa lands border Madhya Pradesh to the East and Rajasthan to the north-west, indicating a thriving cultural diaspora of Adivasi land that stretches from the West to Central India. The Museum speaks of time and space as they are layered in different layers of history","Ethnographic Museum","2000","https://www.adivasiacademy.org","+91 9586032279, bhasharesearch@gmail.com","Adults (Indian nationals): Rs.100 per head, Adults (Foreign nationals): Rs.150 per head, Local visitors and students: Entry free","09:30 AM - 05:30 PM","Photography, Cafe, Souvenir Shop, Library, Workshops, Lectures, Seminars and Guided Tours"
"B.J. Medical College","Department of Pathology and Microbiology, Ahmedabad","Gujarat","The Museum exhibits specimens of Pathology along with description and cultural media, instruments of Clinical Pathology and microphotographs","Medical Museum","1950","https://www.bjmcabd.edu.in","079 22680074","Free","Summers: 08:00 AM - 12:00 PM Winters: 12:00 PM - 05:30 PM (Closed on Sundays, 2nd and 4th Saturdays)","Photography"
"Health Museum","Sayaji Baug, Vadodara","Gujarat","","Medical Museum","1932","","","Free","11:00 AM - 06:00 PM","Guided Tours"
"Padamshrti Reuben David Natural History Museum","Kankaria, Ahmedabad -380 008","Gujarat","The Museum displays natural history objects","Natural History Museum","1974","","079 25467823","Free","09:00 AM to 10:15 PM (Closed on Mondays)","Not Available PERSONALIA MUSEUMS"
"Mahatma Gandhi Museum","Jubilee Chowk, Jawahar Road, Rajkot - 360001","Gujarat","","Personalia Museum","2018","","","","",""
"Gandhi Smarak Sangrahalaya","Harijan Ashram-380027 Ahmedabad","Gujarat","The Museum exhibits manuscripts and photostat copies of Gandhiji’s correspondence, negatives of Gandhi, Kasturba and other ashram associates, books on Gandhianism, and a few relics of Gandhiji","Personalia Museum","1952","","27557277, 27556659, gandhiashram@satyam.net.in","Free","Summers: 08.30 am - 07:00 pm and Winters: 08.30am - 06.30 pm","Library, Photography and Guide Service"
"Gandhi Museum","Gandhi Smriti - 364 001, Bhavnagar","Gujarat","The Museum exhibits houses books, rare photographs, collection of documents and personal relics, audio- visual materials and memorabilia related to Mahatma Gandhi’s life","Personalia Museum","1948","","0278 2424516 7","Rs. 5 per head","09:00AM - 06:00 PM (Closed on Sundays, 2nd, and 4th Saturdays)","Workshops, 3-D Theatres, Science Themed Parks and Cafeterias"
"Sardar Vallabhai Patel Memorial","17, Anand - Sojitra Road, Phase -IV , Karamsad, Anand - 388121","Gujarat","The Museum allows visitors to obtain understanding of Sardar’s persona and his path from a lawyer to assembling the pieces of a unified India. The exhibition will transport visitors through a historical period and space to engage personally with the story of Sardar through historical photographs, paintings, literature, personal belongings and other things. The Museum also houses the Ancestral home of Sardar Vallabhai Patel and aims to inspire the young generation to learn from the life of Iron man of India - Sardar Patel","Personalia Museum","1948","","91 72018 02435, info@sardarpateltrust.org","","10:00 AM - 05:30 PM","Workshops and Programmes and Science Themed Park"
"District Science Centre","Dharampur-396050","Gujarat","The District Science Center in Dharmapuri produces a mobile science show to teach the local populace some fundamental scientific concepts. Additionally, it plans science fi lm screenings and demonstration lectures. In addition, the Museum organises a number of additional events in the area","Science Center","1984","https://www.dscdharampur.org.in","+91-02633 242012, dsc.dharampur@rediffmail.com, dsodscd.val-culture@gov.in","Rs. 15 per head","09:30 AM - 06:00 PM (Open on Saturdays and Sundays)","Vacation Training Programmes and Outreach Programmes"
"Sri M.D. Mehta District Science Centre","Darbar Gadh Dhrol - 361210","Gujarat","It contains a variety of general science based objects","Science Center","1985","https://www.mdmdsc.com","+91 9979241100, mdmdsc1100_dhrol@yahoo.com","Free","10.30 AM - 05.30 PM and Sunday - 08:00 AM - 12:30 PM","Library, Guided Tours, Lectures and Photography allowed by permission"
"Regional Science Centre, Patan","Unnamed Road, Patan - 384265","Gujarat","The Museum is designed with science, technology, and mathematics in mind. The galleries here are also designed with the Patan district’s uniqueness in mind. These include the Land of Dinosaurs Gallery, the Hydroponics Gallery, the Nobel Prize Gallery, the Chemistry Gallery, the Optics Gallery, and the Human Science Gallery","Science Centre","2022","https://www.gujcost.gujarat.gov.in","088496 19034, pd-rsm-patan@gujarat.gov.in","","10:00 AM - 06:00 PM (Closed on Mondays)",""
"Regional Science Centre, Bhuj","Bhujio Dungar, Bhuj - 370020","Gujarat","The Museum displays galleries such as: Space Science Gallery, Marine Navigation Gallery, Energy Science Gallery, Nano Technology Gallery, Bonsai Gallery, Fields Medal Gallery. In addition to galleries, the centre has a submarine simulator, a marine navigation simulator, a 3D theatre, a solar tree, sculpture based on the Fibonacci principle, a nano-tunnel for children, a PSLV rocket model, a bonsai garden, and workshops with cutting-edge technology","Science Centre","2022","","7374164720, 9978436030","Regular Days (Tuesday to Friday) - Rs. 20 per head for regular citizen and Rs. 10 per head (for schools only); Weekends & Public Holidays - Rs. 50 per head for regular citizen and Rs. 20 per head (for schools only); free entry for children below 3 years.","10:00 AM - 08:00 PM (Closed on Mondays)","Conferences, Seminars, School visits, Dance performances, and Artists camps"
"Regional Science Centre, Bhavnagar","Das Nala, Kumbharwada Chokdi, Nari Gam, Bhavnagar - 364004","Gujarat","The Museum will foster scientific temperament, technological awar eness, and the popularisation of Science, Technology, Engineering, and Mathematics (STEM) among students, teachers, and the general public. The Regional Science Centre Bhavnagar was designed with five themed galleries.","Science Centre","2022","https://www.gujcost.gujarat.gov.in","079-23259362, info-gujcost@gujarat.gov.in","Monday to Friday, (Without Public Holiday) for all category (School Group (Minimum Group Size - 10): Rs. 10 per head, General (Above 3 years): Rs. 20 per head, Saturday, Sunday and Public Holiday for all category: Rs. 20 per head, (School Group (Minimum Group Size - 10): General (Above 3 years): Rs. 50 per head","10:00 AM - 08:00 PM (Closed on Mondays)","Library, Guided Tours, lectures, and Photography allowed by permission"
"Regional Science Centre, Rajkot","Ishwariya Main, Manharpura 1, Madhapar","Gujarat","The Regional Science Centre, Rajkot, is preparing to be an innovative hub for science learning and appreciation, engaging, educating, and empowering the next generation of learners in the cutting edge of Science & Technology. The Museum displays galleries such as How Stuff Works Galle ry, Machine Engineering Gallery, Robotics Gallery, Nobel Prize Gallery, Ceramics and Glass Gallery, and Life Science Gallery","Science Centre","2022","https://www.gujcost.gujarat.gov.in","91 2812992025, info-rsm-rjt@gujarat.gov.in","School Group (Minimum Group Size - 10) : Rs. 10 per head, General (Above 3 years): Rs. 20 per head, Saturday, Sunday and Public Holiday for all categories: Rs. 20 per head, School Group (Minimum Group Size - 10): General (Above 3 years): Rs. 50 per head","10:00 AM - 06:00 PM (Closed on Mondays)","Library, Publications, Guided Tours and Photography allowed by permission"
"Haryana Prantiya Puratattva Sangrahalaya","Gurukul, Jhajjar, District Rohtak","Haryana","The Museum showcases different types of coins, inscriptions, copper plates, terracotta sc ulptures, beads, manuscripts, ancient and modern art objects, pottery, molds of coins and seals","Archaeological Museum","1961","","9416055702","Free","Summers: 08:00 AM - 05:00 PM Winters: 09:00 AM 04:00 PM","Guid ed Tours"
"Archaeological Site Museum","Sheikh Chilli’s Tomb- 131188, Thanesar","Haryana","","Archaeological Museum","","","","","","Library"
"Urusvati Art and Habitat Center","Urusvati Art and Habitat Centre, Shikohpur Rd, Sector 78, Gurugram-122004","Haryana","Museum depicts Folklore of India beautifully through paintings, sculptures, musical instruments and handicrafts. It also has an Art Gallery that displays various works of talented artists","Art and Craft Museum","2003","https://www.urusvatiart.com","+ 91 9810605910, urusvatiart@gmail.com","","10:00 AM - 06:00 PM","Wheelchairs, Ramps and Elevators, School Visits, Souvenir Shop, Cafe, Auditorium and Conference Rooms"
"K.C Aryan Home of Folk Art (Museum of Folk and Tribal Art)","Sector-4 Urban Estate Gurgaon- 122 001","Haryana","The museum collections collected by art Historian K.C Aryan on display are Folk, tribal and neglected art from all over India with particular emphasis on Himachal Pradesh, Punjab and Haryana. Museum also displays animal-themed ornaments in addition to the folk and tribal jewellery worn by Himachali and Tribal women. The unique collection in this place also includes stone carvings and clay pottery, Kanthas from Bengal, and large folk paintings from all over India. The 200 Karnataka-sourced Shiva heads and more than 200 Hanuman bronze symbols’ Mukhalingam (phallic coverings) are among the Museum’s main attractions","Multipurpose Museum","1984","https://www.museumoffolkandtribalart.in","0124 2321783, bnaryan@stayam.net.in , lokadivasika106@gmail.com;drsaryan@vsnl.net","Free","Summers: 10:00 AM - 05:30 PM Winters: 10:00 AM - 05:00 PM (Closed on Government Holidays)","Cafeteria"
"Sri Krishna Museum","Kurukshetra Development Board, Piple Pehowa Road-136118 Kurukshetra","Haryana","It features a wide variety of artefacts, such as historical sculptures, paintings, and carvings as well as dioramas, enormous statues, bizarre sounds, and a walk-through maze in six galleries. First gallery houses wooden, ivory and metallic objects. Second gallery comprises archaeological objects. Third gallery comprises miniature paintings and manuscripts. Fourth Gallery comprises beautiful dioramas on the exploits of Krishna. Fifth Gallery houses the murals on Mahabharata theme and sixth Gallery depicts Pattachitra collections of Orissa, Madhubani and other art such as leather puppets, Manipuri raslila mannequins etc.","Multipurpose Museum","1987","https://srikrishnamuseum.com","01744-251288, 91 9896894570 , srikrishnamuseum@gmail.com","Online Ticketing system: Adult- Rs.30 per head, Child: Rs.10per head","10:00 AM - 05:00 PM (Closed on Mondays)","Amph itheatre"
"Panipat Museum","Panipat- 132106","Haryana","The primary purpose of the Panipat Museum was to disseminate knowledge and raise awareness of Haryana’s Archaeology, history, art, and crafts. Antiquities, inscriptions, sculptures, weapons and armour, ceramics, antique, priceless documents, jewellery, and art and craft pieces are displayed here in the Museum","Multipurpose Museum","2000","https://haryanatourism.gov.in","0172 2584563, 09416055702","Free","10:00 AM - 05:00 PM (Closed on Mondays)","Museo Sh op, Book Shop, Workshops, Courses and Talks"
"Deen Bandhu Sir Chhotu Ram Smarak Museum","Garhi Sampla, National Highway-10, Rohtak","Haryana","The Museum was established in the memory of Deen Bandhu Sir Chhotu Ram. Displayed materials are personal belongings of Sir Chhotu Ram.Museum has some photographs giving brief references of his life, families and followers items belonging to legendary farmer leader Chhotu Ram brought from Lahore","Personalia Museum","","https://archaeologyharyana.nic.in","0172-2924495, archaeology@hry.nic.in Admission : Not Available","","",""
"Herita ge Transport Museum","Bilaspur-Tauru Road Off NH 8 (Bilaspur Chowk), Taoru, Gurgaon-122105","Haryana","The Museum depicts the evolution of transportation in India and serves as a model for interpretation, exhibition, and communication. As the first private Museum of its scale in India, it is conceived as a didactic space that engages visitor participation in learning while remaining a family experience","Thematic Museum","2013","https://www.heritagetransportmuseum.org","01123718100, info@heritagetransportMuseum.org","Adult: Rs.400 per head, Children under 12: Rs.200 per head, Students: Rs.200 per head, Free Admission for: Disabled visitors and 1 companion, Children under 3 years","10:00 AM - 07:00 PM (Closed on Mondays)","Library, Photography, and Guided Service"
"Rewari Railway Heritage Museum","Railway Colony, Rewari-123401","Haryana","It is India’s only surviving steam loco shed, housing some of the country’s last surviving steam locomotives, as well as the World’s oldest still-functional 1855-built steam  Locomotive Fairy Queen (locomotive) tourist train","Thematic Museum","1893","","","Free","09:00 AM - 05:00 p.m","Souvenir Shop, Guided Service, Wheelchair, and Photography"
"Dharohar, Haryana Cultural Museum","Kurukshetra University, Thanesar-136119 Haryana","Haryana","The Museum displays the State’s rich historical, cultural, archaeological, and architectural heritage. The Museum has over 23 galleries that showcase the region’s rich heritage through paintings, photographs, artefacts, and manuscripts. It also has an open-air amphitheatre where folk performances are held on a regular basis","Thematic Museum","2013","https://new.kuk.ac.in","98962-43643, 70821-13125, dharohar@kuk.ac.in","Adult: Rs.30 per head , Rs.10 per head for children between the age 5 to 10 years/K.U. Students (Regular), Rs.20 per head for Students on tour with I Card","10:00 AM - 04:30 PM (Closed on Mondays)","Photography and Guided tours"
"Museo Camera Centre for the Photographic Arts","Shri Ganesh Mandir Marg, DLF Phase IV , Gurugram - 122002","Delhi","The permanent display of the Museum was inspired by Aditya Arya’s personal collection, who is a prominent Indian photographer and visual historian as well as the Museum’s founding Director. The Museum houses around 3000 pieces, including antique cameras, equipment, and photographic ephemera. These vintage cameras were acquired from over 100 different countries and are housed in a cutting-edge fa cility that includes a darkroom, big format digital printers, film scanners, and a workshop area","Thematic Museum","2009","https://www.museocamera.org","contact@museocamera.org","General Visitors (Indians): Rs. 200 per head, General Visitors (Non Indians): Rs. 300 per head, Children under the age of 10 years are exempted from entry tickets","11:00 AM to 07:00 PM (Closed on Mondays)","Photography"
"Kangra Fort Museum","Kangra Fort Museum-176001, Kangra","Himachal Pradesh","The Museum has a moderate collection of stone tools of the Prehistoric period, sculptures, coins and paintings of the historical periods. All artefacts are classifie d and arranged in four main sections in different Museum Galleries","Archaeological Museum","2002","https://asi.nic.in","(01882) 261232","Free","10:00 AM - 05:00 PM (Closed on Fridays)","Photography"
"Shri Chandra Mani Kashyap Museum","Bhagwahan Muhalla, Mandi Nagar-175001, Mandi","Himachal Pradesh","The Museum holds a huge collection of carefully preserved coins, stone sculptures, old manuscripts, wooden objects and paintings","Archaeological Museum","1957","","","Free","09:00 AM-06:00 PM",""
"Bhuri Singh Museum, Chamba","176310, District Chamba","Himachal Pradesh","The art objects displayed in the Museum were related to art, craft and cultural history of the Chamba State. Museum possesses more than 8500 antiquities and art objects related to Art, Archaeology, Craft and Cultural Anthropology like; Pahari paintings, wall paintings from Rang Mahal, Chamba rumals, sculptures, bronzes, copper plates, historical letters, wood carvings, arms, ornaments, old photographs, textiles and other articles of antiquity, coins, manuscripts etc.","Arts and Crafts Museum","1908","https://www.bhurisinghmuseumchamba.in","01899222590, info@bhurisinghMuseumchamba.in","Adults: Rs.15 per head, Youth: (19 – 24) Rs.12 per head, Children: Rs.8 per head","10.00 AM - 05.00 p.m and Sunday: 11:00 AM - 05.00 PM (Closed on Mondays)","Photography"
"Museum of Kan gra Art","Kotwali Bazar, Dharamshala -176215 Kangra","Himachal Pradesh","Museum exhibits a good collection of almost 1500 artefacts from a wide timeline which includes paintings from the 17th century, artefacts from the 5th century, and even works of modern artists","Arts and Crafts Museum","1990","https://www.kangraartmuseum.in","1892-224214","Adults: Rs.40. per head","09.00 AM - 05.00 PM (Closed on Mondays)","Cafe, Library, Guided tours, and Photography"
"Norbulingka Institute (Losel Dolls Museum)","Sidhpur-176 057, Dharamshala","Himachal Pradesh","Museum exhibits Thangka paintings, ornately carved woodwork, carpet weaving, textiles, sculpture and other crafts. Museum also displays more than 150 dolls dressed in regional Tibetan costumes.","Arts and Crafts Museum","1990","https://www.norbulingka.org","(01892) 246402, 246405, normail@morbulingka.org","Adults: Rs.40 per head","09:00 AM - 05:30 PM (Closed on Monday)","Library, Guided Service, Photography, and Parking"
"Himalayan Folk Art Museum","Himalayan Folk and Tribal Art, Urusvati, Naggar","Himachal Pradesh","The exhibits include a gallery of Russian folk art, a collection of Regional Folk art, costumes, paintings by Roerich’s Russian admirers, costumes, metal sculptures, enamel, glassware, stone sculptures, textile, wood carving, Horik Paintings, Kumaon Alpana masks, miniature paintings etc.","Arts and Crafts Museum","1996","","098162 11183","Adults: Rs.10 per head and Children: Rs.05 per head","09.00 AM - 05.30 PM (Closed on Mondays)","Library, Guided Service, Photography, and Parking"
"Himalayan Art Museum","Kandi, Khaniyara, Dharamshala-176216","Himachal Pradesh","The Museum intended to show viewers the finest Thangka paintings produced by Buddhi st artists in the twenty-first century and to trace the history of Buddhist art over 2300 years. Museum exhibits 40 masterpiece paintings, sacred materials like mineral pigments, glue, pure gold and silver along with the sacred tools used in the creation of the paintings","Art and Crafts Museum","2020","https://livingbuddhistart.com","9418655401, museumofhimalayanarts@gmail.com","Rs.500 per head","10:00 AM - 07:00 PM","Not Av ailable"
"Regimental Museum","1 GR and 4 GR, 14 GTC, Sebathu, District Solan","Himachal Pradesh","Museum showcases items of historical value belonging to 1GR and 4GR, photographs, captured arms, uniforms, medals, Roll of honours etc.","Army Museum","1980","","01793 25045","Free","10:00 AM - 12:00 PM (Closed on Sundays)","Photography"
"Army Heritage Museum","Annadale Rd, Annadale, Shimla-171003","Himachal Pradesh","Museums represents Indian Army rich traditions of more than 5,000 years old through its collection","Defence Museum","2006","https://indianarmy.nic.in","01793 25045","Free","Summers: 10:00 AM - 02:00 pm and Winters: 03:00 PM - 05:00 PM","Photography"
"Kyelang Museum","Lower keylong village, Keylong- 175132","Himachal Pradesh","The Museum goal is to present the history, religious legacy, and contemporary lifestyle as well as the natural splendour of the Himalayan region by utilising the most recent tools of display and information technology. The museum offers a kaleidoscopic perspective of the nature, life, hist ory, and culture of the entire Himalayan region through a variety of artefacts of material culture and audio-visual mediums","Ethnographic Museum","2008","https://hplahaulspiti.nic.in","","","","Library and Research"
"Regional Museum","Geological Survey of India, Saketi","Himachal Pradesh","The museum exhibits Six life-size fibreglass models of prehistoric animals that lived in the region 1-2.5 million years ago. These animals’ fossilised remains have been discovered in the rocks around Saketi and surrounding regions. Many spectacular fossil examples from this collection have been displayed in the Park’s Museum like: Colossochelys Atlas (extinct giant land turtle), Gavialis Browni (extinct gharial), Sivatherium Giganteum (extinct four-horned giraffe), Paramachairodus (sabre-toothed tiger), Stegodon Ganesa (extinct large-tusked elephant), and Hexaprotodon Sivalensis are among them. (extinct hippopotamus). Other important displays include Fish, Crocodiles, Land Tortoises, Elephants, Hippopotamus, Rhinoceros, Giraffes, Camels, Suids, Horses, Bovids, Rodents, and Primates are also included in the Museum collection","Geological Museum","1974","https://museum.gsi.gov.in","5222336079","Free","10:30 AM - 05:00 PM (Closed on Sundays)","Library, Guided Tours, Film shows, and Photography ART AND CRAFT MUSEUM/GALLERY"
"Shimla Heritage Museum","Chaura Maidan Rd, Shimla-171004","Himachal Pradesh","The Museum is housed in the former United Services Club building (1862), where some 1947 committee sessions convened as part of the efforts to delineate the Indo-Pakistan border. Museum showcases a large number of artefacts that date back to 1862. These exhibits include images of the historic Shimla city as well as old documents that detail the city’s history","Historical Museum","","","","Indian Rs.10 per head and Foreigners Rs.50 per head","10.00 AM – 05.00 PM (Closed on Saturdays and Sundays)","Photography, Videography, Seminars, Workshops, Cafe, Guided Tours, Amphitheatre, and Conference  room"
"Dagshai Central Jail and Museum","Dagshai-173210","Himachal Pradesh","Museum has artefacts from the time when Britain was in control as well as old images of houses that depict the Neighbourhood’s history. The Dagshai History Museum is another facility besides the jail. There are historical records about how the area was during the war and pictures of steam engines, railway tracks, old Dagshai customs","Historical Museum","2011","","","Free","09.30 AM - 12. 30 p.m .and 04:30PM - 06.00pm (Closed on Mondays)","Library and Photography"
"Library of Tibetan Works and Archives","Gangchen Kyishong-176215 Dharamsala","Himachal Pradesh","The Museum exhibits various collections of rare artefacts of Tibetan Culture, which was brought into exile by Tibetan Refugees post 1959 and mainly presented to His Holiness the Dalai Lama","Religious Museum","1974","https://tibetanlibrary.org","9218422467, 9882255047, ltwa1970@gmail.com","Free","09:00 AM - 05:00 PM (Closed on Sundays, second, third, fourth and fifth Saturdays)","Photography"
"Himachal Darshan Photo gallery","Shila Kippar-175124","Himachal Pradesh","Museum put up on display a total of 50,000 photographs and transparencies","Thematic Museums","1997","https://www.himachaldarshanphotogallery.com","(09105)235641, 225125, birbalsharma1956@yahoo.com","Free","Summers: 09:00 AM - 08:00 PM and Winters: 09:30 AM - 07.30 PM","Library and Photography"
"Agriculture Museum","University Rd, Near CSKHPKV Library Building, Holta, Banuri-176062","Himachal Pradesh","Museum exhibits agricultural important and research findings of crops and l atest Agricultural Technologies developed by the University","Thematic Museums","1985","","(01894) 230399","Free","10:00 AM - 05:00 PM (Closed on Sundays)","Photography"
"Bamboo Museum","In CSIR-IHBT, Holta, Banuri-176062","Himachal Pradesh","","Thematic Museum","2011","","","","","Not Available  MULTIPURPOSE MUSEUM"
"Baba Bhalku Rail Museum","Old Bus Stand Rd, Lalpani, Shimla-171001","Himachal Pradesh","The Museum has all of the KLK-SML section’s heritage-worthy relics on exhibit. A large variety of seals and labels used by porters and other railroad employees are on display at the Museum. Moreover, there are brass lamps, lanterns, steam locomotive headlights, and ticket punching machines on display. One of the oldest items in the Museum is a rail liner that was really used on the railway and dates to 1899. The Shivalik Palace is another prominent component of the Museum","Thematic Museums","2011","https://www.livingbuddhistart.com","9418655401","Free","09:30 AM - 04:30 PM (Closed on Mondays)","Guided Tours, Film Shows and Photography"
"Himalayan Art Museum","Kandi, Khaniyara, Dharamshala-176216","Himachal Pradesh","The Museum exhibits dried and preserved fruits, samples of fruits, disease and pest symptoms on plant parts, photographs and charts of temperate fruits and ornamentals","Thematic Museums","2011","","9418655401","Free","09:30 AM - 04:30 PM",""
"Sanskriti Museum and Art Gallery","Dipugarha, Canary Hill Road - 825301, Hazaribagh","Jharkhand","The collection includes stone tools of Palaeolithic to Neolithic age, objects of Bronze and Iron age, pot - teries and Buddhist antiquities along with a newly opened galley of local art and craft Ownership: Private Website: Not Available Social Media : Not Available Contact: 08084211028 Admission: Not Available Timings: 10:00 a.m. - 05:00 p.m. (Closed on Mondays) Facilities: Library and Research 216 Directory of Museums in India ARCHAEOLOGICAL MUSEUM 10.2 Dipugarha, Canary Hill Road - 825301, Hazaribagh State/UT: Jharkhand Year of Establishment: 1991 Theme: Anthropological Museum Overview : The collection includes stone tools of Palaeolithic to Neolithic age, objects of Bronze and Iron age, pot - teries and Buddhist antiquities along with a newly opened galley of local art and craft Ownership: Private Website: Not Available Social Media : Not Available Contact: 08084211028 Admission: Not Available Timings: 10:00 a.m. - 05:00 p.m. (Closed on Mondays) Facilities: Library and Research 216 Directory of Museums in India ARCHAEOLOGICAL MUSEUM 10.2 Jharkhand Year of Establishment: 1991 Theme: Anthropological Museum Overview : The collection includes stone tools of Palaeolithic to Neolithic age, objects of Bronze and Iron age, pot - teries and Buddhist antiquities along with a newly opened galley of local art and craft Ownership: Private Website: Not Available Social Media : Not Available Contact: 08084211028 Admission: Not Available Timings: 10:00 a.m. - 05:00 p.m. (Closed on Mondays) Facilities: Library and Research 216 Directory of Museums in India ARCHAEOLOGICAL MUSEUM 10.2 1991 Theme: Anthropological Museum Overview : The collection includes stone tools of Palaeolithic to Neolithic age, objects of Bronze and Iron age, pot - teries and Buddhist antiquities along with a newly opened galley of local art and craft Ownership: Private Website: Not Available Social Media : Not Available Contact: 08084211028 Admission: Not Available Timings: 10:00 a.m. - 05:00 p.m. (Closed on Mondays) Facilities: Library and Research 216 Directory of Museums in India ARCHAEOLOGICAL MUSEUM 10.2 Anthropological Museum Overview : The collection includes stone tools of Palaeolithic to Neolithic age, objects of Bronze and Iron age, pot - teries and Buddhist antiquities along with a newly opened galley of local art and craft","Anthropological Museum","1991","","8084211028","","10:00 AM - 05:00 PM (Closed on Mondays)","Library, Guided Tours and Photography"
"Zarina Khatoon Museum - Cum - Research Centre","Belal Nagar, Chitarpur - 825101","Jharkhand","The collection of the museum includes archaeological and anthropological objects such as stone tools, potteries, coins, manuscripts, ornaments, musical instruments and ethnographic objects","Archaeological Museum","2004","","91 9934146524","Rs.10 per head","Summers: 09:00 AM - 04:00 PM and Winters: 10:00 AM - 04:00 PM","Photography"
"Audrey House","Kanke Rd, Ranchi University, Morabadi, Ranchi - 834001","Jharkhand","","Art and Craft Museum/Galleries","2016","","979845109","Free","12:00 PM - 08:00 PM (Closed on Mondays)",""
"Gallery Museum","The Punjab Regimental Centre - 829130, Ramgarh Cantt","Jharkhand","Museum houses an excellent display of War trophies, uniforms, guns, colours, fla gs, medals, old books, Tipu Sultan Cash Chest, Japanese Flag captured during World War II in Burma, ceremonial dresses, etc","Defence Museum","1979","https://www.indianarmy.nic.in","06553 222040, 222050, 223060, punjabrc@yahoo.co.in","Free","Summer: 08:00 AM - 12:00 PM and 05:00 PM - 06:00 PM and Winters: 08:00 AM - 12:00 PM and 04:00 PM - 05:00 PM (Closed on Tuesdays)","Library, Photography and Guided Tours"
"The Sikh Regimental Centre","Ramgarh Cantt - 829130","Jharkhand","Museum houses an excellent display of vintage weapons captured by Battalions of Sikh Regiment, his- torical photographs, souvenirs, old uniforms, uniforms of distinguished Soldiers, medals and mementoes","Defence Museum","1976","","06553 222050 -6254","Free","Summers: 07:30 AM - 01:00 PM and Winters: 08:00 AM - 01:30 PM","Library, Photography and Guided Tours"
"The Sikh Regimental Centre","Ramgarh Cantt - 829130","Jharkhand","The collection includes ethnographic objects from Central Indian States, Andaman and Nicobar Islands and Nagaland","Ethnographic Museum","1953","https://www.ruanthropology.in","0651 2541677","Free","11:00 AM - 04:30 PM (Closed on Sundays and all Government Holidays)","Library, Photography and Guided Tours"
"Tribal Research Institute and Museum","Tagore Hill Rd, Tetartoli, Adalhatu, Ranchi - 834008","Jharkhand","The collection includes ethnographic objects from the tribes of Bihar, the models of Asur, Birhor, Pahariya, Birsa Bhagwan and Kartik Oraon, Sidhu Kanhu, musical instruments of the tribes, ornaments of the tribal women etc","Ethnographic Museum","1974","https://www.trijharkhand.com","2551824, tri.directorate@gmail.com","","March - October: 10:00 AM - 05:00 PM November - February: 10:30 AM - 05:00 PM","Library, Photography and Guided Tours"
"Geological Museum","NH 32, Govindpur Rd, IIT, Sardar Patel Nagar, Dhanbad - 826004","Jharkhand","The collection of the Museum includes rare specimens of minerals, rocks, fossils, collection of gemstones etc.","Geological Museum","1926","https://www.iitism.ac.in","0326 2235271","","10:00 AM - 05:00 PM (Closed on Saturdays & Sundays)","Library, Photography and Guided Tours"
"State Museum","Khel Gaon, Hotwar - 835217, Ranchi","Jharkhand","The collection of the museum includes Prehistoric implements, stone sculptures, terracottas, Numismatics, arms and Ethnographic objects of Jharkhand","Multipurpose Museum","1974","","0651 2270011","Free","10:30 AM - 04:30 PM (Closed on Sundays and Government Holiday)","Library, Photography and Guided Tours"
"Jamshedpur Coins Museum","G - 4, 138, Straight Mile Rd, Ambagan, Sakchi - 831001, Jamshedpur","Jharkhand","The collection includes old and rare coins of Gold, Silver, Copper, Iron and stone that belong to the medi - eval and British India","Thematic Museum","","","9204851001","","04:30 AM - 07:30 PM (Closed on Fridays)","Library, Photography and Guided Tours"
"Zonal Anthropological Museum","Anthropological Survey of India, ‘Manav Bhavan’ 93/12 and 94/12, Bogaadi, Mysore - 507026","Karnataka","The Museum displays bamboo and cane baskets, rain hat and raincoat (made out of leaves), wooden toys, mats, wooden seats, wooden manuscripts, membrane musical instruments, tribal dresses and ornaments","Anthropological Museum","1965","","8212510341","Free","10:00 AM - 05:00 PM (Closed on Saturdays and Sundays)","Library, Photography and Guided Tours"
"Indira Gandhi Rashtriya Manav Sangrahalaya (Southern Regional Center of IGRMS)","Southern Region Centre, Government of India, Wellington House, Irwin Rd, Lashkar Mohalla, Mandi Mohalla, Mysore - 570001","Karnataka","There are three categories of exhibitions in IGRMS which depict the entire journey of different communities and their local culture and heritage. The main aim of these exhibitions is to present the cultural diversity of India and highlight the unity underlying this varied heritage","Anthropological Museum","2001","https://igrms.gov.in","8212448231","Free","10:00 AM - 05:30 PM (Closed on Sundays)","Photography and Guided Tours"
"Archaeolog ical Site Museum","Tehsil-Hunagenela, Aihole, Distt. Bagalkot - 587124","Karnataka","The Museum Collection includes sculptures of Early Western Chalukyas of 7th and 8th Century, Hero Stones and a few sculptures from Gummadidarru, Ramireddipalle, Alluru and Lingaraj Palli. The Museum houses 381 antiquities mainly consisting of stone sculptures of Brahmanical, Jaina and Buddhist faith, fragmentary carved architectural members, inscriptions, Hero Stones, Sati Stones, etc. The Museum is divided into six galleries and an open air gallery. Out of 381 antiquities, 145 are displayed in six galleries inside the Museum and open air gallery","Archaeological Museum","1987","https://www.asidharwadcircle.in","8351284551","Rs. 5 per head and free for Children up to 15 years","09:00 AM - 05:00 PM (Closed on Fridays)","Photography and Guided Tours"
"Archaeologi cal Museum","Bijapur - 586104","Karnataka","The Historic building in which the Museum functions is part of Gol Gumbaz complex known as Naqquar Khana (the Trumpet House). The Museum was established in 1892 and became a District Museum in 1912. The collection comprises stone inscriptions in Arabic, Persian, Kannada and Sanskrit languages inscribed in different scripts and written in varied calligraphy. The Museum also houses Brahmanical and Jaina sculptures, hero stones, illustrated and plain manuscripts, coins, Chinese wares, wooden carving, carpets, maps, Sanads and Farmans, miniature paintings, Bidri ware and other household articles, datatable from 6th to 18th century CE","Archaeological Museum","1912","https://www.asidharwadcircle.in","8352250728","Rs. 5 per head and free for Children up to 15 years","09:00 AM - 05:00 PM (Closed on Fridays)","Library, Photography and Guided Tours"
"Archaeological S ite Museum","District Badami, Bagalkot - 587201","Karnataka","The Museum houses 181 antiquities including stone sculptures, Chalukya and Rashtrakuta (550-950 A.D), medieval hero stones and inscriptions etc. There are four galleries in the Museum and it is surrounded by an Open Air Gallery","Archaeological Museum","1982","","08357200057, mus.badami@gmail.com","Rs. 5 per head and free for Children up to 15 years","09:00 AM - 05:00 PM (Closed on Fridays)","Photography"
"Archaeological Museum","Hampi, Kamalapur post, Bellary - 583221","Karnataka","The Museum houses stone sculptures and architectural pieces of Vijayanagar period, gold coins, palm leaf manuscripts and copper plates, paintings, copper coins, miniature, metal objects, crystal, ivory and semi-precious objects","Archaeological Museum","1972","","8394241561","Rs. 5 per head and free entry for Children under 15 years","10:00 AM - 05:00 PM (Closed on Fridays)","Library and Photography"
"Archaeological Museum","Halebid, Hassan - 573121","Karnataka","The Museum houses wooden and stone sculptures, idols, coins, copper inscriptions, palm leaf manuscripts and miniatures","Archaeological Museum","1961","","817223227","Free","10:00 AM - 05:00 PM (Closed on Fridays)","Library and Photography"
"Government Museum","Basavakalyan, Bidar - 585327","Karnataka","The Museum collection displays the Prehistoric to Early historic tools, pottery, beads, coins, paintings, sculptures and inscriptions","Archaeological Museum","1996","https://archaeology.karnataka.gov.in","8481250838","Rs. 5 per head and free for Children up to 15 years","10:00 AM - 05:30 PM (Closed on Fridays)","Library"
"Kannada Research Institute","Karnataka University, Dharwad - 580003","Karnataka","The Museum displays prehistoric antiquities, terracotta, inscriptions, copper plates, sculptures, metal images, wooden figures, paintings, manuscripts, historical records and allied objects.","Archaeological Museum","1939","https://www.kud.ac.in","08362215233, Karuni@bgl.net.in","Free","11:00 AM - 05:30 PM (Closed on Fridays)","Not Available  ART AND CRAFT MUSEUMS/GALLERIES"
"State Archaeological Museum","Basava Mantapa Road, Chickpet, Chitradurga - 57750","Karnataka","The Museum antiquities includes arms, sculptures, portraits, manuscripts, which belonged to the Chitradurga District. The Museum also acquired the articles unearthed during the excavation at Chandravalli and Brahmagiri such as the coins, beads, pottery, ivory, sculptures, iron objects, glass, terracotta, modern sculptures, rare sculptures of Daksha, Brahma, Kala Bhairava etc.","Archaeological Museum","1951","","8194224202","Rs. 5 per head and free for Children up to 15 years","09:00 AM - 05:00 PM (Closed on Fridays)",""
"Government Museum","Maharaja Park, Hassan - 573201","Karnataka","The Museum antiquities includes archaeological objects, sculptures, inscriptions, arms, coins, paintings, bronzes and wood carvings. The Museum has a total collection of 104 coins. It has a rare collection of Sculptures collected from various parts of Hassan District","Archaeological Museum","1974","","08172263067, hassanmuseum.2018@gmail.com","Free","09:00 AM - 05:00 PM (Closed on Fridays)","Photography"
"Kittur Rani Chennamma Memorial Government Museum","Kittur, Belgaum - 591115","Karnataka","The Museum collection consists of archaeological objects, sculptures, inscriptions, arms and armoury, wood carving, folk art objects, modern and contemporary paintings","Archaeological Museum","1967","https://archaeology.karnataka.gov.in","08288286423, govtMuseumkittur1amh@gmail.com","Free","10:00 AM - 05:30 PM (Closed on Fridays)",""
"Government Museum","Fort Madikeri, Kodagu - 571201","Karnataka","The Museum collection consists of stone sculptures, old photographs, old dresses of Coorg Rajas and Britishers, old implements, arms, inscriptions, coins, bronzes, wooden carving, paintings, metal stones and wooden objects","Archaeological Museum","1971","https://archaeology.karnataka.gov.in","08272225674, rekhabaasoor@yahoo.in","Free","10:00 AM - 05:30 PM (Closed on Mondays)","Photography"
"Srimanthi Bai Memorial Government Museum","Bejai, Dakshina Kannad, Mangalore - 575004","Karnataka","This Museum houses archaeological objects such as the wood carvings, porcelain objects, palm-leaf manuscripts, stone sculptures, oil paintings, metal objects, paper manuscripts, photography, paper, paintings and coins","Archaeological Museum","1960","https://archaeology.karnataka.gov.in","08242211106, crtrmangalore@yahoo.com","Free","10:00 AM - 05:00 PM (Closed on Mondays)",""
"Museum of Art and Archaeology, P.G Department of Ancient History and Archaeology","University of Mysore, Manasa Gangotri, Mysore - 5 70006","Karnataka","The Museum houses archaeological specimens, excavated antiquities, sculptures, inscriptions and coins","Archaeological Museum","1972","","08242211106, crtrmangalore@yahoo.com","Free","10:00 AM - 05:30 PM (Closed on Sundays)",""
"Government District Museum","Shivappa Nayaka Palace Complex, Fort Road, Shimoga - 577 201","Karnataka","The Museum houses sculptures, inscriptions, paintings, arms, coins, paper manuscripts, palm leaf manuscripts, wood carvings and copper plates","Archaeological Museum","1982","https://archaeology.karnataka.gov.in","08182221992, thejucdurga@gmail.com","Adults: Rs. 20 per head and Children: Rs. 10 per head","10:00 AM - 05:30 PM (Closed on Sundays)",""
"Rastrakavi Govind Pai Sanshodana Kendra","Mahatma Gandhi Memorial College Museum, Kanjibettu - 576102","Karnataka","The Museum houses stone and wooden sculptures, bronzes, inscriptions, coins, metal, and folk art","Archaeological Museum","1971","","08202521159, 2575789, mgmcollegeudupi@dataone.in","Free","09:00 AM - 05:00 PM (Closed on Saturdays and Sundays)","Photography"
"Keladi Museum and Research Institute","Keladi - 577430","Karnataka","The Museum houses a wide range of stone sculpture to art objects, and extinguishing collections of coins can be seen from the times of Haider Ali, Tipu Sultan, Portuguese and Mysore Wodeyars","Archaeological Museum","1962","https://asiainch.org","","","09:00 AM - 05:30 PM",""
"Shivappa Nayaka Palace Museum","Double Road, Fort Road, Lashkar Mohalla, KR Puram, Shivamogga - 577202","Karnataka","The Museum houses collections from Prehistoric to Early - Historic period","Archaeological Museum","1982","https://archaeology.karnataka.gov.in","thejucdurga@gmail.com","Adults: Rs. 20 per head and Children: Rs. 10 per head","10:00 AM - 05:00 PM","Not Available  DEFENCE MUSEUMS"
"National Gallery of Modern Art","49, GF, Manikyavelu Mansion, Palace Rd, Vasanth Nagar, Bengaluru - 560052","Karnataka","The majority of the collection at NGMA is mainly composed of works of art which illustrates the historical evolution of modern art in India, including paintings, sculptures, graphic prints, and early examples of photography. The exhibition features Indian miniatures, works by Colonial artists, artists from the Bengal School, and Post- Independence artists who gave rise to contemporary modern and postmodern art","Art and Craft Museum","2009","https://ngmaindia.gov.in","8022342338","Rs. 20 per head","11:00 AM - 06:00 PM",""
"Folklore Museum","Manasa Gangothiri, Mysuru - 570006","Karnataka","","Art and Craft Museum","1968","https://www.uni-mysore.ac.in","8022352828","Free","10:00 AM - 05:00 PM","Guided Tours and Photography"
"Jaganmohan Palace Art Gallery and Auditorium","Jagan Mohan Palace Road, Subbarayanakere, Chamrajpura, Mysuru - 570004","Karnataka","The Museum displays paintings by Raja Ravi Varma depicting scenes from prominent Hindu epics such as Mahabharata and Ramayana, donated by former king of Mysuru Jayachamarajendra Wodeyar. The paintings depict war between Tipu Sultan and the British, paintings made on a grain of rice, lady with the lamp by Haldenkar, paintings by Rabindranatha Tagore, musical instruments, sculptures, brass items, coins and currencies from ancient times are on display","Art and Craft Museum","1951","","-8022352737","","08:30 AM - 05:30 PM",""
"Museum of Art and Photography","22, Kasturba Road, Shanthala Nagar, Ashok Nagar, Bengaluru - 560001","Karnataka","The Museum houses a collection of over 18,000 works of art predominantly from South Asia","Art and Craft Museum","2022","https://www.map-india.org","8040535200","Rs. 20 per head, free for Children and Non-Indian Nationals: Rs. 500 per head","10:00 AM - 06:30 PM (Closed on Mondays)","Photography"
"Karnataka Chitrakala Parishath","Art Complex, 1, Kumara Krupa Road, Near The Lalit Hotel, Kumara Park East, Seshadripuram, Bengaluru - 560001","Karnataka","The Museum houses collections ranging from traditional Mysore paintings, leather puppets and sculptures","Art and Craft Museum","1960","https://chitrakalaparishath.org","8022261816","Rs. 50 per head","10:00 AM - 05:30 PM (Closed on Sundays)","Library, Photography and Guided Tours"
"Click Art Museum","Varthur Rd, Whitefield, Palm Meadows, Bengaluru - 560066","Karnataka","The Museum displays big pictures of optical illusions with Idyllic creations","Art and Craft Museum","","https://www.clickartmuseum.com","7625087122","Rs. 150 per head","11:30 AM - 08:00 PM",""
"Peepal Tree Art Gallery","269, 17th Cross Road, Sadashiva Nagar, Armane Nagar, Bengaluru - 560080","Karnataka","The gallery focuses on conceptual art, while also featuring selected works in conventional media such as portraiture and acrylic and oil paintings","Art and Craft Museum","2016","https://www.peepletree.in","9845753937","","Thursday to Friday: 02:00 PM - 06:00 PM, Saturday to Sunday: 11:00 AM - 06:00 PM (Closed on Mondays, Tuesdays, Wednesdays and Public Holidays)","Photography"
"Sublime Galleria","801, Vittal Mallya Road, KG Halli, D’ Souza Layout, Ashok Nagar, Bengaluru - 560001","Karnataka","Sublime Galleria is India’s first sky gallery. The gallery is pe rched on the bridge connecting two tall towers in UB City. The gallery displays photography work, digital art etc.","Art and Craft Museum","","https://sublimegalleria.com","8147376032","","11:00 AM - 08:00 PM (Closed on Wednesdays)","Library, Guided Tours and Photography"
"Crimson Art Gallery","The Hatworks Boulevard, 32, Cunningham Rd, Bengaluru - 560052","Karnataka","The gallery features rotating exhibitions of contemporary and modern Indian paintings and sculptures","Art and Craft Gallery","2004","https://www.crimsonartgallery.com","8065379223","","11:00 AM - 07:30 PM (Closed on Sundays)","Guided Tours"
"Muhua - The Art Gallery","344, 4th Main Road, Sadashiva Nagar, Armane Nagar, Bengaluru - 560080","Karnataka","The Gallery exhibits painting and sculptures by contemporary Indian artists","Art and Craft Museum","2004","https://www.mahuagallery.com","7259037535","","10:00 AM - 07:00 PM","Guided Tours, Photography and Film Shows"
"INS Chapal Warship Museum (K49)","NH 66, Kodibag, Karwar - 58130","Karnataka","","Warship Museum","2005","https://karnatakatourism.org","","","10:00 AM - 06:00 PM","Library, Guided Tours, School programmes and Photography"
"Madras Sappers Museum and Archives","KG Halli, D’ Souza Layout, Ashok Nagar, Bengaluru - 560001","Karnataka","This Museum chronicles the history and achievements of the oldest regiment of the Corps of Engineers of the Indian Army. The Museum has an excellent display of military history records and artefacts of army engineers exhibiting the Madras Sappers’s enduring legacy","Army Museum","1979","","08025566268, msma64@yahoo.in","Free","08:30 AM - 04:00 PM","Library, Publications, Photography and Certificate Course offered in Diploma in Folklore"
"The Maratha LIRC","Belgaum - 590009","Karnataka","The Museum chronicles the history and achievements of the regiment through an excellent display of objects of historical and Military importance, collection from ex-serviceman and a ffiliated battalions of the regiment","Army Museum","","","","Free","08:30 AM - 01:30 PM (Closed on Sundays)","Library and Guided Tours"
"Mahatma Gandhi Museum","Canara High School, Main Campus Dongerkeri, Kodialbail - 575003","Karnataka","The collection of the artefacts includes a wide range of skeletons and painting","Educational Museum","1930","","8242493210","Free","09:30 AM - 02:00 PM (Closed on Sundays)","Library and Photography with permission"
"Shashwati Women’s Museum","NMKRV College for Women Jayanagar, Bangalore - 560041","Karnataka","The collection ranges from articles, art objects, kitchenware, artefacts, books, photographs etc. relating to women","Educational Museum","1982","","26637042, 26340116","Free","10:00 AM - 02:00 PM","Guided Tours, Library and School programmes"
"Hasta Shilpa Heritage Village Museum","Hasta Shilpa Heritage Village Museum, Alevoor - Manipal Road, Near Christ Church, Manipal - 576104","Karnataka","This Museum aims to restore and conserve the nation’s cultural wealth in the form of traditional buildings and objects of art, craft and other artefacts of aesthetic interest","Ethnographic Museum","1991","https://heritagevillagemanipal.org","08202574577, 9845229701, hastashilpatrust@gmail.com","","09:30 AM - 04:30 PM (Closed on Mondays)",""
"Museum and Cultural Hall","Near Radhakrishna temple, Sector 18, Nava Nagar, Bagalkote - 587103","Karnataka","The Museum depicts the cultures and traditions of Bagalkote and the surroundings through objects on display such as sculptures, coins, arms and armoury, textile and dioramas","Ethnographic Museum","","https://www.sutthonabanni.com","9632181006","Rs. 20. per head","10:30 AM - 07:30 PM","Videography, Wheelchair, Library and Cafeteria"
"Manipal Museum of Anatomy & Pathology (MAP)","Manipal Dr, Madhav Nagar, Manipal - 576104","Karnataka","The Museum houses well-preserved specimens of the human body from head to toe, and everything in between. It also displays a section on comparative Anatomy which houses the skeletons of various other animals, and carefully crafted models and charts augment the entire experience. The Museum also has a popular section on life-style related diseases, and their impact on the human body","Medical Museum","1954","https://manipal.edu","8022352828","Adults: Rs. 10 per head and Students: Rs. 5 per head","08:00 AM - 06:00 PM (Closed on Sundays)","Library, Film shows and Lectures"
"NIMHANS Brain Museum","Hosur Main Road, Sattar Layout, Lakkasandra, Laljinagar, Wilson Garden, Bengaluru - 560029","Karnataka","The Museum houses human brain samples, and live Neuroanatomy demonstrations. 32 fresh brain biopsy samples following epilepsy surgery were collected and stored only after taking the tissue for diagnostic works","Medical Museum","2015","https://nimhans.ac.in","8026995786","Free","10:00 AM - 04:30 PM (Closed on Mondays, Fridays, Saturdays and Sundays)","Library"
"Karnataka Government Museum and Venkatappa Art Gallery","Kasturba Road, Ambedkar Veedhi, Sampangi Rama Nagar, Bengaluru - 560001","Karnataka","The Museum has a wide-ranging, rich collection, beautiful displays of ancient coins and artwork can be found here. Numerous artefacts from the Indus Valley, Mohenjodaro, Halebid, and Vijayanagar civilizations have also been preserved here. You will find artefacts here that date back over 5000 years. The Museum displays inscriptions, icons, paintings, South Indian jewellery, gorgeous stones, coins, miniature paintings, sculptures, textiles, and other objects","Multipurpose Museum","1865","https://bangaloretourism.in","8022864483","Rs. 20 per head","10:00 AM - 05:00 PM (Closed on Mondays)",""
"Aloyseum - St. Aloysius College Museum","St. Aloysius College Rd, Hampankatta, Mangaluru - 575003","Karnataka","The Museum houses eight exhibit halls where the inaugural exhibit features oddities including a Neolithic stone axe, fragments of the Berlin Wall, items from the Holy Land, a piece of polar rock, etc. The other, smaller display cases contain brass and bronze objects, a variety of lamps, African artefacts, vintage porcelain vases and plates, shells, and a wide assortment of cameras, ranging from early, primitive models to contemporary computerised ones, and rare stamps, financial notes from many nations, mineral specimens, and fossils are also dis played","Multipurpose Museum","1905","https://staloysius.edu.in","aloyseum@gmail.com","Adults: Rs. 10 per head and Children: Rs. 5 per head","09:00 AM - 05:00 PM",""
"Janapada Loka","Bangalore - Mysore Highway, State Highway 17, Ramanagar District, Doddamannugudde Forest - 562159","Karnataka","The Janapada Loka main campus is artistically embellished with tribal art designs and symbols that honour the folklore of the lovely state of Karnataka. The Loka Mahal, a two-story structure near to the main campus, is where dolls of statues of folk dancers who customarily perform Karnataka’s many folk dance genres are on display. There is also a large selection of Chau Masks, which are utilised in the characteristic tribal dance of Eastern India","Multipurpose Museum","1994","https://karnatakatourism.org","8023605033","Adults: Rs.10 per head and Children: Rs.5 per head","09:00 AM - 05:30 PM (Closed on Tuesdays and National Holidays)","Photography  SCIENCE MUSEUMS/CENTRES"
"Shrimat Parijnanashram Vastu Sangrahalaya","Shirali - 581354","Karnataka","The Museum houses collections such as bronze, stone sculptures, inscriptions and copperplate grants, coins, handicrafts, paintings and drawings","Multipurpose Museum","1973","https://chitrapurmath.ne","","Free","10:30 AM - 05:30 PM",""
"Karnataka Lok, Kannada University","Vidyaranya, Hospet, Hampi - 583276","Karnataka","","Multipurpose Museum","1996","https://kannadauniversity.org","8394241337","Free","Summers: 08:00 AM - 02:00 PM, Winters: 10:00 AM - 05:00 PM",""
"KSSRDI Silk Museum","Thalaghattapura, Kanakapura Rd, near NICE Ring Road, junction, Bengaluru - 560109","Karnataka","The Museum displays educational and scientific information, silk textiles and sericul ture exhibits","Multipurpose Museum","1986","https://kssrdi.karnataka.gov.in","8028435223","Free","09:30 AM - 05:00 PM (Closed on Sundays)",""
"Manjusha Museum","Dharmasthala - 574216","Karnataka","The Museum displays vast collections of jewellery, paintings, sculptures, cars, precious stones and other artefacts","Multipurpose Museum","1989","https://www.shridharmasthala.org","8256266666","Rs. 5 per head","09:00 AM - 05:30 PM","Library, 3D Theater, Computer hall and Photography THEMATIC/SPECIALISED MUSEUMS"
"Regional Museum of Natural History, Mysore","T.N. Pura Road, Siddhartha Nagar, Mysore - 570011","Karnataka","The Museum was built to create awareness among the public through exhibitions in galleries and various educational activities about nature, environment wildlife, and its conservation. The Museum has two galleries: Biological Diversity and Life Through the Ages. The discovery center at the Museum provides opportunities for visitors, especially children, to handle, examine and study specimens, and participate in creative activities such as painting, modelling and preparing animal masks and costumes","Natural History Museum","1995","https://nmnh.nic.in","8212447046","Free","10:00 AM - 06:00 PM (Closed on Mondays)","Guided Tours and Library"
"Karnataka Gandhi Smarak Nidhi","Gandhi Bhavan, Kumara Park East, Seshadripuram, Bengaluru - 560001","Karnataka","The Museum displays the picture gallery within memory and message of Gandhiji to the coming generation","Personalia Museum","1956","https://www.gandhismaraknidhicentral.org","08022373256, gandhibhavanbanglore@gmail.com","Free","10:00 AM - 05:00 PM (Closed on Sundays)","Photography"
"Tipu S ultan Museum, Srirangapatna","Srirangapatna - 571438","Karnataka","The Museum houses antiques used by Tipu Sultan and his family and is located in Tipu Sultan’s Summer Palace. The objects on display here include crowns, silver utensils, weaponry, and clothing worn by Tipu Sultan and Hyder Ali. The Museum has a number of paintings depicting significant figures and historical events, including a 200-year-old oil painting showing the storming of Srirangapatna","Personalia Museum","1959","https://karnatakatourism.org","08236252023, asisptmuseum@gmail.com","Rs. 5 per head","08:30 AM - 05:30 PM","Photography and Audio - Visual Experience"
"Mallikarjun Mansur Memorial Museum","Narayanpura, Dharwad - 580008","Karnataka","The Museum is set-up in the personal residence of Mallikarjun, where his personal objects and musical instruments are displayed","Personalia Museum","1998","","","","","Photography"
"R K Narayan’s House","16/2, 3rd Main Rd, Medar Block, Tilak Nagar, Mysuru - 570012","Karnataka","The house of R.K. Narayan is converted into a Museum which houses his personal memorabilia.","Personalia Museum","","","","Free","10:00 AM - 05:00 PM (Closed on Tuesdays)","Photography"
"Kempegowda Museum","Field Marshal Cariappa Road, Shanthala Nagar, Ashok Nagar, Bengaluru - 560001","Karnataka","The Museum is dedicated to the founder of Bangalore, Kempegowda. An interesting feature of the Museum is its glassed floor, which has a print of an 18th century map running all through it. The display throws light on the Yelahanka clan, their commerce, water systems, and religious paraphernalia, and the foundation of the city of Bangalore. There are old pictures of forts, temples, and other buildings that Kempegowda built during his reign","Personalia Museum","2011","","8022211782","Free","10:00 AM - 05:00 PM (Closed on Saturdays and Sundays)",""
"Visvesvaraya Industrial & Technical Museum","5216, Kasturba Road, Near Chinnaswamy Stadium, Ambedkar Veedhi, Bengaluru - 560001","Karnataka","The Museum houses working models of scientific and technological industrial artefacts. The Museum works for the development in Science and Technology and their application of human welfare","Science Museum","1965","https://www.vismuseum.gov.in","8022866200","Rs. 85 per head","09:00 AM - 06:00 PM",""
"District Science Center","Municipal Garden, Tank Bund Road, Halbarga, Bramhapur, Kalaburagi - 585101","Karnataka","The Museum displays the exhibits related to Science and Technology","Science Museum","1984","https://districtsciencecentrekalaburagi","8472220608","Adults: Rs. 2 per head and Students: Rs. 1 per head","10:30 AM - 06:00 PM",""
"Dharwad Regional Science Center","Pavate Nagar, Karnataka University Campus, Dharwad - 580003","Karnataka","The Museum houses exhibits related to Science and Technology","Science Museum","","https://www.dharwadsciencecentre.org","8362215482","Adults: Rs. 30 per head and Students: Rs.10 per head","10:00 AM - 05:30 PM",""
"Pilikula Regional Science Center","Pilikula, Mudushedde – Post, Mangaluru - 575028","Karnataka","The Museum houses 3 exhibition galleries, a temporary exhibition hall, an infl atable dome planetarium, science demonstration area and an activity area","Science Museum","2014","https://pilikularsc.com","8242263565","Adults: Rs. 30 per head and Students: Rs. 20 per head","10:00 AM - 05:30 PM",""
"HAL Heritage and Aerospace Museum","Police Station, HAL Old Airport Road, Marathahalli, Bengaluru - 560037","Karnataka","The Museum has photos of officers from 1940 - 2010.","Thematic Museum","2001","","8022318341","Adults: Rs. 25 per head and Children: Rs. 15 per head","09:00 AM - 05:00 PM",""
"Railway Museum Mysore","KRS Road, Opposite CFTRI, Medar Block, Yadavagiri, Mysuru - 570005","Karnataka","The Museum exhibits outdoor objects such as vintage locomotives. It displays photos and paintings gallery that shows how India’s railways have grown. Additionally, the Museum has a battery-operated children’s mini train that provides a brief excursion through the Museum’s grounds","Thematic Museum","1979","https://mysururailmuseum.com","8212866955","Adults: Rs. 20 per head and Children: Rs.10 per head","09:30 AM - 05:30 PM",""
"Indian Music Experience Museum","Brigade Millennium Rd, JP Nagar 7th Phase, Bengaluru - 560078","Karnataka","The Museum displays varieties of musical instruments and artefact s which shows different styles of music going from customary to society, pop, Bollywood and contemporary. Through computerised audio-visual touch screens, one can explore stories about various songs and music from every genre in very artistic and tasteful galleries","Specialized Museum","2019","https://indianmusicexperience.org","9686602366","Weekdays - Adults: Rs. 150 per head, Student & Senior citizen: Rs.100 per head, Weekends - Adults: Rs. 250 per head, Student & Senior citizen: Rs. 150 per head","10:00 AM - 06:00 PM and Saturday - Sunday: 11:00 AM - 07:00 PM (Closed on Mondays)",""
"Railway Museum Hubballi","8, National Highway 63, Hubli - Gadag Road, Railway Colony, Hubballi - 580020","Karnataka","The exhibition hall targets safeguarding and depicting the great legacy of different parts of Rail lines and the showing the progressive development of cutting edge frameworks in all circles of Rail route working. The artefacts at Hubballi Museum are broadly divided into three sections: the outdoor section, the two cottages named Malaprabha and Ghataprabha, and the outdoor section","Thematic Museum","2020","https://railway-museum-hubballi.business.site","8362346911","Rs. 20 per head for Adults and Rs. 10 per head for Children","12:00 PM - 07:00 PM (Closed on Mondays)","Café, Photography and Guided Tours"
"Melody World Wax Museum","1, Vihara Marga, Kurubara Halli, Siddhartha Layout, Mysuru - 570011","Karnataka","This musical theme Museum houses the largest collection of musical instruments in India. All the statues exhibited are life-size in wax, draped in traditional native clothes. The Museum in which the objects exhibited are in a Heritage building over 100 years old","Thematic Museum","2010","https://www.melodyworld.in","8217624257","Rs. 30 per head","09:30 AM - 07:30 PM","Photography"
"Corporation Bank Heritage Museum (Coin Museum)","Corporation Bank Road, Thenkpete, Maruthi Veethika, Udupi - 576101","Karnataka","The Museum has an extensive collection of coins belonging to various dynasties dating back to 400 BC. also shows History of Banking since 1906","Specialized Museums","","","7947428388","Free","10:00 AM - 05:00 PM (Closed on Sundays)",""
"Guinness World Record Sea Shell Art Museum","Chamundi Hill Road, JC Layout, Mysuru - 570010","Karnataka","The Museum houses art forms made out of Recycled waste, old handicrafts, broom stick ship, oil colour painting, watercolour painting etc. are there at Museum in both Mysore style and Tanjavoor style are housed in the Museum. The Museum houses 22 feet Lord Ganesha sculpture, 14 feet height Shiva Mandir, 9.5 ft Taj Mahal and also many other types of sea shell art along with Idols like Lord Mahalakshmi, Saraswathi, Ganapathi, Yediyur Siddhalingeshwara, Hanuman in Ravan’s Darbar, Kalinga Mardhana, Buddha under Bodhi tree, Dashavathara and other art pieces","Specialized Museum","2017","","","Adults: Rs. 50 per head for and Children: Rs. 25 per head","08:00 AM - 05:00 PM","Guided Tours"
"Sand Museum Mysore","Chamundi Hill Road, KC Layout, Mysuru - 570010","Karnataka","The collection is solely devoted to sand art, housing several intricate sculptures","Specialized Museum","2015","","9448273890","Rs. 40 per head Adults and Rs. 20 per head children","08:30 AM - 06:30 PM",""
"Sun Ray Solar Museum","59/1, 7th Cross Road, Vijay Nagar, kori, Vidya Nagar, Hubballi - 580032","Karnataka","The first ever Museum on Solar Energy, the Museum features unassuming, c ompact equipment and items that run on solar energy","Specialized Museum","2006","https://www.sunraysolaruseum.com","09844201703, sunraysolarcompany@gmail.com","Rs. 35 per head","10:00 AM - 05:30 PM (Closed on Sundays)","Library and Photography"
"Philatelic Museum","Shanthala Nagar, Ashok Nagar, Bengaluru - 560001","Karnataka","The Museum houses a variety of stamps from different countries, of diffe rent shapes and sizes from different periods","Specialized Museum","","","","Free","10:00 AM - 04:00 PM (Closed on Saturdays and Sundays)","Photography  ARCHIVES AND LIBRARIES"
"Chamundeshwari Celebrity Wax Museum","Gateway, near Chamundi Hill, J.C. Nagar, Thavarekatte - 570010","Karnataka","The Museum houses wax statues of famous people of India","Thematic Museum","2018","https://celebritywaxmuseum.in","8390184236","Rs. 60 per head","09:00 AM - 09:00 PM","Photography (on payment), Library, Conservation, Temporary Exhibition, and Microfilm  copies of records  are available for reference"
"The Vintage Car Museum","Mubarak Estate Nellihudikeri, Dist, Siddapura - 571253","Karnataka","The Museum houses a variety of vintage cars from 1925 model, the collection resulted from the hobby of the founder, so far the Museum has 86 of vintage cars and over 15 vintage petrol jeeps, 20 old two-wheelers, a 125-year-old bicycle and a 200-year-old bullock cart","Thematic Museum","2014","","9449390844","Rs. 100 per head","09:00 AM - 05:00 PM","Photography (on payment), Library, Conservation, Temporary Exhibition, and Microfilm  copies of records  are available for reference ART AND CRAFT MUSEUMS/GALLERIES"
"Short Wave Radio Museum","No 5A, 6th Main Road, Opposite to Banashankari Temple, IInd Stage, KHB Colony, Basaveshwar Nagar, Bengaluru - 560079","Karnataka","The Museum houses 180+ sets of unique vintage radios from all over the world","Specialized Museum","2021","https://shortwaveradiomuseum.com","9845043014","Free","10:30 AM - 07:30 PM",""
"Archaeological Museum, Kollengode","Kollengode Palace, Chembukavu, Thrissur, Kerala, India, Co Operative Rd, Chembukkav, Thrissur - 680005","Kerala","The Museum collection includes; antiquities belonging to pre-historic and proto-historic period and historic period ranging from 9th century B.C.E to 9th century C.E; an archaeological park is arranged with objects belonging to Megalithic Age; A collection of bronze sculptures- Vettakkorumakan, Vishnumaya, Dwarapalaka; Stone sculptures of Buddha, Jain Thirthankara, Mahavishnu, Ganapathi, Sastha; Separate Gallery exhibits utensils used by the King of Kochi at Delhi; The Museum also houses Arms gallery, Numismatic gallery and history of Kochi gallery; The rooms used by Rama Varma Sakthan Thampuran is on display; Royal horse wagon is displayed in the main building; Epigraphy section, an Archaeological park is arranged - Original Memhirs, Kudakkallu, Urn Burial, Capstone and artificial cave displayed; the heritage garden housed tombs of Samutiri, Rama Varm a Sakthan Thampuran.","Art and Archaeological Museum","1938","https://archaeology.kerala.gov.in","91 471 230 4286","Adults: Rs. 25 per head","10:00 AM - 05:00 PM (Closed on Mondays and National Holidays)",""
"Pazhassiraja Archaeological Museum","Kendriya Vidyalaya, East Hill, Kozhikode - 673005","Kerala","The Museum’s collection includes coins, temple models, burial urns, and umbrella stones (tombstones of rulers). The Museum also houses a collection of British soldiers’ w ar weapons as well as official British and French soldier caps. Exhibits from the Megalithic age and the Indus Valley civilization can be found at the Museum. Ancient pottery, toys, stone and other metal sculptures are among the exhibits. The special collections of the Museum include the Panchaloha idols and stone statues described as ‘War heroes’","Archaeological Museum","1976","https://www.keralatourism.org","0484-2384382","Adults and Children: Rs.10 per head","09:00 AM - 04:30 PM (Closed on Mondays)",""
"Arakkal Museum","Ayikkara Government Hospital Road Ayikkara, near District Hospital, Kannur - 670013","Kerala","The Museum displays Royal family artefacts and heirlooms such as the family seal, pathayam (the wooden box in which grain was stored), document box, and so on. There are also royal copies of the Holy Quran, an antique telephone, swords and daggers used by the rulers, and a telescope on display. Aside from these, there are exhibits relating to the Arakkal rulers’ relationship with European colonial powers, as well as those relating to their maritime activities and spice trade monopoly","Archaeological Museum","2005","https://www.keralatourism.org","0497-2734479","Rs.10 per head","10:00 AM - 05:00 PM (Closed on Mondays)",""
"Swarnamoney Antique Museum","Charitable Society, Kalapurackal, Eraviperoor P.O. Thiruvalla, Pathanamthitta - 689542","Kerala","The Museum houses a wide range of old coins, currencies, Thaliyola Grandham, Agri-home instruments, weapons and religious symbols.","Archaeological Museum","","","0484-2666781, 09446708861","Rs. 5 per head","10:00 AM- 04:00 PM (Closed on Tuesdays)","Parking"
"Krishnapuram Palace Museum, Kayamkulam","Oachira Rd, near Krishnapuram, Kayamkulam - 690533","Kerala","This Museum also houses the antiquities unearthed by the Department of Archaeology and the exhibits brought in from the other regions. There are auspicious exhibits there, including bronze statues and glassware that were gathered from Annamalanatharu Temple in Thodupuzha, Idukki district. Images made of bronze and wood, pottery excavated from different sites, traditional weighing gear, stone sculptures, swords, coins etc. exhibited there are notable","Archaeological Museum","1960","https://www.archaeology.kerala.gov.in","4792441133","Free","09:00 AM - 04:30 PM (Closed on Mondays)","Not Available  DEFENCE MUSEUMS"
"Archaeological Site Museum, Mattancherry Palace","Mattancherry, Kochi - 682002","Kerala","","Archaeological Museum","1986","https://www.keralatourism.org","4846068716","Rs. 5 per head and free entry for children below 15 years","10:00 AM - 05:00 PM (Closed on Fridays)","Café, Photography and Guided Tours"
"Heritage Museum Ambalavayal","Ambalavayal - 673593","Kerala","Ambalavayal Heritage Museum houses a rich collection of artefacts which stand in testimony of the fact that there had been an advanced civilisation which existed in the mountains of Wayanad. This Heritage Museum is one of the largest and best Archaeological Museums in the state. Exhibits in the Museum include many stone weapons, stone carvings, 14th to 16th century sculptures, potteries of the Megalithic Age, hunting equipment, clay sculptures and other interesting artefacts. Idols made of hard and soft rocks, which were believed to be worshipped by the ancient people too can be seen in the Museum.","Archaeological Museum","","https://www.keralatourism.org","","Adults: Rs. 30 per head and Children: Rs. 10 per head","10:00 AM - 05:00 PM","Wheelchair, Café, Photography, Souvenir shop and Guided Tours"
"Regional Archives Ernakulum","Park Ave Rd, Marine Drive, Kochi - 682011","Kerala","Records of the erstwhile Cochin State (A.D. 1567-1949). These include Both Cadjan and Paper records. Permission to refer to the archival materials is granted to scholars for a period of six months","Archival Museum","","https://www.keralastatearchives.org","4842369686","Rs. 460 per head (Should take prior 6-month permission)","10:00 AM - 04:30 PM","Guided Tours, School Programme and Film Shows"
"Regional Archives Kozhikode","Civil Station, Eranhippalam, Kozhikode - 673020","Kerala","Records of the erstwhile Malabar District of the Madras Province 1805- 1956) are available in the Regional Archives. The regional archives at Kozhikode showcase valuable materials on the Malabar region which was part of the Madras Residency. The important documents kept here are: RDD files of the Malabar District Collector, Inam Register, Fort St. George Gazette, Gazette of India, Malabar District Gazette, palm leaf materials, Report on Administration, Publications on Agriculture, Census, Moral Codes, Fishing, and Survey Maps etc.","Archival Museums","","https://www.keralastatearchives.org","4952373701","Rs. 460 per head (Should take prior 6 month permission)","10:00 AM - 04:30 PM","Library, Interactive Shows and Photography (allowed with fees)"
"Kadhakali Museum, Kottarakara","Ganapathy, Temple Road, Kottarakkara - 691506","Kerala","Kottarakkara Thampuran Memorial Museum of Classical Arts dedicated to the creator of Kathakali (the classical dance drama of Kerala) Kottarakkara Thampuran is a Museum established for the promotion of classical arts. . The Museum exhibits life size figures of Kathakali and Mohiniya ttam characters in their original costumes; Hastha mudras (hand gestures) used in Kathakali and Mohiniyattam and the books, ornaments, costumes used by great masters in this field","Arts and Crafts Museum","1983","https://www.keralatourism.org","","Free","09:00 AM - 05:00 PM","Parking, cafe, Photography and Guided Tours"
"Art Gallery and Krishna Menon Museum","Kendriya Vidyalaya Road, Near Kendriya Vidyalaya, East Hill, Kozhikode - 673005","Kerala","The Museum houses collections of acclaimed artists like Raja Ravi Varma and Raja Raja Varma, a special wing of the Museum is dedicated to K.K Krishna Menon a National leader from the state who became the Defence Minister of India","Art Gallery","1975","https://www.museumandzoo.kerala.gov.in","2381253","Free","10:00 AM - 05:00 PM (Closed on Mondays)","Photography and Guided Tours  EDUCATIONAL MUSEUMS"
"Koyikkal Palace and Museum","Sathram Junction, Pazhavadi, Nedumangad - 695541","Kerala","The Museum houses collections such as Folklore and Numismatic Museum exhibits traditional and Occupational instruments, folk costumes, life size models, music instruments, Numismatics Museum exhibits gold coins, Travancore coins, Cochin coins, Kozhikode coins, old mint etc.","Arts and Craft Museum","1992","https://www.keralaculture.org","","Adults: Rs. 20 per head and Children: Rs. 5 per head","09:00 AM - 05:00 PM",""
"Shree Moolam Shastyabdapurti Memorial Institute","P.B No.171, Puthenchantai, Thiruvananthapuram - 695001","Kerala","The Museum houses a collection of Kerala art and crafts","Arts and Crafts Museum","1917","","(0471) 2330298","Free","09:00 AM - 08:00 PM (Closed on Sundays and Goverment Holidays)","Not Available  ETHNOGRAPHIC MUSEUM"
"Durbar Hall Art Gallery","Durbar Hall Road, Opposite TDM Hall, Ernakulam South, Ernakulam - 682011","Kerala","The Gallery houses various contemporary and traditional artworks and paintings","Art Gallery","","https://kochimuzirisbiennale.org","4842367748","Free","10:00 AM - 07:00 PM (Closed on Mondays)",""
"Gallery OED","5/600, Bazaar Road, Mattancherry, Kochi - 682002","Kerala","The Gallery exhibits contemporary paintings of both Local and International Artists","Art Gallery","","https://www.galleryoed.com","09447108011, email@galleryoed.com","","11:00 AM - 07:00 PM",""
"Sardar Vallabhbhai Patel Police Museum","Karbala, Kollam - 691001","Kerala","Sardar Vallabhbhai Patel Police Museum is a Museum that traces the history and growth of the police force in India In addition to arms and ammunition of the 18th and 19th centuries, including bullets, guns, machines, and a diversity of other weapons, the Museum houses information charts on DNA t ests, human bones, fingerprints, snapshots of police dogs and a variety of medals awarded to policemen of different ranks.A concrete statue of Vallabhbhai Patel, weighing 1.1 tons and sculpted by Police Constable Mr. Santosh, was unveiled in January 2005 Ownership : State Government","Police Museum","2000","","4742742400","","09:00 AM - 06:00 PM (Closed on Sundays)",""
"International Tourism Police Station and Police Museum","AB Selam Rd, Jews St, Jew Town, Kappalandimukku, Mattancherry, Kochi - 682002","Kerala","The Police Museum in the campus is a great way to learn about the history, evolution and services of the Kerala Police. It exhibits police uniforms, combat weapons, armoury, badges and ranks, etc., with suitable description and display boards. All these are arranged in a chronological order, right from the colonial period to the present day. There is a separate section which details the type of injuries inflicted by various we apons.","Police Museum","2010","https://www.keralatourism.org","9497932659","Free","09:30 AM - 06:30 PM","Not Available  MULTIPURPOSE MUSEUMS"
"Southern Naval Command Maritime Museum","Naval Base, Kochi - 682004","Kerala","The Museum displays a collection of Weapons used by the Navy, models of ship, history of seaways and harbors in Kerala, has Indian Navy uniforms, badges, ranks etc.","Navy Museum","1989","","0484 2662902, otcnats@vsnl.md2.in","","09:30 AM - 06:00 PM and on Sunday, 10:00 AM - 01:00 PM (Closed on Mondays)","Café, Photography, and Guided Tours"
"Indian Naval Maritime Museum","K.J. Herschel Rd, Veli, Kochi - 682001","Kerala","The Museum displays warship models, artillery, and uniforms are all on display, as are paintings, artefacts, a library, murals, write-ups, and vintage machinery","Maritime Museum","2001","https://www.keralatourism.org","0484 2214103, itodrona@gmail.com","Adults: Rs. 25 per head and Children: Rs. 15 per head","10:00 AM - 05:30 PM (Closed on Mondays)","Library and Photography"
"Cochin Port Maritime Heritage Museum","Near Sishu Vihar Nursery School, North End, Willingdon Island, Kochi - 682009","Kerala","The Cochin Port Trust Maritime Heritage Museum exhibits devices related to sea voyage and navigation that were used at various times in history, as well as a rare collection of photographs documenting the evolution of Kochi (then Cochin) as a port city since colonial interventions.","Maritime Heritage Museum","2014","https://www.cochin port.gov.in,","4842582199","Rs.10 per head","02:00 PM - 07:00 PM (National Holidays same timings)","Cafe, Library, and Guided Tours"
"Air Force Museum","Ulloor - Akkulam Road, Akkulam, Thiruvananthapuram - 695011","Kerala","The Museum architecture has been in the shape of an aircraft. The Museum also houses a Flight Simulator which will give visitors a realistic piloting experience","Air Force Museum","2021","","","Free","10:00 am - 06:30 pm","Cafe, Guided Tours, Film shows and Library"
"Art & Mind International Mural Gallery and Study Center","Thattukadavu - Kottichirappadam Rd, Cheriya Pallam Thuruth, North Paravur - 683512","Kerala","“Art & Mind International Mural gallery and study centre aims to promote, propagate, and popularise art and cultural activities especially Kerala traditional Mural painting. This i s Kerala’s first ever residential art gallery","Art Gallery/Educational Museum","2000","https://www.artandmindinternational.com/","09496576876, artandmindinternational@gmail.com","","","Library, Guided Tours, Light and Sound Shows"
"Chacha Nehru Children’s Museum","Kerala State Council Of Children Welfare, Thycaud, P.O Thiruvananthapuram - 695014","Kerala","Dolls and toys","Children’s Museum","1981","","","","","Library, School Programmes and Photography"
"KIRTADS Ethnological Museum","Golf Link Road Chevayur, Vrindavan Colony, Kozhikode - 673017","Kerala","The Museum houses a large collection of artefacts, costumes, jewellery, household utensils, nets and traps, wood carvings, agricultural tools, musical instruments, and ceremonial paraphernalia of all the Tribal communities in Kerala. There are also displays of the various cultural features and backgrounds of each and every Tribe living in Kerala. Besides, there are the costumes of various performing arts and handicrafts made by the members of Schedules communities. Research and development work done by the government for the development of indigenous groups is also well documented","Ethnographic Museum","1973","https://www.kirtads.kerala.gov.in","4952357329","","10:15 AM - 05:15 PM (Closed on 2nd Saturdays)","Not Available  NATURAL HISTORY MUSEUM"
"Indo-Portuguese Museum","Bishop Kureethara Rd, Fort Kochi, Kochi - 682001","Kerala","The Museum is divided into five main sections - Altar, Treasure, Proc ession, Civil Life and Cathedral. One can see a piece of the altar made in teak wood (16th century) from the Church of Our Lady of Hope, Vypeen, a chasuble (19th century) from Bishop’s House, Fort Kochi, Processional cross, which is a combination of silver and wood (17th century) from Santa Cruz Cathedral, Fort Kochi, Indo-Portuguese Monstrance (18-19th century), from The Church of Our Lady of Hope, Vypeen. The Calouste Gulbenkian Foundation contributed sculptures, precious metal objects, and vestments, among others from the Cathedral of Santa Cruz and other churches of the Kochi diocese","History Museum","1910","https://www.keralatourism.org","","Adults: Rs. 40 per head and Children: Rs. 25 per head","09:00 AM - 06:00 PM (Closed on Mondays)","Café, Photography, Souvenir Shop and Guided Tours"
"Sree Uthradam Thrirunal Marthanda Varma Chithralayam","TC 37/946, S Street Road, Fort, East Fort, Pazhavangadi, Thiruvananthapuram - 695023","Kerala","The history and ancestry of the Maharajas of Travancore are displayed in the Palace Museum. Through the images displayed in the Museum, the evolution of Travancore as a state is depicted. Paintings and photographs depict the rulers’ life, from their formative years to the times of their coronations, marriages, and reigns. The Museum now includes images of discussions and visits from British officials while the country was under British sovereignty","History Museum","","https://www.keralatourism.org","9.15E+11","Adults: Rs. 20 per head and Children: Rs. 10 per head","09:00 AM - 05:00 PM",""
"Paliyam Nalukettu Museum","Chendamangalam, North Paravur, Kochi - 683512","Kerala","The main exhibits here include seasonal display in the hall, kitchen, vessels gallery and an exclusive collection of lamps","History Museum","","https://muzirisheritage.org/kerala-history-museum.php","4802807717","Adults: Rs. 50 per head and Children: Rs.20 per head","10:00 AM - 05:00 PM",""
"Hill Palace Museum","Hill palace Rd, Irumpanam, Thrippunithura, Ernakulam - 682301","Kerala","The Museum collection includes; 14 categories of exhibits including Crowns and ornaments of Cochin royal family, Paintings, stone and marble sculptures, weapons, inscriptions, and coins. The Cochin royal family contributed the majority of the Museum’s attractions, along with some exhibits from the Paliam Devaswom and the Department of Archaeology. The Museum’s collection includes a gold crown set with precious stones, as well as numerous valuable coins, ornaments, majestic beds, and epigraphic samples","Multipurpose Museum","1865","https://www.keralatourism.org","0484-2781113","Adults: Rs. 30 per head and Children: Rs. 10 per head","09:00 AM - 04:30 PM (Closed on Sundays)",""
"State Museum and Zoo, Thrissur","Town Hall Rd, Udaya Nagar, Chembukkavu Thrissur - 680020","Kerala","Natural History (Zoology, Botany, Geology) Art and Industry of the area, Archaeological exhibits and Old coins","Multipurpose Museum","1885","https://www.museumandzoo.kerala.gov.in","0487 2333056, Museumzoo@gmail.com","Rs. 10 per head for Adults and Rs. 5 per head for Children","10:00 AM - 05:00 PM (Closed on Public Holidays)","Photography"
"Shri Chitra Art Gallery, and KCS Paniker Gallery","Museum Bains compound Rd, Kanaka Nagar, Nanthancode, Thiruvananthapuram - 695033","Kerala","The collection holds the paintings of Raja Ravi Varma and his family members, Bengal School, Contemporary miniature from various parts of the world and the mural paintings Unique of Kerala, Paintings and sculptures of the late Shri K.C.S Paniker","Multipurpose Museum","1935","https://www.museumandzoo.kerala.gov.in","0471 2316275, 2318294, Museumzoo@gmail.com","Adults: Rs.10 per head, Rs. 4 per head and Children: Rs. 20 per head","10:00 AM - 05:00 PM (Closed on Mondays)",""
"Napier Museum","LMS Vellayambalam Road, near Museum Junction, Kanaka Nagar, Nanthancodu, Thiruvananthapuram - 695033","Kerala","The Museums Houses Sculptures in Bronze and Stone, carving of wood and Ivory, Lamps, Textiles, Handicraft items, Kuftgiri works, traditional musical instruments, numismatics collection representing Chera, Chola, Pandayan Dynasties of Southern India etc.","Multipurpose Museum","1857","https://www.napiermuseum.org","4712316275","Rs. 20 per head","10:00 AM - 04:30 PM",""
"Museum of Kerala History","Kochi - Salem Hwy, Near Hotel Seagate, Koonamthai, Edappally, Ernakulam - 682024","Kerala","The Museum exhibits collections showing local History and Culture with sound and light shows, Doll collection and Art exhibitions, 35 life size status of scenes from Kerala History, gallery of Painting and Sculptures, Center of Visual art","Multipurpose Museum","1987","https://www.keralamuseum.org/","8129051881","Adults: Rs.150 per head and Children: Rs.50 per head","10:00 AM - 05:00 PM (Closed on Mondays and Tuesdays)","Not Available RELIGIOUS MUSEUMS"
"Picture Museum, Kochi","Atlantis, Ravipuram, Perumanoor, Ernakulam - 682036","Kerala","The Museum displays the enlarged photographs mounted on polycarbonate boards and fixed to aluminium stands","Multipurpose Museum","2000","","(0484)2356785","","Being a mobile Museum, timings are fixed according to admission","Library and Guided Tours"
"Teak Museums and Bio- Resources Nature Park","SH28, Nilambur - 679330","Kerala","In the Museum, through exhibits and associated texts, information is provided on historic, aesthetic, scientific and cultural values of the species. Exhibits of historic a nd artistic values are displayed on the ground floor, while the first floor is mostly devoted to exhibits and information of sci entific nature. The extensive root system of a 55- year- old teak exhibited in the portico is a symbolic sign welcoming the visitors to witness the past, the present and the future at the Museum","Multipurpose Museum","1995","https://www.kfri.res.in/teak_museum.asp","04931222846, teakMuseum@gmail.com","","10:00 AM - 04:00 PM (Closed on Mondays)","Guided Tours and Photography"
"Thiruvananthapuram Natural History Museum","Thiruvananthapuram - 695033","Kerala","A Museum was started in the year 1853, in a part of the Bungalow of John Allan Broun, then Director of the Trivandrum Observatory. The specimen of Travancore rocks offered by General Cullen formed the earliest collection in the institution. This Museum was thrown open to the public in 1857. In 1880 the new building designed by Chisholm, Architect to the Government of Madras and named after Lord Napier, a Governor of Madras, was built. Natural history specimens formed the chief exhibit there besides the indigenous arts, crafts, industries and archaeology. Later a steady growth of the Museum collections in the Art and Natural History sections were achieved. In 1936, following the recommendations of the Museums of India Survey Committee, the Museum was further split up into a Museum of Natural History and an Art Museum. The Natural History exhibits were shifted to a building at Shankumukhom and placed under the control of Travancore University. The formation of the Kerala State in 1956 brought about an administrative re-union of the Museums, the Zoos and the Botanical Gardens at Thiruvananthapuram with which was also integrated the Cochin State Museum and Zoo at Trichur","Natural Heritage Museum","1964","https://www.tnhm.in","0471-2316275","Adults: Rs. 30 per head and Children: Rs. 10 per head","10:00 AM to 4:30 PM","Guided Tours"
"Kunjali Marakkar Museum","Kottakkal, Iringal, Vadakara - 673521","Kerala","Some of the prominent displays include an introduction to the history of Kunjali Marakkar, the sword used by him, cannon balls and some other war relics belonging to the period of the Zamorins","Personalia Museum","1976","https://www.kerala culture.org","663194465","Adults: Rs. 12 per head and Children: Rs. 5 per head","10:00 AM- 05:00 PM (Closed on Mondays)","Not Available  SCIENCE MUSEUMS/CENTRES"
"Shankar Memorial National Cartoon Museum and Art Gallery","NH 66, Krishnapuram, Kayamkulam - 690533","Kerala","The Museum is a dedicated cartoon museum in memory of legendary cartoonist Sankar. Also, the space is equipped to hold good art exhibitions and other creative engagements","Personalia Museum","2014","","4762696600","","10:00 AM - 06:30 PM","Photography"
"Veluthambi Dalawa Memorial","veluthambi dalawa Museum, Mannady - 691530","Kerala","Veluthampi Dalawa Memorial Museum is a Museum dedicated to the r enowned freedom fighter of Travancore, Veluthampi Dalawa at Mannadi in Pathanamthitta. The collection includes an open-air gallery with portraits of all Travancore rulers from Marthanda Varma to Sree Chithra Thirunal. The Museum also houses numerous artefacts such as a stone statue of Buddha, ancient agricultural utensils, canons, and ancient war equipment. A picture Gallery depicting Veluthampi Dalawa’s life, as well as a Numismatics Gallery","Personalia Museum","2010","https://www.keralaculture.org/","","Free","09:00 AM - 05:00 PM",""
"Pazhassi Raja Tomb","Mananthavady - 670645","Kerala","The tomb has been converted into a Museum. The Museum contains Pazhassi Raja’s sword and other information about the Cultural History of Kerala","Personalia Museum","1996","https://www.keralatourism.org","","Adults: Rs. 10 per head and Children: Rs. 5 per head","09:30 AM- 05:00 PM, Sunday: 09:30 AM- 06:00 PM","Library and Play park"
"Thakazhi Smrithy Mandapam","Ambalapuzha, SH 12, Thakazhi - 688562","Kerala","Thakazhi Museum and Smriti Mandapam is a Museum and memorial hall honouring the late Thakazhi Sivasankaran Pillai. The writer’s items, such as his pen, spectacles, clothes, and chairs, are kept in the Museum in his memory. Furthermore, the awards, prizes, and certificates he has re ceived, including the Jnanapeedam, the nation’s highest award, have been displayed","Personalia Museum","2000","https://www.keralatourism.org/destination/thakazhi-museum-alappuzha/460/","","","09:30 AM - 04:30 PM (Closed on Mondays)","Library, Guided Tours and Photography THEMATIC/SPECIALISED MUSEUMS"
"K.C.S Panicker Museum","Napier Museum Rd, Kanaka Nagar, Nanthancodu, Thiruvananthapuram - 695033","Kerala","The gallery has an exclusive collection that traces Panicker’s work over time, which has been displayed in art galleries around the world. The paintings in the Museum provide an indication of how Panicker was delighted during the mood and memory of places. Inside the gallery, paintings from the artist’s best work, ‘Words and Symbols,’ which was internationally acclaimed, are also on display. His exhibits arouse a great deal of curiosity in the minds of visitors who venture into their interpretation","Personalia Museum","1979","https://www.thiruvananthapuram online.in","","","10:00 AM - 04:45 PM (Closed on Mondays)",""
"Kumaranasan Memorial Thonnakkal","NH 66, Mangalapuram - 695317","Kerala","The Asan Museum exhibits manuscripts of almost all the works of the poet, diaries where he recorded daily thoughts and notes in English, as well as correspondence with various people. The State Archives Department took the necessary steps for the preservation of these books .","Personalia Museum","","https://www.keralaculture.org","4712618873","Free","08:00 AM - 06:00 PM",""
"Marthoma Pontifical Shrine, Thrissur","Azhikode Jetty, Kodungallur - 680666","Kerala","This place is the landing spot of St. Thomas Apostle, Radial Piece of St. Thomas Apostle brought to India by Cardinal Tisserant on 1952","Religious Museum","","https://www.marthomalayamindia@hotmail.com","(0484) 2819149","Free","08:00 AM - 06:00 PM","Photography"
"Mar Thomas Kurialacherry Museum","Changanacherry - 682031","Kerala","The Museum displays the documents, photographs, textiles, metals and Bronzes and wood furniture, religious artefacts","Religious Museum","1986","https://www.sabscongretation.org","(0481)2424145, vikasMuseum@yahoo.com","Free","08:00 AM - 04:00 PM (Closed on Sundays)",""
"Catholic Art Museum","Major Archbishop’s House, Broadway, Marine Drive, Ernakulam - 682031","Kerala","The Museum displays textile, paintings, paintings, ornaments, sculptures, Persian cross, Palm- leaf manuscript, paper manuscript, manuscript on metal, old Bible in Hebrew language","Religious Museum","","","4842352629","Free","10:00 AM - 05:00 PM","Cafe and Souvenir Shop"
"Chavara Museum and Art Gallery","St. Joseph Monastery, P.B No.3 Mannanam, PO Kottayam - 686561","Kerala","The Museum displays paintings on the life of Jesus, activities of St. Joseph Apstil, activities and life of BI. Fr. Chavara. Tomb of BI. Chavara, wooden press made by blessed Fr. Chavara","Religious Museum","2004","","(0484) 2598150","Free","10:00 AM - 04:00 PM",""
"Space Museum","Canal Gate Station Kadavu, Thumba, Thiruvananthapuram - 695022","Kerala","A full-scale replica of the Polar satellite launch vehicle (PSLV), its heat shield, and the fourth stage solid motor of the ASLV are on display within the space Museum. Moreover, the Space Museum’s grounds have models of the launch vehicles PSLV , GSLV , GSLV Mk III, and ATV that have been scaled down. Also, the Space Museum offers a clear description of the Indian space programme from its i nfancy. Using static models, working models, and information panels, the history, evolution, current situation, and future road map of ISRO are all thoroughly described","Science Museum","1985","https://pacemuseum.vssc.gov.in, www.vssc.gov.in","0471 2564292, 2565649, ao_pro@vssc.gov.in","Free","09:30 AM - 05:30 PM (Closed on Saturdays)","Souvenir Shop and Photography (paid)"
"Science Park, Kannur","Training School Bus Stop, National Highway 17, Kannur - 670002","Kerala","The Centre promotes innovative scientific thoughts by inculcating scientific knowledge among youth and children. It also enables the students to unravel the mysteries of astronomic and natural phenomena by installing planetariums and rooftop observatories. The activities include discussions, seminars, workshops and exhibitions. The aim of the park is to popularize science as a whole amongst the student population and the general public","Science Center, Planetarium","","https://www.dtpckannur.com/","4972766780","","10:00 AM - 05:00 PM",""
"Kerala State Science and Technology Museum and Priyadarshini Planetarium","Priyadarshini Planetarium Road, Junction, Near, PMG, Thiruvananthapuram - 695033","Kerala","The Museum displays exhibits related to science and technology","Science Museum and Planetarium","1984","https://www.kstmuseum.com/","4712306024","Adults: Rs. 25 per head and Children: Rs. 15 per head","10:00 AM - 05:00 PM",""
"Regional Science Center, Calicut","Jaffer Khan Colony Rd, Near New Bus Stand, Kozhikode - 673006","Kerala","The Museum exhibits are based on various aspects of Science and Technology. The Museum has galleries such as a fun science gallery, life science gallery, Science park, 250 seater planetarium, children and Adults activity halls","Science Museum and Planetarium","1997","https://www.rscpcalicut.org.in","4952770571","Rs.10 per head","10:00 AM - 06:30 PM (Closed on Diwali and Onam)","Guided Tours  ZOOLOGICAL AND BOTANICAL MUSEUM"
"Palm-Leaf Manuscript Museum","Thakaraparambu Road, Prasanthi Nagar, Pazhavangadi, Thiruvananthapuram - 695023","Kerala","Museum of History and Heritage has put up on display a total of 187 manuscripts dividing them across eight galleries. The galleries are ‘History of Writing’, ‘Land and People’, ‘Administration’, ‘War and Peace’, ‘Education and Health’, ‘Economy’, ‘Art and Culture’, and ‘the Mathilakam Records’","Thematic Museum","2023","https://www.keralatourism.org/","4712311547","Free","10:00 AM - 05:00 PM (Closed on Mondays)",""
"Sunil’s Wax Museum","South Street of Padmanabha Swamy Temple, opposite Priyadarshini Hall, East Fort, Thiruvananthapuram - 695023","Kerala","The first-ever wax Museum in Kerala, the collection of models range from great rulers, leaders, freedom fighters, soldiers, sportsmen, politicians, film stars, etc. The Museum is a brain child of Mr. Sunil Kandalloor, who has made more than 300 wax statues","Thematic Museum","","https://www.celebritywaxmuseum.com, www.keralatourism.org","96338 62959, waxMuseumtvm@gmail.com","Rs.100 per head","09:00 AM - 08:00 PM","Library, Guided Tours, Bicycle Facilities, amd Photography allowed in some location"
"Tea Museum, Munnar","KDHP House, NH 49, Nullatanni, Munnar - 685612","Kerala","The development and history of the local tea eStates can be seen. We get to see how the outdated tea roller is replaced by the contemporary, fully automated tea factory. You can observe different steps of tea processing, including the creation of black tea. The Art Industrial School at Nazareth, Tamil Nadu, produced a sundial in 1913, which is displayed on a granite block. Other attractions include a rail engine wheel from the Kundale Valley Light Railway, a tea roller, and the “Pelton Wheel,” which was utilized in a power plant in the 1920s","Thematic Museum","2005","https://kdhptea.com, ww.keralatourism.org","4865230561","Adults : Rs. 75 per head and Children: Rs. 35 per head","09:00 AM - 04:00 PM (Closed on Mondays and Good Fridays)","Photography"
"Vaidyaratnam Ayurveda Museum","Thaikkattussery Rd, opp. Vaidyaratnam Post Office, Thaikkattussery, Thrissur - 680306","Kerala","The Museum, the first of its type in the history of Ayurveda, uses a mult imedia experience to tell the tale of the evolution through objects, sculptures, texts, and images. An additional draw is a 3D Museum that shows how Ayurveda medicine manufacturing and treatment methods have advanced through time. Our founder, E. T. Neelakandhan Mooss, Lord Dhanwanthari, Adi Sankaracharya, Lord Buddha, and Acharya Vagbhata are revered in the Museum’s “Acharya Mandapam,” which is devoted to “Ashtavaidya” Gurus. From the legendary to the modern eras, the Museum traces the development of Ayurvedic tradition","Thematic Museum","2013","https://vaidyaratnammooss.com","487 2432700, mail@vaidyaratnammooss.com","Adults : Rs. 50 per head, Children: Rs. 20 per head","09:00 AM - 06:00 p.m (Closed on Mondays)","Guided Tours, Film shows, Lectures and Photography"
"Kerala Folklore Museum","2059C, No. 26, Pandit Karuppan Rd, near Thevara Ferry Road, Junction, Kochi - 682013","Kerala","Museum of traditional local architecture as well as crafts, folk art & antiques","(Folklore) Thematic Museum","","https://keralafolkloremuseum.business.site","7034777499","Adults: Rs. 100 per head and Children: Rs.50 per head","09:00 AM - 06:00 PM","Photography"
"Dics & Machines- Sunny’s Gramophone Museum and Records Archives","Ampara - Plassanal Rd, Plassanal - 686579","Kerala","The Museum collection has many very rare gramophone records of the 1900 to 1940 period and a good collection of gramophones unseen by the present generation, it was thought to be appropriate to preserve them and make provision for future generations to see and study. Gramophones, records, Vintage cars, old bullet type sewing machines and many antique objects were collected as a hobby in the past 3 decades","Thematic Museum","2015","https://www.sunnysgramophonemuseum.com/","8137020285","Free","02:00 PM - 07:00 PM (Open on Tuesdays only)","Photography"
"International Coir Museum","Apoor, Kalavoor, Alappuzha - 688522","Kerala","The International Coir Museum is established for showcasing the coir industry over the ages with the latest developments which has brought in a revolution. This Museum is a beauty spot in the tourist map of Alleppey. The Museum also showcases the traditional processes and development of coir industry, including retting and fiber extraction, advent of mechanization in coir sector etc.A short video fil m takes the visitors through the world of coir over the ages and gives information on the origin and growth of the industry and the latest developments made through research and development","Thematic Museum","2014","https://coirboard.gov.in/","hindcoir@gmail.com, 0477-2258267","Rs. 25 per head","09:30 AM - 05:00 PM (Closed on Mondays)","Library, Guided Tours, Videography and Photography"
"Tsunami Museum","Shree Subramanya Swamy Temple Rd, Azheekkal, Azheekal - 690547","Kerala","It features displays that explain how to react to Tsunami warnings and how to spot oncoming danger. It aims to raise awareness of the dangers posed by Tsunamis and to remember those who lost their lives on December 26, 2004. There are also brief summaries of coastal locations, typical village life, and pre-tsunami images of Alappad, which suffered the greatest number of casualties in the state during the 2004 Tsunami","Thematic Museum","","","","","","Library, Guided Tours, Photography"
"Coin Museum","Kamaleswaram, Thiruvananthapuram - 695009","Kerala","The Museum features a collection of priceless and historic coins that have been collected from all around the world. It is housed in the rooms of the old palace’s ground floor and feat ures coins that originally belonged to Indian empires such as the Nizam of Hyderabad, Tipu Sultan, and the royal dynasty of Gwalior","Thematic Museum","","","9048482004","Adults: Rs.100 per head and Children: Rs. 50 per head","Open on Sundays for 24 hours","Library, Guided Tours and Photography"
"G. Karthikeyan Legislature Museum","Palayam PMG Road, Kerala Niyamasabha Campus, Thiruvananthapuram - 695033","Kerala","This Museum is dedicated to the history of the political setup of the state of Kerala, with special emphasis on the legislative assembly. The Museum is spread out over two floors a nd three galleries. Each gallery has been filled with artefacts related to different aspects of the state and i ts formation. The Museum has a special gallery reserved for a collection of photographs of the swearing-in ceremonies of the chief ministers of Kerala from the time of its formation","Thematic Museum","2017","","4712512524","Entry is free. Details of all the visitors are recorded in a log book. The Museum prohibits bringing any electronic devices or any carry-ons","11:00 AM- 04:00 PM","Library, Guided Tourss, School programmes, and Photography"
"Zoological and Botany Museum, Ernakulam","Maharaja’s College, Ernakulam","Kerala","The Museum displays the Specimens of Zoology and Botany","Zoological and Botanical Museum","1874","","","Free","09:30 AM 04:30 PM (Closed on Saturdays and Sundays)","Guided Tours, Lectures, Photography, and Publications"
"Indira Gandhi Rashtriya Manav Sangrahalaya","Lake View Road, next to RCE campus, Shyamla Hills, Bhopal - 462013, Madhya Pradesh 462013","Madhya Pradesh","The Museum displays tribal habitations from all around India. These dwellings, which depict tribal life in the villages, were created by the tribes themselves using local raw materials. Himalayan Village, Medicinal Trail, Mythological Trails, Desert Village, and Rock-Art Heritage are some of the outdoor exhibits. The latter features 36 rock shelters with breathtaking prehistoric artwork. Moreover, Veethi Sankul, an interior Museum with beautiful design, exists. The enclosed Museum displays a variety of traditional clothing, farm and household items, and other handicrafts showcasing the way of life of the tribes","Anthropological/Open Air Museum","1974","https://igrms.gov.in","917552661458, director igrmsgmail.com; dirigrms-mp@nic.in","Rs. 50 per head and Rs. 25 per head concessional charges for students and groups. Entry of the children age below 12 years is free (E-Ticketing Available)","March to August 11:00 AM - 18:30 PM and September to Feb 10:00 AM - 17:30 PM (Closed on Sundays and Government Holidays)","Guided Tourss, Lectures, School programmes, and Photography"
"Local Museum","Bhanpura","Madhya Pradesh","Museum illustrates popular art of Mandsaur through its rich collection which includes idols, sculptures, portraits belonging to gupta and Rajput period. One of the major attractions of the Museum includes: statues of Mahishasuramardini, Vishnu, Parshwanath, Ardhanarishwara, Chamunda, Chaturbhuja, Gauri, Uma-Maheshwar. Museum also displays many archaeological materials found during construction of Gandhi Sagar Dam","Archaeological Museum","1943","","","Free","10:00 AM - 05:00 PM (Closed on Mondays)","Guided Tours, Lectures, Videography and Photography"
"Birla Museum (A division of Birla Institute of Art and Music)","Near New Vidhan Sabha Bhawan, Bhopal - 462004","Madhya Pradesh","The Museum Exhibits a rich collection in its five major galleries: Siva Gallery, Vishnu Gallery, Devi Gallery, Jain Gallery and Baudh Gallery. Collection includes stone sculptures (6th to 14th century), from various archaeological sites in Madhya Pradesh, terracottas (2nd century Bc to 6th century AD), prehistoric tools (Palaeolithic to Neolithic ages), Bhimbetka rock shelter-scale-model showing paintings, plaster casts, Harappan and Mohenjo Daro, Sunga, Kushan, Gupta sculptures, coins (5th Century BC to 19th century AD) and manuscripts (15th to 17th century A.D).","Archaeological Museum","1971","","(0755) 2551388","Rs. 5 per head for Indians, Rs. 50 per head for Foreigners","09:00 AM - 05:00 PM (Closed on Mondays)","Library, Guided Tourss, Lectures, Videography and Photography"
"Archaeological Site Museum","Chanderi - 473446","Madhya Pradesh","The Museum consists of five galleries namely History of Chanderi Gal lery, Vaishnava Gallery, Shiva & Shakti Gallery, Jaina Gallery, and Anandam Gallery. The History Gallery showcases the history and heritage of Chanderi and the surrounding regions right from prehistoric times. The exhibits here include prehistoric paintings, paleolithic and neolithic tools, ornaments, pottery, and other objects made of iron and other metals","Archaeological Museum","1999","","07686 266611","Rs. 5 per head for Indians","09:00 AM - 05:00 PM (Closed on Mondays)","Library"
"Puratattava Sangrahalaya","Ward No - 1 (Purana Girjaghar) Damoh","Madhya Pradesh","Museum exhibits stone sculptures.","Archaeological Museum","1970","","","Free","10:00 AM - 05:00 PM (Closed on Mondays)","Guided Tours and Library"
"Government Archaeology Museum","Malhar Smriti Mandir A.B Road, Dewas","Madhya Pradesh","The Museum displays its rich collection in major four galleries namely: Shiva, Vishnu and Jain exhibiting sculptures of different time periods. Artefacts found during the river da m project of Dewas district are also displayed in the Museum. Artefacts and archaeological materials obtained from Pal Nagar, Gandharvapuri, Siya, Peepalrava, Postipura Palasi, Gajanpur and Runija of Ujjain district are on display.","Archaeological Museum","1977","https://archaeology.mp.gov.in","9826341257","Indians : Rs. 5 per head, Foreigners: Rs.50 per head","10:00 a.m - 05:00 PM (Closed on Mondays)","Guided Toursand Photography"
"District Archaeological Museum","Utawad Gate, Dhar","Madhya Pradesh","The Museum established in A.D. 1902 by Maharaja Udajirao Pawar II (1898-1928), the ruler of the then princely state of Dha is the oldest Museum of the state. Stone statues, architectural pieces, inscriptions, coins, ornate objects and other antiquities are stored in this Museum located inside the Dhar fort. Presently, there are 6 galleries, in which, respectively, the Artefact Gallery, the Currency Gallery, the Inscription Gallery, the sculpture gallery, namely, Shaiva, Shakta, Vaishnava, Jain and other sculpture gallery and Lalit Kala gallery and tribal folk art gallery are displayed respectively. An open-air demonstration has also been done in the garden.","Archaeological Museum","1902","https://archaeology.mp.gov.in","","Indians: Rs. 5 per head and Foreigners: Rs.50 per head","09:00 AM - 05:00 PM (Closed on Mondays)","Photography, Cafe, Souvenir shop and Guided Tours)"
"Maharaja Chhatrasal Museum","Dhubela Nowganj (BKD), District Chhatarpur","Madhya Pradesh","The Museum inaugurated by India’s First Prime Minister. It displays the antiquities of Bundelkhand and Baghelkhand like stone sculptures, coins, inscriptions, copper plates, paintings, arms, terracotta, copper implements, wonder mirrors, architectural pieces.","Archaeological Museum","1955","https://archaeology.mp.gov.in","262252","Indians: Rs. 5 per head and Foreigners: Rs. 50 per head","09:00 AM - 05:00 PM (Closed on Mondays)","Wheelchair, Café, Photography, Souvenir shop and Guided Tours"
"Archaeological Site Museum","Gwalior Fort, Gwalior - 474008","Madhya Pradesh","The Museum collection includes sculptures belonging to 1st century BC to 18th century A.D from Madhya Pradesh.","Archaeological Museum","1993","https://asi.nic.in","0751 2481259, asigwalior@yahoo.co.in","Adults: Rs.10 per head and for children below 15 entries is free","10:00 AM - 05:00 PM (Closed on Fridays)","Café, Photography, Souvenir shop, and Guided Tours"
"Gujri Mahal Museum","Gujri Mahal, Gwalior - 474 008","Madhya Pradesh","The archaeological heritage displayed in the Museum consists of stone s culptures, terracotta figures, stone inscriptions, copper plate inscriptions, coins, bronze sculptures, paintings, arms & weapons and excavated objects from ancient sites such as Pawaya (Padmavati), Besnagar (Vidisha), Ujjain (Ujjayini) and Maheshwar, copies of bagh frescoes and paintings.","Archaeological Museum","1922","https://archaeology.mp.gov.in","(0755)2350743, 2365341, 2481259, asigwalior@yahoo.co.in","Indian Citizen: Rs.10 per head, Foreigner: Rs.100 per head","10:00 AM - 05:00 PM (Closed on Mondays)",""
"District Museum","Collectorate Campus, Hoshangabad","Madhya Pradesh","The archaeological heritage displayed in the Museum consists of stone sculptures, fossils, sculptures galleries, Vaishnav, Jain and Shaiva galleries. Among the Vaishnava idols, the idols of Sheshshayi Vishnu, Garudasin Lakshminarayan, Keshav, Vishnu etc. are prominent. The idols of Shiva, Uma-Maheshwar, Ganesha, Kartikeya etc. are prominent in Shaiva idols. Among the Jain idols, idols of Tirthankaras like Parshvanath, Gomedh-Ambika, etc. are prominent. Some of these idols have inscriptions, along with this, Navagriha, dancer-dancers, Singhvyal, Kirtimukha, Bharvahi Keechak, Chatushtikas are also included.","Archaeological Museum","1983","https://www.mparchaeology.org","07574 253483, 09425393789, mishraomprakash-3@gmail.com","Indian Citizen: Rs.10 per head and Foreigner: Rs.100 per head","10:00 AM - 05:00 PM (Closed on Mondays)","Photography, Videography and  Library"
"Central Museum","Near G.P.O, A.B. Road, Indore","Madhya Pradesh","The archaeological heritage displayed in the Museum consists of sculptures, Inscriptions, coins, and other archaeological objects particularly from western Malwa, marble and metal images, canvas paintings, miniature paintings, arms and armoury displayed in eight galleries.","Archaeological Museum","1929","https://www.mparchaeology.org","(0731)2700734, Mob: 09826051629","Indian Citizen: Rs.10 per head (children up to 15 years free) Foreigner: Rs.100 per head","10:00 AM - 05:00 PM (Closed on Mondays)","Library, Guided Tours, Lectures and Photography"
"Rani Durgavati Museum","Bhawartal, Jabalpur","Madhya Pradesh","The archaeological artefacts consist of 6163 artefacts, sculptures, Inscriptions, coins, copper plates and other archaeological materials. The Museum has four galleries and a n art gallery auditorium on the ground floor. These galleries include Shaiva Gallery, Vaishnava Gallery, Jain Gallery, Index Gallery, Excavation Records Gallery, Mudra Gallery and Tribal Art Gallery.","Archaeological Museum","1976","https://www.mparchaeology.org","220065","Indian Citizen: Rs.10 per head, children up to 15 years free, Foreigner: Rs.100 per head","10:00 AM - 05:00 PM (Closed on Mondays)","Library"
"Archaeological Site Museum","Khajuraho, District Chhatarpur - 464 661","Madhya Pradesh","The archaeological artefacts consist of sculptures, inscriptions, coins, copper plates and other archaeological materials from Chandela Period. Ownership: Central Government","Archaeological Museum","1910","https://asi.nic.in","(07686) 2272320 (O), 2274030(R)","Indian Citizen: Rs. 30 per head for Indian Nationals, SAARC and BIMSTEC Foreigners: Rs. 500 per head for and Free entry for children below 15","09:00 AM - 05:00 PM (Closed on Mondays)","Lectures, Seminars and Photography DEFENCE MUSEUMS"
"District Archaeological Museum","M.S Road, Morena 476001","Madhya Pradesh","The archaeological artefacts consist of Stone sculptures, terracottas, paintings, photographs etc.. Ownership: State Government","Archaeological Museum","1987","https://www.mparchaeology.org","07532 223695, 09977287076","Free","10:30 AM - 05.30 PM (Closed on Mondays)","Guided Tours"
"District Archaeological Museum","Hindu Patta Palace, Panna - 480001","Madhya Pradesh","The archaeological artefacts consist of Stone sculptures of between 4th-5th century A.D to 18th century A.D.","Archaeological Museum","1988","https://www.mparchaeology.org","(07532) 223695, 09977287076","Rs.5 per head, children up to 15 years free, Foreigner: Rs.50 per head","10:00 AM- 05:00 PM (Closed on Mondays)","Virtual Tour and Guided Tours"
"Vidisha District Museum","Civil lines, Vidisha - 46400","Madhya Pradesh","Vidisha Museum or Vidisha District Museum is the main Museum of the city of Vidisha, ancient Besnagar. The Museum has many sculptures, terracottas and coins, especially from the 9th to the 10 th century CE, as well as Harappan art.","Archaeological Museum","1964","https://archaeology.mp.gov.in/","","Indian audience: Rs. 5 per head (child up to 15 years free), Foreign visitors: Rs. 50 per head","10:00 AM – 05:00 PM (Closed on every Monday and Government Holiday)",""
"Vikram Kirti Mandir Museum","Rishi Nagar, Ujjain - 456010","Madhya Pradesh","It has been established in order to jog the memory of the young generation about the glory of the Mauryan Age. The complex houses the Scindia Oriental Research Institute, an art gallery, an archaeological Museum, and an auditorium. Scindia Oriental Research Institute has a priceless assortment of 18,000 manuscripts on different subjects and manages a reference library of vital oriental publications. The research institute is considered to be the main tourist attraction spot inside the Vikram Kirti Mandir. The Museum displays a wide array of inscriptions, images, copper plates, Palm leaf and bark leaf manuscripts, a vast collection of coins, sculptures, and fossils discovered in the Narmada valley. The centre of attraction is a big skull of a primitive elephant. This Museum houses a unique collection of age-old paintings in the Mughal and Rajput style","Archaeological Museum","1965","","","Free","05:00 AM - 07:00 PM",""
"District Archaeological Museum, Ujjain","Vikram Kirti Mandir, Ujjain - 456010","Madhya Pradesh","The Museum displays sculptures, terracotta, inscriptions, folk art objects, tribal jewellery and dress","Archaeological Museum","1988","https://archaeology.mp.gov.in","","Free","11:00 AM - 05:00 PM (Closed on every Sunday and government holiday)","Photography"
"Digambar Jain Museum, Sonagiri","Sonagiri, Bhopal - 462022","Madhya Pradesh","The Museum displayed objects such as various archaeological objects and sculptures","Archaeological Museum","1948","https://archaeology.mp.gov.in","","Free","07:00 AM - 04:00 PM (Closed on every Sunday and government holiday)","Souvenir Shop and Refreshment Hall"
"Government Tulsi Archaeological Museum","Ramvan, Satna","Madhya Pradesh","The collection of the Museum consists of stone sculptures, manuscripts, artefacts and other antiquities. There are 9 rooms in the Museum which contain Bharhut, Gupta, Jaina, Saiva, Vaishnava, and other galleries. Presently, the Museum houses 2,368 objects. These are stone sculptures, metal images, copper plates, inscriptions, coins of gold & silver. these objects have been brought from Bharahut, Bhumra, Uchera, Doha, Jaso, Gohmi, Maiher, Kotar, Satri, Amarpatan, Marahi, Balupur, Bhutra, Maropahari, Saria Tola, Sajjanpur, Jaria, Miroliod Satna district, Sohagpur of Sahadol district, Mamosi of Sidhi district, Gurgi of Riwa district, Khajuraho of Chhatarpur district, Nachna of Pannna district. Besides, some objects from Bhita (UP), Bodh Gaya (Bihar) and Kathmandu (Nepal) have also been collected in this Museum.","Archaeological Museum","1978","https://archaeology.mp.gov.in","07672 275436","Indian Citizen: Rs.10, Foreigner: Rs 100, No entry fee for Children up to 15 years and handicapped persons","10:00 AM to 05:00 PM",""
"District Museum, Shivpuri","Shivpuri","Madhya Pradesh","The Shivpuri District Museum is largely an archaeological Museum with exhibits such as sculptures, coins and a few paintings of Mughal, Rajput and Maratha schools","Archaeological Museum","1962","","","Free","May to June: 06:30 am to 12:30 PM, and July to April: 10 AM to 05:00 PM (Closed on Mondays and Government Holidays)","Library, Guided Tours, School Programmes, Film shows and Lectures"
"Archaeological Site Museum","Archaeological Survey of India, Sanchi District, Raisen - 464661","Madhya Pradesh","The Museum displays ancient sculptures of different periods from 2nd cent ury BC to 12 century AD, lids of caskets, iron objects, terracotta, and pottery","","1966","https://www.museumsanchiasi.mp.gov.in","+91 07482 266611, museumsanchiasi@gmail.com","Rs. 5per head","Timings : 08:00 AM - 05:00 PM (Closed on Fridays)","Library, Guided Tours, Lectures and Photography allowed with permission"
"District Archaeological Museum, Rewa","Vyankar Bhawan, Kothi Compound","Madhya Pradesh","The Museum exhibits stone objects, copper coins, paintings stuffed animals, wooden furniture etc .","Archaeological Museum","1989","https://www.archaeology.mp.gov.in","0755 222324","Free","10:00 AM - 05:00 PM (Closed on Mondays and Government Holidays)","Photography"
"Hari Singh Gaur Archaeological Museum","Department of Ancient Indian History, Culture and Archaeology, Dr. Hari Singh University, Sagar - 470003","Madhya Pradesh","The Museum has a collection of stone sculptures, coins, seals, coin moulds, inscriptions, bronze objects, potteries and weapons on shell ivory copper lead stones and baked clay, late medieval paintings, wood fossils etc.","Archaeological Museum","1958","","","Free","Summer - 07:00 AM - 01:00 PM and Winter - 10:30 AM - 04:30 p.m (Closed on Sundays)",""
"Archaeology Museum","Jiwaji University, University Campus, Gwalior - 474011","Madhya Pradesh","The Museum displays old pottery, terracotta figures, coins, beads and stone sculptures","Archaeological Museum","","https://www.jiwaji.edu","","By Appointment","10:00 a.m - 05:00 PM (Closed on Sundays and University Holidays)","Guided Tours and Library"
"AOC Corps Museum","College of Materials Management, Post Box No 3, Jabalpur- 482001","Madhya Pradesh","The Museum has an excellent display of vintage weapons, artefacts, archives consisting of British orders.","Army Museum","1926","","2322467-78, email: msma64@yahoo.in","Free","08:00 AM - 01:00 PM and 04:00 PM - 06:00 PM (Closed on Government Holidays)","Not Available MULTIPURPOSE MUSEUMS"
"Corps of Signals Museum","1 TTR,1STC Jabalpur","Madhya Pradesh","The Museum has been established with the purpose to strengthen the regimental spirit and spirit-de- corps in the younger generation, to make all ranks aware of the history of Corps. The Museum collection includes textile murals, miniatures, leather, gold/silver artefacts, communication equipment and stores, documents. One of the attractions in the Museum is Command Vehicles High Power (CVHP), ‘The Drona’ and ‘The Bhishma’ with bullet holes and scars from the battlefields in Africa and Italy. The la test acquisition in the Museum is ICL-1904 computer which was the first computer installed at Army Headquarters Compute r Centre. Recently the Times Capsule has also been installed","Army Museum","1961","","0761 2606391, 2606392, 2606393","Free","Summers: 09:00 AM to 01:00 PM and 05:00 PM to 07:00 PM, Winters; 09:00 AM to 12:30 PM and 04:30 PM to 06:30 PM (Closed on Tuesdays)","Library, Guided Tours, Lectures, Photography, Baaghi ride for moving around the palace premises"
"Gaurav Sanghrahalaya, Jammu and Kashmir Rifles","Regiment Centre Jabalpur - 482001","Madhya Pradesh","The Museum collection includes Weapons, accoutrements, photographs pertaining to the Regiment of Jammu and Kashmir Rifles (Indian Army), Ceremonial Flags, original c opy of Gulab Nama (history of JAK Rifles) persian, Imperial German Flag and Eagle Claw captured in World War I, some original documents, replica of chinese Mantalai flag, 930 kg. brass cannon dating to the 1830s, 100 kg. brass bell of 1932","Army Museum","1979","","0761) 4083005, 919425803983, jakrif-rc@yahoo.in","Free","Summers: 08.00 AM to 11:00 AM and 04.00 PM to 06:00 p.m, Winters; 09:00 AM to 12:00 PM amd 3.00 pm to 05:00 PM (Closed on Sundays)","Library, Guided Tours, Lectures, Photography (with payment), Baaghi ride for moving around the palace  premises"
"Rakesh Museum (Grenadiers Museum)","Grenade Chowk, Central Ordnance Depot Area, Jabalpur - 482001","Madhya Pradesh","The Museum displays a wide range of artefacts related to the region’s historical, cultural, and political heritage. The collection of arms and ammunition shows a variety of weapons used throughout history. There are lifelike models, sculptures, paintings, and rare pictures on display","Army Museum","1999","https://indianarmy.nic.in","","Prior Permission Needed","","Guided Tours"
"Army Educational Corps Museum","AEC Training College and Centre, Pachmarhi - 461 881","Madhya Pradesh","Museum collection includes accoutrements of army education corps, portrait of colonel commandant AEC, photographs of winners of awards, commandments cards of AEC, thesis of AEC personnels.","Army Museum","1949","","(07578) 252206, 252245, 252246, 252239","Free","Summers: 06:30 AM - 07:00 AM and 04:00 PM - 06:00 PM, Winters: 06.45 AM to 07:15 AM and 03:30 PM to 05:30 PM (Closed on Sundays)","Library, Wheelchair, Auditorium, Parking and Photography SCIENCE MUSEUMS/CENTRES"
"Yodhasthal, Bhopal","Dronachal Complex, Bhopal Military Station, Bhopal","Madhya Pradesh","The Museum displays weapons and ammunition used by the Indian Armed Forces and provides information on the victories and war stories of the Indian Army","Army Museum","2014","","","Free","09:00 AM - 01:00 PM and 04:00 PM to 07:00 PM","Wheelchair, Café, Photography, Souvenir shop and Guided Tours)"
"Infantry Research Centre and Museum","58, Mall Rd, Hasalpur, Dr. Ambedkar Nagar, Mhow - 453441","Madhya Pradesh","The collection of the Museum aims at showcasing the history of the Infantry Corp’s from the year 1745 to 2020 and the sacrifices of the soldiers with the help of statues, mur als, photo galleries etc. the three storey Museum building will show the history of battles of plassey, Saragarhi, Buxar, 1956 and 1971 Indo - Pak wars. The Museum has kargil war galleries and fateh gallery","Army Museum","2022","","","","Tuesday - Sunday, 10:00 AM - 02:00 PM and 04:00 PM - 07 AM (Closed on Mondays)","Photography, Souvenir shop and Guided Tours  THEMATIC/SPECIALISED MUSEUMS"
"Madhav Sapre Sangrahalaya","Opposite, Link Road No. 3, Patrakar Colony, Maulana Azad National Institute of Technology, Bhopal - 462007","Madhya Pradesh","The Museum displays rare manuscripts, letters of historical importance, rare books, documents, newspapers and magazines","Educational Museum","1984","https://www.mpsapresangrahalaya.org","91755 2559042, 2763406, sridhar@mpsapresanghrahalayaorg","Free","10:00 AM to 17:00 PM (Closed on Sundays and Government Holidays)",""
"Scindia Oriental Research Institute","Vikram University, Dewas Road, Ujjain- 456 010","Madhya Pradesh","The Museum displays manuscripts and printed books or oriental subjects and various research journals, paintings","University Museum","1931","","0734 2515400","Entry is free","10.30 AM - 05:30 PM (Closed on Government Holidays)",""
"Madhya Pradesh Tribal Museum","Shyamla Hills Road, near State Museum, Shyamla Hills, Bhopal - 462002","Madhya Pradesh","The Museum focuses on the Tribal Art and the culture of the indigenous people and represents the local tribal heritage with the help of colorful displays and life size models. The Tribal Life Gallery - full sized models of the tribes’ houses and dwellings while the second gallery displays the stori es of worship and sacrifice portrayed through impressive art installations and artefacts from daily life and cultural symbols","Ethnographic Museum","2013","https://mptribalmuseum.com","0755 4937322, mptribalMuseum@gmail.com","Age 10 years and above (Indian): Rs. 10 per head and Overseas citizens: Rs. 250 per head","Feb - Oct: 12:00 PM - 08:00 PM, Nov - Jan: 12:00 PM - 07:00 PM (Closed on Mondays and Holidays)","Photography, Library, Lectures and Publication"
"Badal Bhoi Tribal Museum","Circular Rd, Shubham Colony, Chhindwara - 480001","Madhya Pradesh","Due to the contribution to the national freedom struggle, the Museum has been named in honor of the tribal revolutionary leader Shri Badal Bhoi. The Museum has 14 rooms, 3 galleries and 2 open galleries which depict the Tribal Culture and store the antique, and rare collections such as the houses, clothes, ornaments, arms, agriculture tools, art, music, dance, celebrations, religious activities etc., belonging to the approx. 45 tribal communities living in Madhya Pradesh and Chhattisgarh States","Ethnographic Museum","1954","https://chhindwara.nic.in","097521 89006","Rs. 2 per head","April- June : 11:30 AM - 06:30 PM, July - March: 10:30 AM - 05:00 PM","Guided Tours and Photography"
"Adivart Tribal and Folk Art Museum, Khajuraho","Aadivart tribal Museum, Sevagram, Khajuraho - 471606","Madhya Pradesh","The Museum display includes tribal antiques, folk paintings, jewellery, masks, terracotta objects, metal craft and bamboo items. It has a small but interesting collection of paintings, sculptures and artwork by Madhya Pradesh’s many tribal groups. There is a range of original paintings and prints for sale at the Museum as well","Ethnographic Museum","2001","https://www.aadivartmuseum.in/","9424344881","Free","12:00 PM 08:00 PM (Closed on Mondays)",""
"Tribal Habitat","Next to REC Campus, Shymala Hills, Bhopal - 462013","Madhya Pradesh","The open air Museum exhibits the architecturally marvellous dwelling houses, youth dormitories, shrines and other centres of cultural interactions of the different tribal c ommunities - Warli community of Maharashtra, Kutia Kondh, Saora and Gadaba community of Odisha, Rathwa and Chodri of Gujarat, Bodo Kachari, Mishing and Karbi of Assam, Agria and Bhil of Madhya Pradesh, Kars and Rajwars of Chhattisgarh, Santal tribe of Jharkhand, Jatapu tribe of Andhra Pradesh, Bhumij from West Bengal, Tangkhul and Kabui Nagas from Manipur, Chakhesang Naga of Nagaland, Reang tribe of Tripura, and Toda and Kota communities of Tamil Nadu","Ethnographic Museum","","https://indiantribalheritsge.org","0755 2661319","","","Lectures and Photography"
"H.H Maharaja Jiwaji Rao Scindia Museum","Jai Vilas Palace, Lashkar, Gwalior - 474009","Madhya Pradesh","The Museum houses collections such as sculptures, bronzes, arms, miniatures, manuscripts, coins, cut glass, Persian carpets, musical instruments, Chinese and Japanese art, European articles","Multipurpose Museum","","https://www.jaivilasmuseum.org","(0751) 2322350","Adults: Rs . 40 per head, Children: Rs. 20 per head","09:30 AM - 04:30 PM (Closed on Wednesdays)","Lectures and Photography"
"Municipal Museum","Moti Mahal Campus, Gwalior - 474 007","Madhya Pradesh","The Museum displays a wide variety of objects, including items from Natural history, Archaeology, and Anthropology, as well as ivory crafts, weapons, paintings, sculptures, and pictures made of wood, stone, and bronze. Additional items on display here include fabrics, musical instruments, costumes, manuscripts, fossils, rocks, and minerals, as well as porcelain and iron artefacts, textiles, and tribal and folk art.","Multipurpose Museum","1922","","(0751)2438349","Adults: Rs. 5 per head, Children: Rs. 20 per head","10:30 AM - 04:30 PM (Closed on Mondays)","Library, Guided Tours and Photography ARCHAEOLOGICAL MUSEUMS"
"State Museum, Bhopal","8, Shyamla Hills Rd, TT Nagar, Bhopal - 462013","Madhya Pradesh","The Museum exhibits art pieces and rare antiquities in 17 galleries that cover a wide range of topics, including thematic galleries, prehistory & fossils, excavated materials, metal images, inscriptions, sculptures, royal collections, textiles, freedom movement, postal stamps, autographs, manuscripts, paintings, coins, weapons, medieval documents, and rare musical instruments.","Multipurpose Museum","1909","https://archaeology.mp.gov.in","0755-2553307, mparchaeology@gmail.com","Indians: Rs. 10 per head, Foreigners: Rs. 100 per head","10.30 AM - 05.30 PM (Closed on Mondays & Government holidays)","Library and Guided Tours"
"Regional Museum of Natural History, Bhopal","Bittan to Manisha Road, Link Road No. 3, beside State Bank of India, E-5, Arera Colony, Bhopal - 462016","Madhya Pradesh","The Museum displays major groups of collections such as Herpetofauna: preserved specimens of reptiles and snakes etc.and Osteological: Skulls and skeletal structures of various animals. The highlighted collections are a skeletal structure of crocodile and Unique collection of skin of a white tigress. It also displays 96 natural history specimens comprising of skeletal structure of tiger and tiger cub, numerous skulls of tigers, a tiger head trophy, a blackbuck skull, fossil of Cladis, a baby elephant, Pangolin, king crab, bat, a blackbuck, a kangaroo, red panda, whale vertebrae, king cobra, leopards, tiger, lioness, bear, few butterflies, birds , rock, minerals & fossils. Models of skull & egg of dinosaur, penguin, stingray, gharial, hard ground barasingha, Hoolock Gibbon, porcupine, Himalayan monal, scorpion, lady bug, blackbuck, dolphins, mouse deer, flying squirrel, grey heron, cattle egr ets, red-wattled lapwing, flamingo etc. as outdoor and indoor exhibits displayed for visitor’s attraction.","Natural Heritage Museum","1997","https://nmnh.nic.in","7552467551","Free","","Library, Photography and Guided Tours"
"Regional Science Centre, Bhopal","Banganga Rd, Banganga Slums, North TT Nagar, Shyamla Hills, Bhopal - 462002","Madhya Pradesh","Regional Science Centre is working under the National Council of Science Museums (NCSM), Ministry of Culture, Govt of India. The objective of the Regional Science Centre is to popularize science and technology in cities, urban and rural areas for the benefit of students and for the common man by organizing exhibitions, seminars, popular lectures, science camps, and various other programs.","Science Centre","1995","https://rscbhopal.gov.in","vigyankendrabhopal@gmail.com, 0755-2661655","General Visitors: Rs. 25 per head, Group Visitors (25 or More): Rs. 20 per head, Students in Organised School Group: Rs 10 per head, Students from Govt / Municipal Schools: Rs. 5 per head","10:30 AM - 06:00 PM","Library and Photography"
"Science Activity Corner (National Council of Science Museums)","Bal Bhawan, Stadium Road, Gwalior - 474002","Madhya Pradesh","The Museum displays exhibits related to Science and Technology","Science Centre","1995","","","Free","11:30 AM - 07:00 PM","Library, Photography and Guided Tours"
"Akar Guria Garh","Headquarters Complex, Jail Hills, Bhopal","Madhya Pradesh","The collection of the Museum includes dolls of different States and tribes prepared by wome n prisoners","Thematic Museum","","","","Free","10:00 AM - 04:30 PM (Closed on Mondays)","Library, Photography and Guided Tours"
"Bharat Bhawan, Rupankar Museum","J. Swaminathan Marg, Shyamla Hills, Bhopal - 462002","Madhya Pradesh","The collection of the Museum includes Urban Art, contemporary Folk and Tribal Art, modern and folk paintings, terracotta, photographs, audio and video recordings, books on music and dance and long playing records.","Thematic Museum","1982","https://bharatbhawan.org","07552 660239, 07552 661398, (0755) 2660239, 2661398, bharatbhavantrsu@gmail.com","Rs.10 per head","02:00 PM- 08:00 PM (Feb - Oct), 01:00 PM - 07:00 PM (Nov - Jan) (Closed on Mondays)","Library, Photography and Guided Tours"
"Dr Shankar Dayal Sharma Swantantrata Sangram Rajya Snaghrahalya","Swaraj Sansthan Sanchalnalaya Swaraj Bhawan Ravindra Bhwan Campus Bhopal","Madhya Pradesh","The collection of the Museum includes Mementoes, paintings, artefacts and sculpture displaying the Freedom Struggle of India.","Thematic Museum","1998","https://www.swarajsansthan.org","0755 2660407, 2660563, swarajbhavan@gmail.com","Free","11:00 AM - 05:00 PM (Closed on Government Holidays)","Photography and Guided Tours"
"National Telecom Museum","Telecom Museum Building, near Arera Telephone Exchange, Arera Hills, Bhopal - 462004","Madhya Pradesh","The Museum includes a collection of Indian telecom equipment from the past and present, capturing the country’s illustrious history in the field. The Museum contains the Highton T elegraph Galvanometer from 1837, the Baudot Printing Machine from 1874, the 1+1 Carrier System, the Creed Model Teleprinter Machine, the Pre-1950 Carrier System, various types of call’s protective devices, the D.C. Motor Generator Set, various components used in Magneto exchange up to Electronic exchange, and more. bills and old historical documents, Payment slips and performance record books from the British Empire’s 1913 and 1917 eras, as well as several vintage and modern UIG cable models, an antique round bracket post, an 1878 cordless system, and other items are all included","Thematic Museum","1995","","0755 2557700","Free","09:30 AM - 05:00 PM (Closed on Saturday and Sunday)","Library, Photography and Guided Tours"
"Philately and Numismatic Museum","Telecom Museum Building, near Arera Telephone Exchange, Arera Hills, Bhopal - 462004","Madhya Pradesh","The Museum displays Indian postal system and postage stamps, coins along w ith fiscal stamps and court fee papers of Gwalior State","Thematic Museum","1995","","0751 2370025","Free","10: 00 AM - 05:00 PM (Closed on Saturdays and Sundays)","Library, Photography and Guided Tours"
"Sarod Ghar","Ustad Hafiz Ali Khan Marg, Jiwaji Ganj Lashkar Gwalior.","Madhya Pradesh","The Museum displays various types of Indian and Central Asian instruments of the 17th to 19th century.","Thematic Museum","","","7512370025","Free","10:00 AM - 05:00 PM (Closed on Saturdays and Sundays)","Library, Photography and Guided Tours"
"Forest School","Shivpuri","Madhya Pradesh","The Museum aimed to impart practical training to foresters on various fields of fore stry.","Thematic Museum","1946","https://mp forest.gov.in","","Free","10:00 AM - 05:00 PM (Closed on Saturdays and Sundays)","Cafe and Guided Tours"
"Zonal Anthropological Museum","Anthropological Survey of India, 11, Seminary Hills, Near Balaji Temple - 440 006, Nagpur","Maharashtra","The Museum has about 2300 specimens from tribes and other communities inhabiting Madhya Pradesh, Chhattisgarh, Maharashtra and Goa along with a gallery that depicts evolution of the human race through time and space. The Museum displays iron, bronze, silver and wooden objects","Anthropological Museum","1978","https://www.anthsi.org","01722510084, 2511102, 9423636451, ansicrc-ngp@sancharnet.in","Free","11:00 AM - 05:30 PM (Closed on Sundays)","Photography and Guided Tours"
"I.V .K. Rajwade Sanshodhan Mandal Museum","Navnath Nager, Dhule - 424001","Maharashtra","The Museum exhibits a collection of Shri Vishvanath Kashinath Rajwade, the great historian of Maharashtra which displays copper plates, coins, acrolith miniatures, painting, fine manus cript. Besides there is a picture gallery exhibiting large portraits of many historical personages as well as research scholars","Archaeological Museum","1932","","2562233848","Free","08:30 AM - 11:00 AM, 04:30 PM - 08:00 PM (Closed on Sundays)","Library, Photography and Guided Tours"
"Kolhapur Museum","Town Hall, Kolhapur - 416002","Maharashtra","The Museum exhibits finds from Brahmapuri excavations, paintings, arms, scul ptures and miscellaneous works of art and stone inscriptions","Archaeological Museum","1946","https://www.maharashtratourism.gov.in","2312520481","Adults: Rs. 3 per head and Children: Rs. 1 per head","10:30 AM - 05:30 PM (Closed on Mondays)","Library, Photography and Guided Tours"
"Heras Institute of Indian History and Culture","St. Xavier’s College, Mumbai - 400001","Maharashtra","The Museum exhibits the Mesopotamian antiquities, cylindrical seals and terracotta, Indian antiquities such as the Prehistoric pottery, Gandhara and other sculptures, Hindu, Jain and Buddhist icons, Indian and Christian ivories, wood work and coins","Archaeological Museum","1926","","22620662","Free","02:00 PM - 04:00 PM (Closed on Sundays)","Library, Souvenir Shop, Cafe, Photography and Guided Tours"
"Ramalingappa Lamture Museum","Ter - 413509","Maharashtra","The Museum exhibits the archaeological objects of the Satavahana Period","Archaeological Museum","1979","","2472233526","Adults: Rs. 3 per head and Children: Rs. 1per head","10:30 AM - 05:00 PM (Closed on Mondays)","Photography and Guided Tours"
"Archaeology Museum, Deccan College","Deccan College, Near Yerawada, Pune - 411006","Maharashtra","The Museum’s six galleries, which include a gallery for the Stone Age, a gallery for the Mesolithic Age, a gallery for the Chalcolithic Age, a gallery for the Megalithic Age, a gallery for Archaeology, and a gallery for Ethnographic Epigraphy, all contain artefacts related to the Ancient Indian History, Culture and Archaeology","Archaeological Museum","1940","https://www.deccancollege.edu","020 26693759, 26693794. dakshina@pn2.vsnl.net.in","Adults: Rs. 3 per head and Children: Rs. 1 per head","10:45 AM - 01:30 PM and 02:30 PM - 05:15 PM (Closed on Saturdays and Sundays)","Cafe, Photography and Guided Tours"
"Bharata Itihasa Samshodhana Mandala Museum","1321, Sadashiv Peth, Pune - 411030","Maharashtra","The Museum exhibits miniature paintings, sculptures, Marathi, Sanskrit, Persian, Hindi and Kannada manuscripts, copper plates and stone inscriptions, arms, maps, old costumes, playing cards and excavated antiquities, ivory playing cards, portraits of Maratha rulers and paintings","Archaeological Museum","1910","","2472581","Free","08:30 AM - 11:30 AM and 04:00 PM - 08:00 PM (Closed on Thursdays)","Cafe and Photography"
"Thiba Palace Museum","Abhyudhya Nagar, Ratnagiri - 415612","Maharashtra","The Museum exhibits sculptures and art objects","Archaeological Museum","1910","","","Rs. 10 per head","10:00 AM - 05:00 PM (Closed on Mondays)","Cafe, Guided Tours, Audio Guided Tours and Photography"
"Shri Bhavani Museum and Library","Aundh, Satara - 415 510","Maharashtra","The Museum collection includes 500 paintings from 15th century to 20th century, sculptures, decorative art objects, Ajanta pictures, true copies, objects donated by Shrimant A.B. Pant, sandalwood and ivory carvings, miniatures paintings, European old masters, modern school of western paintings, Bengal school paintings. The Museum has a famous sculpture of “Mother and Child” by Henry Moore and three original paintings of Raja Ravi Verma","Arts and Craft Museum","1938","https://maharashtratourism.net.in","(02161) 262225.","Adults: Rs. 3 per head and Children: Rs. 1 per head","10:00 AM - 01:00 PM and 01:30 PM - 05:00 PM (Closed on Mondays)","Cafe, Guided Tours, Audio Guide tour and Photography DEFENCE MUSEUMS"
"Regional Museum","Soneri Mahal, Aurangabad - 431 004","Maharashtra","The Museum has a vast collection of glass paintings, woodwork, stone sculptures, inscriptions, coins, bronzes that are exhibited in nine galleries namely: Painting Hall, Durbar Hall, Utensils, Satavahana Objects, Sculptural Halls etc.","Art and Craft Museum","1979","https://maharashtratourism.gov.in","0240 2400943","Adults: Rs. 3 per head and Children: Rs. 1 per head","10:30 AM - 05:00 PM (Closed on Mondays)","Guided Tours and Film shows"
"Framgi Dadabhoy Alpaiwalla Museum","Khareghat Memorial Building, Khareghat Colony, N.S. Patkar Marg, Mumbai - 400007","Maharashtra","The Museum features unusual works of art like a toilet seat that has been transformed into a one-of-a-kind chair and a pair of specially embroidered women’s shoes that match her Sari and are utilized in Parsi rituals, providing an insight into modern Parsi life. Sir Dadabhai Naroji’s antique chest and Sir Jamshedjee Jejeebhoy’s silver clock are also displayed in the Museum. The Museum also displays Iranian archaeological discoveries, such as the ancient Astodan (large clay container) used to store bones that was discovered in Susa by Parsi scholar Jamshed Unwalla. Iranian antiques, paintings of pre-Zoroastrian mythology, coins, stamps, portraits of well-known Parsis, Chinese porcelains, and glassware are some more exhibits of this Museum","Art and Craft Museum","1954","","022 2363 8429","Free","10:30 AM - 01:30 PM and 02:30 PM - 05.30 PM (Closed on Saturdays and Sundays)","Guided Tours, School Programmes and Film shows"
"Maratha History Museum","Deccan College, Yerwada, Pune - 411906","Maharashtra","The Museum features a collection of Armoury and Archives from the Maratha period from the late 18th to the early 19th centuries. The Museum is divided into two main galleries which contain more than 200 authentic Marathi, Sanskrit, Arabic, Persian, and English manuscripts. These manuscripts include Astrological writings, diaries, Poetry, Marathi Bakhars (a type of historical story written in Marathi prose), Shlokas, Persian and Arabic translations of old Sanskrit texts, and Marathi prose. More than 2,000 microfilms and photocopi es of authentic Indian and Persian documents from the 18th and 19th centuries are also kept in the Museum. These contain copies of certain genuine Persian documents that were obtained from Hyderabad’s Andhra Pradesh State Archives. The letters of Bajirao Peshwa I, the copper plates of the Chalukyan monarch Vijayaditya, and the Rashtrakuta dynasty king Dantidurga are some of the most striking collections","Art and Craft Museum","1939","","020-2651-3200, 020-2651-3232, girish.mandke@dcpune.ac.in","School students: Rs.10 per head, College Students: Rs. 20 per head, Indian citizens: Rs. 30 per head, and Foreigners: Rs.100 per head","10:30 AM- 05:30 PM(Closed on Saturdays and Sundays)","Photography"
"Sangli Museum","Rajwada Campus, Sangli - 416 416","Maharashtra","The Museum features a collection of paintings, woodwork, China pots, and other miscellaneous art objects","Art and Craft Museum","1954","","2332376913","Adults: Rs. 3 per head, School students: Rs. 1 per head","10:30 AM - 05:30 PM (Closed on Mondays)","Guided Tours and Photography"
"Shri Chhatrapati Shivaji Maharaj Museum","Shetkari Niwas Building, Near St Stand, Satara - 415001","Maharashtra","This Historical Museum exhibits artefacts of Maratha Period, Maratha type weapons, textiles and paintings and replica of coins","Art and Craft Museum","1966","","0233 238235, 01262 238235","Adults: Rs. 3 per head and School Students: Rs. 1 per head","10:00 AM - 01:00 PM and 01:30 PM - 05:30 PM (Closed on Mondays)","Guided Tours and Photography"
"Magan Sanghrahalaya Samiti","Kumarappa Road, Maganwadi, Wardha - 442001","Maharashtra","The Museum exhibits rural techniques especially Khadi and village Industr y implements, finished products, raw material and photographs implements as well as the replica of process in vogue; collection of Gandhiji original articles used by him and section depicting new advances in rural technology","Arts and Craft Museum","1938","","07152 245082 , vibhacsv1@yahoo.com","Free","10:00 AM - 05:30 PM (Closed on Sundays)","Library, Guided Tours and Lectures."
"National Gallery of Modern Art","Sir Cowasji Jahangir Public Hall, Mahatma Gandhi Road, Mumbai - 400032","Maharashtra","The Museum has collections from eminent artists from the Bombay progressive group which include K. H. Ara, F. N. Souza, Gaitonde, S. H. Raza and M. F. Hussain. It also has collections from the present-day artists that include K. G. Subramanyam, Sudhir Patwardhan, Nalini Malini, Atul Dodiya and Sudarshan Shetty. It is housed in the old auditorium referred to as Sir Cowasji Jehangir Public Hall. Formerly known as Sir C. J. Hall, it is now called Mumbai’s National Gallery of Modern Art","Art and Craft Museum","1996","https://www.ngmaindia.gov.in/ngma_mumbai.asp","022-22881969, ngma.mumbai@gmail.com, dir.mum-ngma@gov.in","Adults: Rs. 3 per head and Children: Rs 1 per head","10:00 AM - 05:00 PM (Closed on Mondays)","Guided Tours"
"Jehangir Art Gallery","161B, Mahatma Gandhi Road, Kala Ghoda, Fort, Mumbai - 400001","Maharashtra","The Gallery houses a collection of 800 works of Modern and Contemporary Art from India collected between 1968 and 2001.","Art and Craft Museum","1952","https://jehangirartgallery.com","022- 22843989, info@jehangirartgallery.com","Free","10:15 AM - 06:00 PM","Library; Guided Tours and Photography"
"Piramal Museum of Modern Art","B wing, Ground Floor, Piramal Tower, Peninsula Corporate Park, Lower Parel West, Mumbai - 400013","Maharashtra","It displays the collection of the Piramal family, which began inthe year 2008 and displays works by prominent Indian modern and contemporary artists from the 18th century to the present .","Art and Craft Museum","2015","","02230465934/02230466981","Free","11:00 AM - 08:00 PM","Souvenir Shop, Guided Tours and Photography"
"Jaya He GVK New Museum","IBA, Terminal 2 - Chhatrapati Shivaji Maharaj International Airport, Navpada, Sahar Village, Vile Parle, Mumbai - 400099","Maharashtra","The Museum displays the ceremonial artefacts, architectural features, paintings, sculptures, textiles, and other items of various antiquity and provenance incorporated into more than a hundred art installations. It is a stunning fusion of traditional and modern fine arts, showing both the talents of arti sts and craftspeople from all around the nation","Art and Craft Museum","2015","","022-66850074","Free","12:00 AM - 11:59 PM","Not Available EDUCATIONAL MUSEUMS"
"Zapurza Museum of Art & Culture","Survey no. 65, Kudje village, Pune - 411023","Maharashtra","The Museum features eight galleries, an amphitheatre, and a theatre to honour the variety of artistic disciplines exhibiting a collection comprising artefacts, paintings, sculptures, silverware, jewellery, textiles, lamps, prints, lithographs, photographs, vinyl records and also displays paintings by Jamini Roy, J. Swaminathan, innovative artist collective Sadanand Bakre, and other artists. In addition to this, a Maharashtra art school studio exhibits how diverse art forms have been impacted by social and political events like the Bhakti movement in Mumbai, Pune, Kolhapur, Nashik, and other regions of Maharashtra are represented in this collection","Art and Craft Museum","2022","https://www.zapurza.org","9.20E+11","Rs. 100 per head and free for Children under 5 years","11:00 AM - 06:00 PM (Closed on Mondays)","Library, Lectures and Guided Tours"
"Darpan Art Gallery","Kalachhaya Campus, Patrakar Nagar Road, Gokhalenagar, Pune - 411016","Maharashtra","This Art gallery aims to promote the young artists in the form of paintings, sketches, sculptures or visual art. The space is simple compared to most other galleries so that it doesn’t shift focus from the art on display. They also sell these artworks here and have incredibly peaceful and comfortable places for visitors to lounge at","Art and Craft Museum","2009","","9561092434","","11:00 AM - 07:00 PM",""
"Naval Engineering History Society (NEHS)","Lonavala - 410402","Maharashtra","The Museum displays the vintage marine engineering equipments","Navy Museum","1990","","02114, 284861-67, coprops@pn3.vsnl.net, oic@pn3.vsnl.net.in","Free","Monday, Thursday and Friday: 10:00 AM - 03:00 PM, Wednesday and Saturday: 10:00 AM - 12:00 PM (Closed on Sundays)","Guided Tours"
"Indian Museum Ship Vikrant","Gateway of India, Mumbai","Maharashtra","The Museum displays the uniforms, armaments, rescue operation objects, diving and launching of war missiles. A section of the Museum is dedicated to the war operations of 1971 and the contributions of INS Vikrant.","Navy Museum","2012","","022 22688260, rsatyajit@hotmail.com","","9:00 AM - 05:00 p.m, (Closed on Sundays)","Guided Tours GEOLOGICAL MUSEUM"
"Logistics Museum, INS Hamla","Marve Malad (West)- 400 095","Maharashtra","The Museum displays the Naval Logistics","Navy Museum","1954","","tel - 28445277, nicahamla@gmail.com","Free","Monday - Saturday, 07:30 AM - 05:30 PM (Closed on Sundays)","Photography"
"INS Vikrant Memorial Place","Kala Ghoda, Fort, Mumbai - 400001","Maharashtra","The Memorial is a sculpture created with pieces of metal recovered from the ship-breaking yard and belonged to the decommissioned ship","Maritime Museum","2016","https://www.indiannavy.nic.in","(022) 22688260","","Open 24 hours","School Programmes and Photography"
"Ballard Bunder Gatehouse","Ballard Bunder Gatehouse, Shoorji Vallabhdas Rd, Fort, Mumbai - 400001","Maharashtra","The Museum exhibits huge anchors of 6 feet tall and lights that were once atop lighthouses. Together with scale replicas of ships, trawlers, and dhows, the Museum also has historical maps and images of Mumbai, which are full of diverse people, from goldsmiths and police officers to mill workers and fishermen","Maritime Museum","2005","","","","Opens only on first Sunday of month","Photography, Videography, School Programmes and Photography"
"Marine Museum, NHA V A","Nhava, Panvel, Raigarh - 410206","Maharashtra","The collection on the first floor tells the story of the Founder’s ances tors’ Bombay Steam Navigation Company and its subsequent merger with Scindia Steam Navigation Company in 1919. The second floor houses Yusuf family memorabilia, whose pioneering efforts resulted not only in the first Indian-owned shipping company on India’s west coast, but also in India’s first Marine School and Mari ne Museum. On the second floor is Sir Mohamed Yusuf’s personal collection of artefacts and correspondence dating back to the early nineteenth century, including the correspondence renouncing his Knighthood are displayed.","Maritime Museum","1912","https://www.tsrahaman.org","02227212800, marinemuseum12@gmail.com","Rs. 20 per head","08:30 AM - 05:30 PM (Closed on Tuesdays)","Videography, Guided Tours and Photography"
"MIRC Museum","The Headquarters, the Mechanised Infantry Regimental Centre, Ahmednagar","Maharashtra","The Museum collection displays military hardware, weapons, photographs, costume and guns","Army Museum","1995","","226295","Free","Summers: 09.00 AM - 12:00 PM and 04.00 PM to 07:00 PM, Winters: 09:00 AM - 12:00 PM and 4:00 PM - 06:00 PM (Closed on Tuesdays)","Videography, Guided Tours and Photography"
"Regiment of Artillery Museum","Regiment of Artillery Association, Nasik Road Camp - 422102","Maharashtra","The Museum spreads across two floors and features an array of weapons and aircraft. On display in the Artillery Museum are a number of vintage and modern weapons including army tanks, radar systems, and aircrafts placed on the open gardens which draw visitors in large numbers. In addition, guns, cannons, tanks, military agreements, and different paintings and photographs of historical events are also showcased in this Museum.","Army Museum","2005","https://indianarmy.nic.in","(0253) 2411264","","10:00 AM to 1:00 AM and 4:00 PM to 6:00 PM (Closed on Thursdays and Government Holidays)","Videography and Photography"
"Cavalry Tank Museum","Iwale Nagar, Ahmednagar, Maharashtra 414001","Maharashtra","The oldest exhibit is a 1914 Silver Ghost Rolls Royce armoured automobile, one of 53 World War I-era displays it has. It is a one-of-a-kind exhibition featuring everything from World War II-era tanks to German tanks that were taken from Pakistan","Army Museum","1994","","084829 28992","Rs. 50 per person","9:00 AM to 5:00 PM","Videography and Photography"
"Guards Regimental Centre Museum","Army Cantonment, Mall Road, Army Cantonment, Kamptee, Maharashtra 441001","Maharashtra","The Regimental Museum showcases the rich heritage of the regiment.","Army Museum","1990","https://indianarmy.nic.in","","Prior Permission Needed","","Wheelchair, Videography and Photography"
"Indian Institute of Research Numismatic Studies","P.O. Anjaneri, Nashik -Trimbakeshwar Road, District Nashik - 422213","Maharashtra","The Museum displays numismatics, photographs, archaeological objects, paintings etc. Ownership : Trust","Educational Museum","1987","https://inhcrf.org","02594 220005, info@iirns.org, iirns@sify.com","Rs. 5 per head","09:30 AM- 05:30 PM (Closed on National Holidays)","Wheelchair, Videography, Library and Photography"
"Tribal Research and Training Institute","28 - Queen’s Garden, Pune - 411001, Maharashtra","Maharashtra","The Museum displays the Tribal life & Culture of Maharashtra State. There are 1359 articles displayed in five principal sections which are the Tribes at a glance, Tribal Material Culture, Tribal Art & Craft, Ornament, Tribal deities, Hut Section, Glimpses of Tribal Craft exhibiting Traditional Warli Paintings, masks, basketry, images of deities, photographs, musical instruments, Tribal ornaments, metal cr afts, motifs, fishing and hunting gadgets, household articles and contemporary Tribal Art of Maharashtra","Ethnographic Museum","1973","https://trti.maharashtra.gov.in","020-2633 2380, 020-26360 026, (020)26330854, mus.trti-mh@nic.in, trti.mah@nic.in","Children: Rs. 5 per head, Adults: Rs.10 per head, Foreign Students: Rs. 50, Foreigner child: Rs. 100 per head and Foreigner Adults : Rs. 200 per head","10:30 AM - 05:30 PM (Closed on Government Holidays)","Guided Tours and Photography"
"Prachin Konkan","Konkan Tourism Development & Research Centre, Taluka and Ganpatipule, District Ratnagiri - 415615, Maharashtra","Maharashtra","The Museum depicts Konkan’s social, economic, cultural, and religious history. The Museum displays the splendor of the Konkan region’s past","Ethnographic Museum","2004","https://prachinkonkan.com","9637588565 / 9423855750 / 9545428162, prachinkokan1@gmail.com","Adults: Rs. 40 per head","08:30 AM - 05:30 PM (Closed on Government holidays)","Library, Photography, Brief guide and Wheelchair"
"Siddhagiri Gramjivan Museum","Kaneri, Kolhapur district","Maharashtra","The Museum showcases the history of self-sustained villagers who provided equipment to all villagers that were useful in their daily necessities of domestic as well as agricultural. It displays an intricately decorated cave which depicts the lives of notable characters from the Mahabharata, Ramayana, etc.","Ethnographic Museum","2004","https://www.siddhagirimatham.org","0231 - 2672380.","Rs. 100 per head","09:00 AM - 05:30 PM (Closed on Government holidays)","Library, Audio Guide, Photography (allowed on payment), Wheelchair, Ramp, Elevator available, Brief  guide and Publication."
"Regional Museum","Geological Survey of India, Nagpur","Maharashtra","The Museum is renowned for its collection of Dinosaur fossils and mineral collections","Geological Museum","","https://museum.gsi.gov.in","(0712) 2511671, (0712) 2510036, (0712) 2510193, 0712 - 2511671","Free","Monday - Saturday, 10:30 AM - 05:00 PM","Library, Guided Tours and Wheelchairs"
"Chhatrapati Shivaji Maharaj Museum","Near Nehru Bal Udyan, Labour Colony, Subedari Guest House, Aurangabad - 431001","Maharashtra","The Museum displays wooden crafts, swords, shields and ancient rifles, photogr aphs and transparencies of forts, vessels, and coins from the Satavahana dynasty","History Museum","1999","","0240-2334087","Adults: Rs. 5 per head, Children: Rs. 2 per head","10:30 AM - 06:00 PM (Closed on Thursdays)","Library, Guided Tours, Wheelchair and Souvenir shop"
"Nana Wada Museum","715, PMC Vidyalaya Rd, Budhwar Peth, Pune - 411002","Maharashtra","The Museum exhibits a number of paintings, photographs, and murals depicting events from the lives of leaders like Vasudev Balwant Phadke, Umaji Naik, Krantiveer Lahuji Vastad, and the Chapekar brothers, Lokmanya Bal Gangadhar Tilak among others","History Museum","2019","https://www.pmc.gov.in/en/nanawada-museum","","Adults: Rs. 25 per head, Children: Rs.10 per head, Foreign visitors: Rs. 300 per head and free for school students and disabled people.","10:30 AM- 06:00 PM (Closed on Thursdays)","Library, Guided Tours, Wheelchair and Souvenir shop"
"Bunker Museum","Raj Bhavan, Malabar Hill, Mumbai - 400035, Maharashtra","Maharashtra","The Museum commemorates the figures who helped lead the Indian Independence and honours rebels like Vasudev Balwant Phadke, Damodar Hari Chapekar and Vishnu Hari Chapekar (the Chapekar Brothers), Lokmanya Bal Gangadhar Tilak, the Savarkar Brothers, Vinayak Damodar Savarkar (Veer Savarkar) and Ganesh Damodar Savarkar (Babarao Savarkar), Anant Laxman Kanhere etc.","History Museum","2019","","","Adults: Rs. 25","",""
"Archdiocesan Heritage Museum","Vishveshwar Nagar, Goregaon, Mumbai - 400063, Maharashtra","Maharashtra","The Museum houses rare and antique Christian artefacts collected from churches in Bombay, Pune and Goa. On display is an early copy of King James’ Bible, its leather binding foil stamped in gold with the twelve stations of the cross. Among the many manuscripts, religious objects and sculptures is a statue of St. Paul which originally belonged to the parish church of Malad, a suburb of Bombay. In typical cross-cultural style the statue sports a beard more at home on the chin of a Hindu mendicant and is perched atop a lotus- again a symbol associated with divinity in Hinduism.","History Museum","2011","","022 2927 1557","","09.00 AM - 05:00 PM (Closed on Mondays)","Wheelchair, Guided Tours and Library"
"History Museum","Vishveshwar Nagar, Goregaon, Mumbai - 400063, Maharashtra","Maharashtra","The Museum displays stone & bronze sculptures from 8th century to 16th century A.D., coins from punch mark to British period, Miniatures Paintings which consists of the Mughal, Rajasthan, Deccan and Company School of miniature art, documents around Maratha period, Archaeological and Excavated material from the site of Bhokardan and cultural material from the site of Daulatabad and Ter. and diffe rent types of weapons from Mughal- Maratha period","History Museum","1973","https://bamu.ac.in","91-0240-2403347, head.history@bamu.ac.in","Free","10:00 AM- 06:00 PM (Closed on Mondays)","Photography"
"Chapekar Museum","Gandhi Peth, Prabhat Colony, Chinchwad Gaon, Pimpri - Chinchwad","Maharashtra","The Museum tells an account of a few Maharashtrian freedom fighters , with an emphasis on the Chapekar brothers. Damodar Hari, Balkrishna Hari, and Vasudev Hari Chapekar moved to Chinchwad with their families in 1830. The Museum houses a collection of beautiful maps, infographics, photographs, and statues of some of the Indian Independence movement’s legends.","History Museum","2005","","9011240547, krantitirth1@gmail.com","Free","09:00 AM- 07:00 PM (Closed on Public Holidays)","Guided Tours and Photography"
"Dajikaka Gadgil Gold Museum","Dajikaka Gadgil Museum, Opposite Magarpatta South gate, Hadapsar","Maharashtra","The Museum is dedicated to the past of gold mining and export in India, with a focus on the Gadgil family and their contributions to the industry. The exhibit was established to commemorate the centennial of Dajikaka Gadgil’s birth. The Museum recounts the tale of gold refinement in India, from mini ng to transportation, using ten audiovisual screens. It also includes biographical information about the Gadgil family, their wealth, and their commercial ventures","History Museum","2014","","020 2689 0611, museum@pngadgil.com","Free","09:00 AM - 07:00 PM (Closed on Public Holidays)","Guided Tours and Photography"
"Arya Nagarjuna Museum","Ambedkar Sanskritik Bhavan, Maldhakka Chowk, Mangalwar Peth","Maharashtra","The Museum displays 1200 statues of Buddha and several rare photographs of Babasaheb Ambedkar.","History Museum","","","02025445318, 02026055476, aryanagarjunMuseumpune@gmail.com","Free","11:00 AM - 05:00 PM (Closed on Sundays)","Guided Tours and Photography NATURAL HISTORY MUSEUMS"
"AcWorthy Leprosy Museum","Wadala, Mumbai - 400031, Maharashtra","Maharashtra","India’s solely Leprosy Museum showcases 130 years history of leprosy disease, communicating about significant events, institutions, and people in the nineteenth-century, and has displays pertaining to the early history of the “Homeless Leper Asylum”; Therapeutic experiments of two nineteenth century Bombay doctors, Bhau Daji and Sakharam Arjun, Social and legal histories of leprosy. The deep interest of Mahatma Gandhi and his associate, Vinoba Bhave, in service to leprosy sufferers; M odern developments and the present outlook about this disease","Medical Museum","2003","https://acworthleprosymuseum.org","022 24184263, acworthleprosyrre@yahoo.co.in /, reachus@acworthleprosymuseum.org","Free","Summers: 08:00 AM - 05:00 PM, Winters: 08.30 AM - 05:00 PM (Closed on Sunday and Government holidays.)","Guided Tours, Souvenir Shop and Photography"
"Dr. Bhau Daji Lad Mumbai City Museum","Rani Bang, 91/A, Dr. Ambedkar Road, Byculla (East), Mumbai - 400027","Maharashtra","The oldest Museum of Mumbai showcases the city’s art and culture t hrough a rare collection of fine and decorative arts. The permanent collection has miniature clay models, dioramas, maps, lithographs, photographs, and rare books documenting Mumbai people’s lives and the city’s history from the late 18th century to the early 20th century. Since the Museum Trust was founded in 2003, the Museum has added to its permanent collection through new acquisitions to provide a comprehensive representation of the city’s art and culture since the 19th century, including contemporary art","Multipurpose Museum","1872","https://www.bdlmuseum.org","91; 2223741234, 91 222371 4119, bdlcitymusem@gmail.com","Adults: Rs.10 per head, Children - Rs. 5.- per head, Foreigner Adults: Rs. 100 and Children: Rs. 50","10:00 AM- 05:30 PM (Closed on MondayS)","Guided Tours and Photography"
"Chhatrapati Shivaji Maharaj Vastu Sangrahalaya","159/61, Mahatma Gandhi Road, Fort, Mumbai","Maharashtra","The Museum has a collection of 70,000 historic and artistic works of various materials and techniques. These objects reflect the history of the human race from the stone a ge to contemporary times. Artefacts like sculptures, bronzes, coins, pre-and proto-historic objects, Nepaleseand Tibeatin art, decorative art, Indian miniature paintings, European paintings, Bombay school Paintings, chinese and Japanese antiquities, Indian metalware are displayed in the galleries of the Museum .Ownership: Private/Public Trust","Multipurpose Museum","1909","https://csmvs.in","22844519, csmvsmumbai@gmail.com","Rs. 30 per head and free for Children below 12 yrs, Adults: Rs. 100 per head, and for Foreigners Rs. 100 per head","10:15 AM to 06:00 PM (Closed on Monday)","Photography PERSONALIA MUSEUMS"
"Central Museum","Civil Lines, Nagpur - 440 001","Maharashtra","One of the oldest Museums in India has a collection donated by Sir Richard Temple and royal families displayed in different types of galleries. Museum collection includes; s tone sculptures, handicrafts, archaeology, anthropology, art, geology, paintings, arms and armoury, natural history objects, archaeology and tribal art objects.","Multipurpose Museum","1863","https://maharashtratourism.gov.in","(0172) 2560231, ® 2561800 curator@centralmuseumnagpur.com","Adults: Rs. 5","10:00 AM to 05:00 PM(Closed on Mondays)","Photography, Lectures, Meetings, Seminar, Discussions for School and College students and Library"
"Raja Dinkar Kelkar Museum","Kamal Kunj, Shukrawar Peth, Natu Baug, Raja Kelkar Museum Street, Pune - 411 002","Maharashtra","The Museum exhibits a vast variety of collection in its three storey building in its fourteen galleries which are archaeology, art history, wooden carvings, stone sculptures, metal images, metal objects, jewellery, terracotta, pottery, glass objects, wooden objects, textiles, manuscripts, ivory, miniature paintings, oil paintings, musical instruments, arms and armours, glass paintings, leather shadow puppets, paithan paintings etc.","Multipurpose Museum","1962","https://www.rajakelkarmuseum.org","020 2448 2101,24461556 sudhanvaranade@hotmail.com","Children below 12 yrs: Rs. 30 per head, Adults: Rs. 100 per head, Foreigners (Children): Rs.100 per head, Foreigners (Adults): Rs. 300 per head, free entry for Blind a nd Differently Abled/ Physically Challenged Visitor s","10:00 AM to 05:30 p.m","Library, Photography, Lectures, Meetings, Seminar; Discussions for School and College students"
"Symbiosis Society’s Afro-Asian Cultural Museum","Senapati Bapati Road, Pune - 411004","Maharashtra","This Museum contains artefacts from more than 58 Afro-Asian nations as well as exhibit panels of cultural and social value, along with traditional artefacts. The collection comprises a variety of stamps, traditional utensils, sculptures, crafts, cultural emblems, and accessories like hats, jewellery boxes, and cloth or wooden bags. It also displays intricately crafted wooden and ceramic dolls wearing tradit ional costumes of different countries. Some traditional musical instruments and weapons are also displayed here, as well as traditional dance masks from countries like Sri Lanka and Bhutan.","Multipurpose Museum","2001","https://afroasian.symbiosis.ac.in","020 - 25652444, afroasian@symbiosis.ac.in","Free","10:00 AM to 05:30 p.m (Closed on Sundays)","Library, Photography and Guided Tours"
"Sarvajanik Vachanalaya Vastu Sangrahalaya, Tilak Path","Tilak Path, Nashik - 422001","Maharashtra","The Museum displays antique stained glass, classical Indian music paintings, a 100-year-old Nashik survey map, statues, bronze and brass idols, shields, artefacts, wood and stone carvings, and old photographs.","Multipurpose Museum","1962","","(0253) 2573129, 2580788, sarvajanikvachanalaya@yahoo.in","Free","11:00 AM - 08.00 PM (Closed on Wednesdays)","Library, Photography and Guided Tours"
"Mahatma Phule Vastu Sangrahalaya","Ghole Road, Pune - 411004","Maharashtra","The Museum exhibits models, charts, pictures, machines, and taxidermy of various wildlife species. It broadly covers the disciplines of forestry, agriculture, natural history, armoury, handicraft, geology, engineering, industries, and architecture in Indian history. .","Multipurpose Museum","1890","","9.12E+11","Adults: Rs. 10 per head, Children under 12 years: Rs. 5 per head","09:00 AM - 05:00 PM (Closed on Wednesdays)","Photography, Guided Tours, Souvenir Shop, Videography and Library"
"Matoshree Kaushalya Purwar Museum","Sarafa Road, Aurangabad","Maharashtra","The Museum displays Dr. Purwar’s personal collection since 1963. The Museum collection includes the Stone Age, Pre-Harappan collections, Indian sculptures and bronzes, paintings, coins, seals, manuscripts, paintings, saris, stamp collections, Bidri ware art heritage. The Star collection includes a 500 year old Paithan sari and a seal of Alexander- the Great.","Multipurpose Museum","1970","","09423450096, 09767672355, sspurwar@rediffmail.com, sspurwar@yahoo.com","Free","10.30 AM to 06.00 PM(Closed on Mondays)","Cafe, Photography, Guided Tours, Souvenir Shop and Videography"
"CSMT Heritage Museum","Chhatrapati Shivaji Maharaj Terminus, Chhatrapati Shivaji Terminus Area, Fort, Mumbai - 400001, Maharashtra","Maharashtra","The Museum exhibits addition to models of retired trains, the exhibits include copies of plans by CST Chief Architect F.W. Stevens, rare photographs, vintage stamps, weights, a clock, a bell, and equipment.","Multipurpose Museum","","","","Adults: Rs. 50 per head and Students: Rs. 20 per head","11.00 AM - 05.00 PM (Closed on Saturdays and Sundays))","Photography, Guided Tours, Souvenir Shop and Videography"
"National Film and Archives Museum","Law College Road, Pune, Mumbai","Maharashtra","The Museum holds 14,678 books about movies and the movie business, 14,264 screenplays for different movies, 10,304 movies, 214 regular film periodicals, 5,658 brochures, 55,406 pictures, 5,131 wall posters, 1,752 disc records, and 31 audio tapes. The Museum, which is rich in information about al l of the classic films of the world, also collects award-winning movies, box office successes, unconventional and critic ally acclaimed movies, films that have been screened at international film festivals, literary adaptations of well-known works, documentaries, books about groundbreaking and classic movies, and other media.","Multipurpose Museum","1964","https://not available social media : not available","020 25652259","Free","09:00 AM - 05:00 PM","Photography, Guided Tours, Souvenir Shop and Videography"
"Kaka Baptista East Indian Museum","Manori - Gorai Road, Puttupatti, Manori Village, Malad West, Mumbai - 400095","Maharashtra","The Museum displays the culture and traditions of the East Indian Community. The major artefacts include the traditional jewellery and earthenware, two life sized mannequins, photo frames, documents and religious articles and statue of St. Gonsolo Garcia.","Multipurpose Museum","2013","https://not available social media : not available","098200 87771","Rs. 10 per head","10:00 AM - 12:30 PM and 03:00 - 05:30 PM","Photography, Wheelchair, Virtual Tours, Guided Tours, Souvenir Shop and Videography"
"Gargoti - The Mineral Museum","D-59, MIDC, MIDC Area, Malegaon, Maharashtra 422113","Maharashtra","The Museum exhibits a collection of natural mineral and gem specimens, a large number of handicrafts, household implements, and traditional musical instruments. The Deccan P lateau Gallery on the first floor features Pandey’s collection of gems and minerals gathered from all over the w orld, while the Prestige Gallery on the ground floor showcases the best of Indian zeolites and minerals from the Deccan, which is also home to one of the richest deposits of zeolites and minerals in the world. The Museum’s collection of zeolite minerals, Apophyllite from Ahmednagar, cavansite from Pune, sapphire from Sri Lanka, native gold from California in the United States, amethyst geodes from Brazil, rocks from the moon and Mars, dinosaur fossils from Gujarat, and Titanic coal are some of the Museum’s key draws.","Natural History Museum","2001","https://gargoti.com","919890655592, 91- (2551) -230866, nasik@gargoti.com","Adults: Rs. 100 per head","09:00 AM to 08:00 PM","Not Available SCIENCE MUSEUMS/CENTRES"
"Bombay Natural History Society","Hornbill House, Opposite Lion Gate, Shaheed Bhagat Singh Road, Mumbai - 400 001","Maharashtra","The Museum exhibits the second oldest natural collection in India. The great biodiversity of the Indian sub- region is depicted in the Museum. The collection has samples that originated in present-day Iraq, Iran, Myanmar, Sri Lanka, Afghanistan and Pakistan, 140-year-old specimens, including a hyena from the Somali coast that was captured in 1881 and a whiskered tern from Myanmar that was captured in 1886.","Natural History Museum","1883","https://www.bnhs.org","022-2282 1811, 022-2282 1817, 022-2282 6855, 022-2282 6856, info@bnhs.org","Adults: Rs. 200 per head","10:00 AM - 01:30 PM and 02:00 PM - 05:00 PM","Guided Service, Souvenir Shop, and Photography"
"Jawaharlal Nehru Van Udyan","Pandavleni Road, Buddha Vihar, Pathardi Phata, Nashik - 422306, Maharashtra","Maharashtra","The Museum houses many herbal plants and varieties of trees such as Agave, Palms, Asoka, Mango, Banana, Guava, Tamarind and many more. The flowers housed here include Rose, L ily, Periwinkle, Hibiscus, and Silver fern, among others","Natural History Museum","2016","","","Garden View: Rs. 30 per head, Light and Sound Show: Rs. 50 per head","10:30 AM - 05:30 PM (Closed on Wednesdays)","Guided Tours and Photography"
"Mani Bhavan Gandhi Sangrahalaya","19, Laburnum Rd, Gamdevi, Mumbai - 400007, Maharashtra","Maharashtra","The Museum and the Library that has a rich collection of about 40,000 books in Reference and Lending sections, Mani Bhavan, served for about seventeen eventful years (1917-1934) as the nerve center in Bombay for Gandhi’s activities. At the display counter are available some important books by and on Gandhiji, Gandhi postage stamps issued by India and other countries, and mementos. On the first floor is also located the office of the Gandhi Smarak Nidhi, Mumbai. On the second floor, the room where Gandhi ji lived and worked is preserved in its original setting. Adjoining Gandhiji’s Room is the exhibition depicting Gandhiji’s life through miniat ure figures.","Personalia, and Educational Museum","1954","https://www.gandhi-manibhavan.org","91 2223805864, manibhavan@gmail.com, info@gandhi-manibhavan.org","Adults: Rs. 20 per head, Students: Rs. 10 per head","09:30 AM- 06:00 PM","Guided Tours and Photography"
"Gandhi National Memorial","Aga Khan Palace, Nagpur Road, Pune - 411006","Maharashtra","The picture gallery is set up in five big halls of Aga Khan Palace di splaying pictures, textiles, murals, statues, photographs, some belongings of Gandhiji and Kasturba Gandhi oil paintings.","Personalia Museum","1972","https://www.mkgandhi.org","(020) 26680250, 26612700, gandhi-memorial@vsnl.net, gandhimemorial80@gmail.com","Adults: Rs. 5 per head and Children above 15 years: Rs. 2 per head, Foreigners: Rs 100 per head","09:00 AM - 05:40 PM",""
"Dr Babasaheb Ambedkar Museum and Memorial","Senapati Bapat Road, Pune - 411004","Maharashtra","The Museum has personal belongings of Dr. Babasaheb Ambedkar including Bharat Ratna and his rare photographs.","Personalia Museum","1990","https://www.symbiosis-ambedkarmemorial.com","(020) 25659909, (Mob) 0992237001, symbibramm@dataone.in","Adults: Rs. 5 per head","10:00 AM - 05:30 PM","Guided Tours and  Photography"
"Gandhi Smarak Sangrahalaya","Sevagram Ashram, P.O. Sevagram, District Wardha - 442102","Maharashtra","The Museum has personal relics of Gandhiji, portraits of Gandhiji and photographs of episodes in his life, Gandhian literature, Gandhi graphs, Charkhaand other personal objects.","Personalia and Educational Museum","1936","https://www.gandhiashramsevagram.org","(07152) 284753","Free","10:00 AM - 05:30 PM (Closed on Mondays)",""
"Lokmanya Tilak Museum","525/3, Narayan Peth","Maharashtra","The earliest printing press for Kesari, significant moments in Til ak’s life, his genealogical table, personal items, an early version of the Indian flag, and an iconic portrait of Til ak from his time in the Mandalay Prison are all on show in the Museum. Important documents, letters, and other artefacts like his attire, headwear, glasses, and other items are among the personal memorabilia.","Personalia and Educational Museum","1999","","9881543390, punekesari1881@gmail.com","Free","09:00 AM - 06:00 PM","Photography, Videography and Audio-Video Service"
"Raj Kapoor Memorial","MIT University Arts Design & Technology, Rajbaug Campus, Loni Kalbhor - 412201, Maharashtra","Maharashtra","Raj Kapoor, the iconic Bollywood superstar, is honored throughout the entire Museum. It features life-size replicas of individuals who were essential to both his personal and professional lives. Amitabh Bachchan, Rajendra Kumar, Vaijayanti Mala, Nargis, Shashi Kapoor, and Shammi Kapoor are also honored with statues in the Museum. Famous lines from Raj Kapoor’s best hits are continuously played on an audio-visual system that uses sensors.","Personalia Museum","2014","","020-26912905, 9763029025, rajkapoormemorial@mitpune.edu.in","Rs. 300 per head","09:30 AM - 05:00 PM","Photography, Videography and Audio-Video Service"
"Rajgruha (Vishwaratna Dr. Babasaheb Ambedkar Museum)","Dadar East, 129, Khare Ghat Marg, Hindu Colony, Mumbai - 400014","Maharashtra","The B. R. Ambedkar Memorial and home, known as Rajgruha is located in Dadar, Bombay, India. It was given the name Rajgriha or Rajgruha (now Rajgir) in honor of the historic Buddhist kingdom. As a tribute to the Indian leader, the three-story building’s ground floor is home to a heritage Museum displaying his belongings.","Personalia Museum","","","092234 56777","","10:00 AM- 06:00 PM (Closed on Sundays)","Photography, Videography and Audio-Video Service"
"Darshan Museum","Dadar East, 129, Khare Ghat Marg, Hindu Colony, Mumbai - 400014, Maharashtra","Maharashtra","The Museum describes the teachings and life of Sadhu Vaswani, his hist ory and influences as they come to life through spatial, audio, video, and sensual experiences using creative forms like sculpture, digital audio, HD video, and 3D holographics.","Personalia Museum","","https://darshan.net.in","9120-26125679, pro@sadhuvaswani.org","Free","10:00 AM - 06:00 PM (Closed on Thursdays)","Photography, Videography and Audio-Video Service"
"Khoj Gandhiji Ki","Gandhi Teerth, Jain Hills, P.O. Box 118, Jalgaon - 425001","Maharashtra","The Museum disseminates about Gandhiji teaching by using different interpretative methods .","Personalia Museum","2012","https://www.gandhifoundation.net","91 257-2264 803, 91 257-2260033, info@gandhifoundation.net","Students and children (below 18 years): Rs.100 per head, Adults (above 18 years): Rs. 200 per head, Foreigners and NRIs: Rs. 400 per head","09:00 AM- 06:00 PM (Closed on Mondays)","Photography and Videography"
"Dixit Wada Museum","Mauli Nagar, Shirdi - 423109, Maharashtra","Maharashtra","The Museum has a range of interesting objects important to Sai Baba’s life. Rare collections of Sai Baba black-and-white photos may be found in this Museum. Sai Baba’s kafni (Long robes), leather padukas, and smoking pipe are also on display at the Dixit Wada Museum.","Religious Museum","2001","","91-2222044040 .","Free","10:00 AM - 06:00 PM","Photography, Videography and Parking"
"Museum of Land Record","2nd Floor, Administrative Building, Opposite Council Hall, Sasoon Road","Maharashtra","The Museum has a wide range of maps and photographs from all throughout the state are on display at the Museum of Land Records. The government’s land record administrators have compiled the data that has been displayed. The Museum’s collection of artefacts includes a variety of compasses, antiquated survey equipment, and fat bobs. The Museum also features a collection of numerous maps from various historical periods, including the Marathas, Nizams, and even the British","Thematic Museum","2004","","9422202842, dummy20220428155526891700@internaldummyemail.com","Free","03:00 PM - 05:00 PM (Closed on Sundays)","Photography, Videography and Parking"
"Erandwane Fire Museum","5, Shankar Rao Joshi Rd, Pandurang Colony, Erandwane","Maharashtra","It is a two-story Museum in Erandwane that honours India’s history of fir e and rescue. It has a legendary Rolls-Royce fire vehicle from the Panshet Dam rescue operations in 1961 housed on the ground floor. The car is still in good condition and was frequently used from 1956 to 1990. A variety of water spraying equipment, including ladders, nozzles, and various monitor types, is located on the first floor. The huge blac k helmets used during the British Raj are among the variety of helmets that are included. The uniforms of different firefighters, which are on exhibit on the same level and have changed as a result of technical improvements, can also be used to trace their respective legacies. Also, it has a collection of different knots used in fire rescue operations on exhibit","Thematic Museum","2016","","020 25468373","Free","10:00 AM - 06:00 PM","Souvenir shop, Workshops, Lectures, Library, and Photography"
"D.D. Rege Museum Of Saints","Ratan Enclave Row House No. 1., B. T. Kawade Road, Near Kalashankar Nagar, Ghorpadi Village","Maharashtra","The Museum’s displays more than 150 artefacts from 70 saints. Mrs. Marathe herself conducts a thorough and in-depth tour of every piece for the guests, vividly narrating the lives of most of the saints represented in the exclusive collection. The collection was assembled between the years 1961 to 1999","Thematic Museum","","https://www.ddregemuseum.org","9.82E+12","Free","03:00 PM - 06:00 PM","Workshops, Lectures and Photography"
"RBI Monetary Museum","Amar Building RBI, Ground Floor, Sir Phirozshah Mehta Road, Fort, Mumbai - 400001, Maharashtra","Maharashtra","The Museum plans to display representative Indian coins, paper money, gold bar s, as well as financial tools and historical curiosities in permanent, temporary, and mobile exhibits. Additionally, it intends to promote research and study on the development of money along the Indian Ocean Rim and enlighten the public about money & finance.","Thematic Museum","2004","https://www.rbi.org.in","0222261 4043; Museum@rbi.org.in","Free","10:45 AM - 05:15 PM","Workshops, Lectures and Photography ZOOLOGICAL AND BOTANICAL MUSEUM"
"Bombay High Court Museum","The Registrar General, Bombay High Court, Fort, Mumbai - 400032, Maharashtra","Maharashtra","The Museum displays old legal rolls, portraits of the advocates and a minuscule model of the Bombay High Court. The Museum collection also includes Mahatma Gandhi’s Barrister Certifi cate dating back to 1891.","Thematic Museum","2015","","","Free","10:00 a.m - 02:00 p.m (Only on Saturday and Sunday)","Library, Film shows and Guided Tours"
"Narrow Gauge Rail Museum","Kamptee Road, Moti Bagh, Mohan Nagar, Nagpur - 440014, Maharashtra","Maharashtra","The Museum consists of a number of thematic galleries based on several railroad departments, such as locomotives, coaches, and waggons, signal and telecom, etc. Photographs, models, parts & components, and other visual displays are used to present information about these divisions. The “Heritage” gallery features lovely german- silver cutlery items used in royal carriages, a coal-fired oven, a di stinctive foldable wash basin, a collection of postage stamps on Indian and foreign railroads, old technical bulletins, manuals, reports, and correspondence letters, as well as various aspects and distinctive characteristics of the narrow gauge system that are exquisitely portrayed through paintings.","Thematic Museum","2002","https://www.indianrailways.gov.in","9957550966","Adults: Rs. 25 per head, Children: Rs. 10 per head","11:00 a.m - 09:00 PM (April - Sept), 10:00 am – 8:00 pm (Oct - March) (Closed on Mondays)","Café, Photography, Souvenir Shop and Guided Tours"
"Joshi Museum of Miniature Railways","17/1, B/2, Late GA Kulkarni Path, near Karishma Society, Kothrud, Pune - 411038","Maharashtra","The Museum exhibits several kinds of trains including the steam engine, diesel engine, high-speed intercity express, underground metro, rope railway, funicular railway and Wuppertal hanging railway. The design comprises 65 signals, 26 points, six platforms, fences, lamp posts, flyovers and a two-lane highway with moving cars. There is also a tiny Ghat section with a reversing station, especially for the steam trains. The station yard has announcement systems, main lines, goods loading facilities, hump shunting and a crane","Thematic Museum","1998","https://www.minirailways.com","91 202543 5378, ravi@minirailways.com","Rs. 120 for anyone over the age of 3 years, Kids below 3 years: Entry is free.","09:00 AM - 05:00 PM (Closed on Saturdays and Sundays)","Wheelchair, Café, Photography, Souvenir Shop and Guided Tours"
"Ratnagiri Marine Fish Museum","Sadanand Wadi, Ratnagiri - 4156121","Maharashtra","The Marine Museum has some rare and beautiful specimens like Sea horse fish, Lionfish, Trigger fish, Sea turtles, Eels, Sea cucumbers, Star fish, Lobsters, sea snakes and many more. This Museum also possesses a well mounted precious and age-old skeleton of Whale. The original length of the whale being 55 feet long and 5000 Kg in weight is strongly appreciated by everyone who visits this station.","Thematic Museum","1985","","2352222301","Adults: Rs. 5 per head and Children: Rs. 3 per head","10:00 AM - 05:00 PM (Closed on Saturdays and Sundays)",""
"Blades of Glory Cricket Museum","Govind Gaurav Apartments, Swanand Society Lane 1, Sahakar Nagar 2, Parvati Paytha, Pune - 411009","Maharashtra","The Museum has over 51,000 cricket items displaying cricket bats.","Thematic Museum","2012","https://www.bladesofglory.net","9.20E+11","Rs. 100 per head","10.30 AM - 07.00 PM","Lectures, Photography, Library, Training Production, Performing, Advertising and Marketing"
"National Museum of Indian Cinema","Gulshan Mahal, 24, Pedder Rd, Cumballa Hill, Mumbai - 400026, Maharashtra","Maharashtra","The Museum exhibits history of India Cinema and has ample artefacts, digital elements including kiosks, interactive digital screens, information based screen interfaces, etc. Film properties and costumes, vintage equipment, posters, copies of important films, promotional leaflets, sound tracks, tra ilers, transparencies, old cinema magazines, statistics covering film making & distribution etc. are displayed in a systematic manner depicting the history of Indian cinema in a chronological manner.","Thematic Museum","2019","https://www.filmsdivision.org","91 22 23551301","Indian Visitors above 14 years and above: Rs. 75 per head, Children 3 to 13 years: Rs. 40 per head, Foreign Citizen above 14 years : Rs. 500 per head, Foreign Citizen 3 to 13 years: Rs. 250 per head","10:30 AM - 07:00 PM","Lectures, Photography, Library, Training Production, Performing, Advertising and Marketing"
"Museum of Living History","Mahindra Towers, Dr, G.M. Bhosle Marg, Worli, Mumbai - 400018","Maharashtra","Museum incorporates elements of digital and futuristic art to celebrate the Mahindra company’s philosophy, fundamental values, and culture. Installations, interactive displays, ‘hype-boxes, ‘suitcase’ collections, and memorabilia from the company’s past have all been intended to tell the group’s story — its journey from its inception in 1945 to the present.","Thematic Museum","2022","","9867183381","","10.00 AM - 05:00 PM","Lectures and Photography"
"Maritime Mechanical Heritage Museum","BPT Workshop, Mujawar Pakhadi Rd, opposite Nirman Bhavan, Wadi Bandar, Mazgaon, Mumbai - 400010","Maharashtra","","Thematic Museum","","","","","10:00 AM - 05:00 PM","Lectures and Photography"
"Museum of Brain and Mind",": Swami Arcade, Above Dena Bank, Near Batuk Bhai Jewellers, West High Court Road, Dharampeth, Nagpur – 440010","Maharashtra","The Museum takes visitors on a fascinating journey, beginning with the history of mental illness and treatment techniques and ending with current thinking about the brain. Anatomy, Physiology, Psychology, Psychiatry, Neurology, Neurosurgery, Parapsychology, Sociology, Philosophy, and Spirituality are all represented in the exhibit. The Museum also displays and explains neurological issues varying from headaches to brain tumors, as well as psychiatric issues such as anxiety, depression, bipolar disorder, obsessive-compulsive disorder, and Schizophrenia.","Thematic Museum","2007","https://brainmuseumnagpur.in","91- 9373839279, 91-7588280149, 91-9850324610, 91-9423677685","Free","06.00 AM - 08.00 PM",""
"Vikram Pendse Cycles Private Museum","22, Harsh Bunglow, Lane Number 6, opp. Sahawas Sabhagriha, Sahawas","Maharashtra","The Museum displays over a hundred and fifty cycles, the oldest being the 1914 Sunbe am, from England. All the floors have cycles and/or cycling. Tires, seats, bells, gears, air pumps, lights, and other tools and spares are also included in the collection. It also contains vintage household objects such as typewriters, liquor bottles, keychains, radio sets, lighters, sewing machines, kitchenware, and so on. The Museum is intended to resemble a cycling track.","Thematic Museum","2017","","8530418517, vikrampendsecycles@gmail.com","Rs.100 per head above 5 years of age","11:00 AM - 07:00 PM (Closed on Tuesdays)",""
"Farid’s Camera Museum","Survey no. 16, Farid Manzil, 1/B, Ambedkar Nagar, Kondhwa Budruk, Pune - 411048, Maharashtra","Maharashtra","The Museum displays a personal collection of Mr. Farid. The Museum contains a collection of approximately 3000 cameras from pinhole-box cameras to the most recent digital and DSLR cameras.","Thematic Museum","1968","","91 20 26934396, amirstudio.pune@gmail.com","Rs.100 for per head above 5 years of age","Opens only on Appointment basis","Photography  ETHNOGRAPHIC MUSEUMS"
"Sunil Wax Camera Museum","Lonavala Junction, Lonavala Square Mall, Takve Kurth, Pune - 410401","Maharashtra","The Museum displays silicon and wax statues of famous personalities.","Thematic Museum","2010","","91 2114277666, 91 80-552-28822, info@celebritywaxMuseum.com","Rs. 200 per head","09:00 AM - 09:30 PM","Wheelchair, Café, Photography, Souvenir Shop and Guided Tours"
"Museum of Botanical Survey of India","Western Circle -7, Koregaon Road, Pune - 411 001","Maharashtra","The Museum showcases rich floristic exhibits in the heritage building. I t displays a collection of about 1000 articles including carpological materials, paintings, posters, ethno-botanical material, fossil collections and wooden artefacts. Panels depicting various plant groups, vegetation types, herbarium specimens of threatened and endangered species, poisonous plants, etc. have been displayed in the museum.","Botanical Museum","1956","https://bsi.gov.in","(020) 26122125, 26124139, 26139512, bsi-wcpune@yahoo.co.in","Free","09.30 AM - 05.30 PM (Closed on Saturdays and Sundays)","Photography and Guided Tours"
"Sekta Archaeological Living Museum","Sekta Awang, Taretkhul - 795010","Manipur","The museum houses rare antiques that depict the history of the tribes during the 14th and 15th century. The different sections in the museum give detailed insight of the traditions and rituals w hich the tribes practised","Archaeological Museum (Open Air Living Museum)","1991","https://not available social media : not available","info@miu.edu.in","Free","10:00 AM - 03:00 PM","Wheelchair, Café, Photography, Souvenir Shop, and Guided Tours"
"Kangla Archaeological Museum","Kangla Fort, Imphal - 795001","Manipur","The museum houses replicas including that of the memorial stone of Maharaja Chandrakirti Singh at Ukhrul, Churachandpur, Tipaimukh and areas of Imphal Valley. Along with replicas, the collection also includes stone tools belonging to the Stone Age found in the Tharon Cave and the Khangkhui Cave, hardened pots and inscriptions, various antique coins, and ancient artefacts collected from the excavations of Sekta, Khangabok and the Kangla","Archaeological Museum","2017","https://www.kanglaonline.com social media : not available","","Rs. 10 per head","10:00 AM - 05:00 PM (Closed on Wednesdays)","Wheelchair, Café, Photography, Souvenir Shop and Guided Tours"
"Manipur State Kala Akademi Archives","Khuman Lampak, Imphal - 795010","Manipur","","Archives and Libraries","1971","","","Free","09:00 AM - 04:30 PM (Closed on Sundays and Government Holidays)","Wheelchair, Café, Photography, Souvenir Shop and Guided Tours"
"Manipur Film and Archival Museum","","Manipur","The Archival Museum is named after S.N. Chand - the father of Mani puri cinema. He is the first Manipuri to make a feature film. The collection of the museum includes old films and posters etc.","Archives and Libraries","","","","Free","","Wheelchair, Café, Photography, Souvenir Shop and Guided Tours"
"Leimaral Museum and Research Centre","Masjid Road, Paona Bazar, Imphal, West District - 795001","Manipur","The collection includes ethnic textiles, musical instruments, books and papier mache objects","Art and Craft Museum","1998","","","Free","09:00 AM - 04:30 PM (Closed on Sundays and Government holidays)",""
"RKCS Art Gallery and Museum","RKCS Colony, Nambul River Road, Keishamthong, Imphal - 795001","Manipur","RKCS Museum of Art and Craft is being maintained by RKCS Art Gallery which permanently exhibits the original paintings of the legendary artist of Manipur, Rajkumar Chandrajitsana Singh popularly known as RKCS. RKCS is one of the pioneer artists among 20th Century Manipuri contemporary artists. His paintings mainly depicted the history of Manipur, socio-cultural themes and other contemporary works. The collection includes art installations, contemporary artworks, miniature portraits, waste boxes painting, bottle art, vintage movie posters of Hollywood, Bollywood and Manipuri cinema","Art and Craft Museum","","","9863181969","Free","","Photography and Guided Tours MEDICAL MUSEUM"
"The Handsel Art Gallery","Meitram - 795140","Manipur","The Art Gallery provides a platform to artists of all genres to display their works for viewers and art collec - tors who are interested in purchasing the artworks. The Gallery can also be reserved to hold art exhibitions too","Art and Craft Museum","","https://www.the-handsel-art-gallery.business.site","7005918503","","10:30 AM - 06:00 PM (Closed on Mondays)","Photography"
"Three Mothers Art Gallery","Thangapat Road, Thangapat Mapal Thangjam Colony, Palace Compound, Imphal - 795001","Manipur","Three Mothers Art Gallery is an epitome of the rich cultural heritage, tradition, and history of Manipur. It was named “Three Mothers” to signify the ‘Self mother, Mother country and Mother tongue’ respectively","Art and Craft Museum","1978","https://www.three-mothers-art-gallery.business.site","09774987618, threemothersartgallery@gmail.com","","10:30 AM - 06:00 PM (Closed on Mondays)","Laboratory, Research Lab, Lectures, Guided Tours"
"The Indian National Army (INA) War Museum","Kumam Leikai, Moirangthem Leikai, Moirang, 795133","Manipur","The Indian National Army (INA) War Museum in the INA Memorial Complex is the only official Museum dedicated to the Second World War in Manipur at present. Its focus is primarily on the rise of the INA and on the role and activities of Netaji Subhash Chandra Bose in particular. Relics of war from across Manipur dating back to 1944, including arms and ammunition, bayonets, helmets and bottles, among others are also displayed here.","War Memorial","1944","https://www.bishnupur.nic.in/tourist-place/ina-memorial-moirang","","Adults: Rs. 10 per head","10:00 AM - 04:00 PM (Closed on Mondays and Saturdays)","Photography"
"Imphal Peace Museum","Maibham Ching Link Rd, Nambol - 795134","Manipur","The Museum is in the living memory of the Battle of Imphal (Anglo-Japanese War) and other World War II battles (March–July 1944) fought in Manipur. The Museum has three secti ons: the first section exhibits a timeline of the Battle of Imphal along with the names of the casualties in the war. The names of the people of Manipur who joined the Indian National Army (INA) are also featured. The war artefacts displayed include artillery shells collected by the local people. There are also photographs of personal notes and the uniform of a Japanese soldier shown. The second section shows the scenarios after World War II in Manipur, it highlights the impact of the war and the process of recovery. Early television sets, photographs and cameras are also displayed. The third section displays the art and culture of Manipur","War Memorial","2019","","","Free","10:00 AM - 05:00 PM (Closed on Mondays)","Photography, Guided Tours, Special Programmes, Library, Film Shows, School Programmes, Cultural Ap - preciation Course and Periodical Newsletter"
"Police Museum, 1st Manipur Rifle Campus","Sanakhwa Yaima Kollup, Imphal - 795001","Manipur","The collection includes arms, photographs, armour, weapons, life-size statue of Ningthoujam Gulap, Subedar Major SMP in original, costumes and medals awarded to Manipur Police","Police Museum","1991","","","Free","10:00 AM - 04:00 PM (Closed on Government Holidays)","Photography, Guided Tours and Special Programmes"
"Ragailong Museum","Ragailong, Imphal - 795001","Manipur","","Ethnographic Museum","1991","","","","","Photography, Guided Tours and Special Programmes"
"State Kala Akademi Museum","Khuman Lampak, Imphal - 795010","Manipur","","Ethnographic Museum","1978","","","","","Guided Tours and Special Programmes"
"Tribal Museum and Research Centre, Akham Leikai","Sagolband, Imphal - 795004","Manipur","Tribal Museum and Research Centre is a private Museum constructed in 1987, which organised a new show called ‘Know Your Manipur’ in the year 1997. The Museum was built to s upport and preserve the different cultures of the different tribes of Manipur. There are about 750 items in the Museum as artefacts which includes tradi - tional dress, textile materials, ornaments, weapons, utensils, basketr y and field implements which are collected from seventeen different tribal communities","Ethnographic Museums","1987","https://not available social media : not available","8899788788","","","Not Available RELIGIOUS MUSEUM"
"Tribal Research Institute Cum Museum, Chingmeirong Adimjati","Chingmeirong, Imphal - 795004","Manipur","","Ethnographic Museum","1991","","","Free","",""
"Koirei Museum","Nungbi Khullen village, Ukhrul - 795142","Manipur","","Ethnographic Museum","","","","Free","","Photography (allowed with permission), Guided Tours, School Programmes and Lectures THEMATIC/SPECIALISED MUSEUMS"
"Ranshak Shim Living Museum","Lunghar Village, Ukhrul - 795142","Manipur","","Ethnographic Museum","1997","","","Free","","Photography"
"Purul Living Museum","Purul Akutpa - 795007","Manipur","","Ethnographic Museum","1990","","","","","Photography and Guided Tours"
"Mutua Bahadur Museum","Andro - 795149","Manipur","This Museum is a cultural complex located at Andro village. It houses artefacts of the State and from all over the North-East such as pottery, rare coins, rare manuscripts of the state, paintings, basketries, bell metals, jewel - ries, wood carving, etc. There are exact replicas of the houses of diff erent tribes and ethnic groups of the state such as Poumai, Kabui, Meitei, Kuki and Tangkhul","Ethnographic Museum","","https://www.imphaleast.nic.in/tourist-place/mutua_bahadur","","Free","Open only on Saturdays and Sundays for 24 hours","Photography (allowed with permission and fee), Guided Tours, School Programmes and Lectures"
"Medical Museum, Regional Medical College","Lamphel Rd, Lamphelpat, Imphal - 795004","Manipur","","Medical Museum","1989","https://www.rims.edu.in","0385 2414629","Free","","Guided Tours and Special Programmes  ART AND CRAFT MUSEUM/ GALLERY"
"Manipur University Museum","Indo - Myanmar Road, Canchipur - 795003, Imphal","Manipur","The Museum has four main galleries namely : The Art Gallery, Archival Gallery, Ethno Archaeology Gallery and Basketry Gallery. The collection includes paintings by eminent artists, stone tools, pottery, coins, fossils, basketry items, photographs of historical importance etc.","Multipurpose Museum","1891","https://www.manipur.ac.in","+91, 385 2435125, info@manipuruniv.ac.in","","09:00 AM - 05:00 PM","Guide Tours"
"Zogam Tribal Museum","Churachandpur - 795128","Manipur","","Multipurpose Museum","1991","","","Adults: Rs. 10 per head and Free for Children below 15 years","10:00 AM - 05:00 PM (Closed on Sundays)",""
"Manipur State Museum","Kangla, Imphal - 795001","Manipur","The Manipur State Museum is one of the most prominent Museum in the state. The Museum comprises galleries such as Archaeology, Ethnology and Natural History. The collection includes tribal ornaments, Manipuri textiles, agricultural equipment, historical dossiers, war weapons, tribal clothing and royal artefacts that include the ancient polo equipment and the costumes and other items of cultural relevance to the State. The most striking feature of the place is Hiyang Hiren, a Royal boat which is 78 feet long, showcased in an open gallery","Multipurpose Museum","1969","","9774939859","Adults: Rs. 20 per head and Free for Children below 15 yrs","10:00 AM - 04:00 PM (Closed on Mondays)","Photography"
"People’s Museum","Museum Pareng, Paji Leikai, Kakching - 795103","Manipur","The collection includes rare manuscripts and scriptures of the State, sacred puyas (local religious texts), artefacts belonging to Stone Age, wood carvings, wooden seats, tools, weapons used for hunting and ancient and mediaeval manuscripts that depict the nature of culture of the civilisation of the State. The collection of pottery, tribal headgear, and rings belonging to mediaeval life stand as proof of ethnic diversity of Manipur","Multipurpose Museum","1981","https://www.lamkoibi.in/people-museum","+91 9711208098, subartasingh@gmail.com","Indians: Rs. 10 per head and Foreigners: Rs. 100 per head","10:00 AM - 05:00 PM (Closed on Sundays)",""
"Orient Museum","Tamenglong - 795009","Manipur","The collection includes tribal arts and crafts, costumes, jewellery, domestic objects of Kabui tribe, coins, marble sculptures, prehistoric tools, guns, cannons, ivory and bell metal, terracotta objects and paintings","Multipurpose Museum","1985","https://www.lamkoibi.in/people-museum","","Indians: Rs. 10 per head and Foreigners: Rs. 100 per head","10:00 AM - 03:00 PM (Closed on Mondays, Sundays and Public Holidays)",""
"The United Museum","Noney Village, Tamenglong - 795009","Manipur","The collection includes antiquities, numismatics, textiles, Ethnological collections and paintings","Multipurpose Museum","1995","","","Rs. 10 per head","10:00 AM - 03:00 PM (Closed on Mondays, Sundays and Public Holidays)",""
"Nupi Lal Memorial Museum","Indo Myanmar Road (NH-39), Sanakhwa Yaima Kollup, Imphal - 795001","Manipur","This memorial is in memory of the women of Manipur who started agitation against the British Govern - ment for increasing the price of rice in the State. A few women were shot dead during the fight with the sepoy in this place, so the name became Nupilal Memorial. Here Nupi means “Women” and “Lal” means War","Personalia Museum","1999","","","Free","","Wheelchair, Café, Photography, Souvenir Shop and Guided Tours"
"Thangjing Museum","Lord Thangjing Campus, Pukhram Leikai, Moirang - 795133","Manipur","The collection includes clothes offered to lord Thanjing, Yenkao Phee (supposed to have been woven by Thoibi for her beloved Khamba)","Religious Museum","1987","","","Free","07:00 a.m - 04:00 PM","Photography  MULTIPURPOSE MUSEUMS"
"Manipur Science Centre","Uripok Kangchup Rd, Takyel, Lamphelpat, Imphal - 795004","Manipur","","Science Centre","2005","https://www.mastec.nic.in/","","Free","09:00 AM - 04:00 PM","Guided Tours and Special Programmes"
"Children’s Museum Cum Doll House, Manipur State Bal Bhawan Khuman Lampak","Khuman Lampak, Imphal - 795010","Manipur","","Thematic Museum","1972","","0385 2448532, 0879 4611546","Entry free (Only for Medical Students)","09:30 AM – 04:00 PM (Closed on Holidays)","Guided Tours, Special Programmes, Film Show and Lectures"
"Loktak Folklore Museum","Thanga Tongbram Leikai, Thanga Khoirom Leikai - 795133","Manipur","The Museum displays a collection of artistic, cultural and historical artefacts associated with the Loktak lake. The Museum preserves the folk customs and beliefs, folk medicines, folk literature associated with the Loktak lake.","Thematic Museum","2016","","9436444845","Free","","Guided Tours and Special programmes"
"Biological Museum, Manipur Zoological Garden","Iroisemba Zoological Garden Rd, Uripok, Imphal - 795004","Manipur","The collection includes specimens of Zoology and Botany and Taxidermy specimen","Zoological and Botanical Museum","1976","","","Free","10:00 AM - 04:00 PM (Closed on Saturdays and Sundays)","Wheelchair, Photography and Guided Tours"
"Zonal Anthropological Museum","Mawblei, Shillong - 793021","Meghalaya","The collection includes objects of Physical Anthropology ie Palaeoanthropology, Cultural Anthropology and Ethnographic specimens","Anthropological Museum","1952","","","Free","10:00 AM - 05:00 PM (Closed on Sundays)","Wheelchair, Café, Photography, Souvenir Shop and Guided Tours SCIENCE MUSEUM/CENTRE"
"Chrysalis Gallery by Jaya Kalra","Jingkieng, Nongthymmai, Shillong - 793014","Meghalaya","The art gallery is one of its kind in the small hill station of Shillong as it caters to photographers, sculptors, artisans and painters. The large gallery hall has ample and flexible spacing that can be used to display numerous paintings, photographs, handicraft items and sculptures","Art and Craft Museum","","https://www.jayakalra.com/","9436118960","Free","",""
"Bishnu Museum","Assam Regimental Centre, Happy Valley, Shillong - 793007","Meghalaya","The Museum exhibits regimental memorabilia, Japanese arms captured during World War II, arms captured during counter insurgency operations, uniforms, various accoutrements and photographs","Army Museum","1943","","26418, Gram: ARC Shillong","Free","08:00 AM - 06:00 PM (Closed on Sundays and Government Holidays)","Photography"
"Manekshaw Museum","58, Gorkha Training Centre, Happy Valley, Shillong","Meghalaya","It is dedicated to the legendary Field Marshal Sam Horsmuji Framji Jamshedji Manekshaw. It is a loving tribute for his distinguished Military career that spanned four decades and five wars, beginning with his service in the British India Army in World War II. Under his command, forces conducted victorious campaigns against Pakistan in the Indo-Pakistan war of 1971 that led to the liberation of Bangladesh in December 1971","Military Museum","","","","Free","",""
"Air Force Museum","7th Mile, HQ, EAC, Shillong - 793005","Meghalaya","The Museum offers its visitors an insight into the history of the Indian Air Force and its glorious events especially during the Indo-Pak War of 1971. The most priced exhibit of the museum is the Cariboua Fighter Plane used during the Indo-Pak War of 1971. Among other things, the Museum provides information on the history of planes and aircraft, models of actual aircraft, world oldest airport and the Wrightbrothers’ memorial etc.","Air Force Museum","","","9472500691","Free","09:00 a.m - 05:00 PM","Wheelchair, Café, Photography, Souvenir Shop and Library MULTIPURPOSE MUSEUMS"
"Rhino Heritage Museum","Zigzag Rd, Lewduh, Bara Bazar, Shillong - 793004","Meghalaya","The building was initially used for incarcerating the Japanese War prisoners of World War II, is now being repurposed as a Museum and the collection includes historical photos, medals ect of the military and collections showing the valour and sacrifices of the Assam Rifles and also collection of the local c ulture","Army Museum","1928","","","Rs. 50 per head","09:00 AM - 05:00 PM (Closed on Thursdays)",""
"District Museum, District library","Jowai, Jaintia Hills, Mynthong - 793150","Meghalaya","The collection includes dresses, ornaments, household items, and agricultural paraphernalia of the local people. The museum is considered as one of the centres for studies into the history and culture of Meghalaya. It is a relatively small Museum in terms of infrastructure but there has been a steady collection of artefacts since its inception. The museum also has a small gallery showcasing local artists.","Ethnographic Museum","2010","","+91 9856007604, 85banalm@gmail.com","Free","10:00 AM – 05:00 PM (Closed on Sundays)","Guided Tours, School Programmes and Photography"
"Tribal Research Institute Mawlai","Mawlai Nongkwar, Shillong - 793017","Meghalaya","","Ethnographic Museum","","","","","","Photography, Guide Services, School Programmes and Lectures"
"Geological Museum","GSI Complex, Nongrimbah, Shillong - 793014","Meghalaya","The collection includes samples of rocks, minerals and fossils of million years ago found in and around North East India","Geological Museum","","","","Free","09:00 AM - 05:00 PM (Closed on Government Holidays)","Lectures and Photography ETHNOGRAPHIC MUSEUMS"
"Tribal Cultural Museum, Ramakrishna Mission Cherrapunjee","Khlieh Shnong, Cherrapunji - 79311","Meghalaya","Ramakrishna Mission Cherrapunjee, houses a Tribal Culture Museum and an Anthropological Museum. The Museum displays the culture of East Khasi Hills and the Anthropological Museum displays artefacts and other handicrafts of Khasi tribes. These two Museums housed within the ashram have a diverse range of objects that are displayed. The tribal culture Museums showcase tradition, culture and heritage of various tribal societies of several North-Eastern States. The collections include objects related to agriculture, traditional musical instruments, clothes, jewellery, basketry, objects of daily use and much more","Multipurpose Museum","1952","","3637235242","Free with prior permission from the authority","10.00 AM - 05.00 PM (Closed on Sundays)","Photography and Library"
"Museum Don Bosco Centre for Intangible Cultures Museum, Sacred Heart College Campus","Mawlai Phudmuri, Mawlai Mawdatbaki, Shillong - 793008","Meghalaya","The Museum boasts of 21 galleries arranged thematically in a seven-storey building. The agriculture gallery displays the three main techniques of agriculture in the region, plough cultivation, shifting cultivation and wet-rice cultivation. The second gallery, called the alcoves galle ry, contains 10 alcoves representing different North Eastern Tribes and the geographical locations that they reside in. The Museum also contains a costumes and ornaments gallery that displays the traditional attire and jewellery of several tribes, giving us a glimpse of an important aspect of their identity and heritage. While the food gallery offers several indigenous dishes of Northeast India. Pork chops and bamboo shoots from Meghalaya, wild rice and fish from Manipur, Jadoh and Tungrym bai of the Khasis and the Wakpura of the Garo are all available at the food gallery","Multipurpose Museum","2004","https://www.dbcic.org/","09436962288, dbcicdirector@gmail.com","Indian: Adults - Rs. 50 per head, Students - Rs. 30 per head; Foreigners: Adults - Rs. 150 per head, Students - Rs. 90 per head","09:30 AM – 04:30 PM (Closed on Sundays)","Photography, Library and Guided Tours"
"District Museum, Tura","Tura - 794101","Meghalaya","The Ethnographic gallery depicts life and culture with the intent of protecting and preserving the cultural and artistic heritage of the people of Garo Hills. Other collections include anthropological objects, musical instruments, weapons etc.","Multipurpose Museum","1989","","","Free","10:00 AM - 05:00 PM (Closed on Saturdays, Sundays and all Government Holidays)","Photography, Library and Guided Tours"
"Captain Williamson Sangma State Museum","Secretariat Hills, Shillong - 79300","Meghalaya","The Museum was established in the year 1975, under the auspices of the Department of Education and housed in the Legislative Assembly building. A small gallery was established wherein few collections were displayed. The State Museum continues to collect valuable exhibits, rare articles and antiques. A number of dioramas have been put up depicting the socio-cultural lives of the people of the State","Multipurpose Museum","1975","https://www.megartsculture.gov.in/mus.htm","+ 91 364 2222731","Free","10:00 AM – 04:00 PM (Closed on Saturdays and Sundays)","Photography, Library and Guided Tours"
"G.G. Swell Museum","Dong Mission Road, Laitkynsew - 793108","Meghalaya","The collection includes photographs, artefacts, and documentary films of G.G . Swell’s life and career. His contribution to the formation of the State of Meghalaya and breaking away from Assam was undeniable. Just like other leaders who fought for the freedom of the Country, he too fought for the freedom of the State. The Museum design itself is planned so as to tell a story of his life, with one view window giving a glimpse of the ruins of his ancestral home. The Museum looks juxtaposed against the Laitkynsew landscape, touching it lightly and bringing in natural light into the interiors. Due to the heavy monsoon rains, this museum’s roof-form with larger overhangs was made of metal and the approach walkway is also protected, creating a tunnel-like approach into the main gallery space.","Personalia Museum","2016","","","","10:00 AM – 05:00 PM (Closed on Sundays)","Photography, Library and Guided Tours"
"Shillong Science Centre","Main Campus Rd, North Eastern Hill University, Shillong - 793022","Meghalaya","The Museum is divided into galleries that have fun exhibits and concepts s uch as Mystery behind flying objects, Game of energy ball, Wonders of Chemistry show, Human performance, Life science corner.","Science Center","2006","https://www.nehu.ac.in/","","","10:30 AM – 04:30 PM (Closed on Sundays)","Photography, and Guided Tours MULTIPURPOSE MUSEUMS"
"Wankhar Entomology Museum","Near Christian Academy School, Riatsamthiah, Shillong - 793001","Meghalaya","It has a rich collection of 1600 types of butterflies and moths from all over the world. Colourful insects and similar endemic species found in nearby regions can also be seen at the Museum. The Museum has a few displays providing insight into the lifespan and habitat of these insects","Thematic Museum","1930","","0364 2544473","Indians - Rs. 50 per head and Foreigners - Rs. 100 per head","11:00 AM – 04:00 PM (Closed on Sundays)","Photography, Gallery, Guided Tours and Library"
"Government Gandhi Memorial High Secondary School Museum","Government Gandhi Memorial High secondary School Museum, Champhai District","Mizoram","","Ethnographic Museum","1968","","","Free","09.00 AM - 03.00 PM","Photography, Gallery Guided Tours and Library  SCIENCE MUSEUM/CENTRE"
"District Museum Saikuti Hall","Dungli Venglai, Lunglei - 796701","Mizoram","The collection includes tribal materials that depict the history of the communities","Ethnographic Museum","2006","","","Free","09:00 AM - 03:00 PM",""
"BMS Centennial Archives Cum Library, Lunglei","Serkawn, Lunglei, Mizoram 796691","Mizoram","","Multipurpose Museum","1995","","","","","Photography"
"Mizoram State Museum","MacDonald Hill, Zarkawt, Aizawl - 79600","Mizoram","The Museum has five galleries: Textile Gallery, Ethnology, History , Anthropology, Natural History, and an Archaeology Terrace. The galleries display textiles of different communities of Mizos, distinctive bed cloth like Pawnpui, Pawnpuite and Puankawp models of full size men and women with festive dresses, artefacts of the Mizos such as distinctive traditional musical instruments, weaponry, hunting implements, domestic utensils, materials used for brewing and drinking local rice beer, cotton processing materials, tr aditional fibre arts, cane and bamboo works, other household materials etc which demonstrate every day life of the Mizo people. Photographs and paintings of some prominent persons, historical places and also stone implements and other materials of historical importance and rare minerals and mining etc.","Multipurpose Museum","1977","https://www.mizoculture.mizoram.gov.in/page/mizoram-state-museum","3892340936","Adult: Rs. 20 per head and Children: Rs. 10 per head","10:00 AM – 03:30 PM (Closed on Sundays)","Guided Tours"
"Mizoram Science Centre","NH 54, Aizawl - 796017","Mizoram","It promotes creative activities in school to supplement formal sci ence education. It also develops scientific exhibits, temporary exhibitions, kits and aids for use in order to portray the development in science and technology. It also serves as a recreational centre. Since its inception, it has been serving the people by communicating science & technology through its exhibits and activities in an enjoyable way","Science Centre","2003","https://hdst.mizoram.gov.in/page/mizoram-science-centre","7085054583","","10:00 AM – 04:00 PM (Closed on Sundays and Mondays)","Photography"
"Department of Art and Culture","Upper Bayavü Hill, Kohima - 797121","Nagaland","The Collection includes art and cultural objects that represents the heritage of Nagaland","Art and Craft Museum","1964","","","","09:00 AM – 04:00 PM (Closed on Sundays)","Photography"
"Chumpo Museum","Sovima, 6th Mile, Dimapur - 797115","Nagaland","Chumpo in Nagamese, the language of Nagaland, means ‘Morung’ or ‘bachelors’ dormitory’ . The Museum has Naga artefacts dating back to the 18th century, including ancient log drums, spears, bows and arrows of a Naga headhunter warrior, traditional rice beer containers, traditional handloom, rice pounders and many other wooden artefacts depicting the cultural history of Naga tribes are preserved at the Museum","Ethnographic Museum","","","","Free","","Guided Tours"
"Longleng District Museum","Orangkong - 798625","Nagaland","The collection includes the Ethnographic objects of the native tribes","Ethnographic Museum","2020","","","Free","",""
"Mon District Museum","Mon - 798621","Nagaland","The Museum houses the heritage of the respected regions. Majority of their collection shows the cultural heritage of Kanyak tribe","Ethnographic Museum","2019","","","Free","","Library"
"Naga traditional Museum, Kohima","Unnamed Road, Jotsoma - 797002","Nagaland","","Ethnographic Museum","2019","","","Free","","Photography"
"Zapami Heritage Museum","Zapami - 797107","Nagaland","The Museum houses items such as shields of ancient warfare, instruments of war and friendship treaties in the form of spears and Bible, closets for women known as lüna-labu, musical instruments and remnants of World War II. There are empty bombshells, gas masks, metal water containers, a leather belt, spades, and fuel tanks. It also has items such as the special rice beer container, known as letsii, that was used exclusively by the mewu (priest) during feasts.While the museum building was being constructed, workers had also stumbled upon an ancient grave that contains remains of a human being and a dog, in separate stone enclosures","Ethnographic Museum","2017","","","Free","","Guidebook and Photography"
"Pucho Hibo Museum","Kohima - 797005","Nagaland","The Museum collection has some of the household items that have been preserved and kept in its original setting are his wooden bed and pillow, kitchen utensils, pots, baskets, etc., which are made of wood, stone, clay, bamboo, crude iron, and animal skin and bones","Ethnographic Museum","2017","","","Free","",""
"Sungratsu Museum","Mokokchung Impur - 798615","Nagaland","The collection includes antique ornamental items, headgear, shields, spears, handicraft and handloom materials, Naga daw, woodcrafts, photographs etc.","Multipurpose Museum","1980","","","Rs. 10 per head","Summers: 10:00 AM - 05:00 PM, Winters: 09:00 AM - 04:00 PM (Closed on Sundays)",""
"Nagaland State Museum","Upper Bayavü Hill, Kohima - 797121","Nagaland","The Museum houses rare artefacts belonging to all 16 tribes of Nagaland. The collection ranges from tribal attires and weapons to jewellery and sculptures. The Museum also showcases musical instruments used by the Naga tribes. One of the best attractions of the Museum is the models of traditional Naga huts known as Naga Morung. The Museum also houses a rare collection of precious stones like cornelian and tourmaline along with brass artefacts and silver bells","Multipurpose Museum","1970","","","Rs. 10 per head","Summers: 1:.00 AM - 05:00 PM, Winters: 09:00 AM - 04:00 PM (Closed on Sundays)","Not Available ART AND CRAFT MUSEUMS/GALLERIES"
"Nagaland Science Centre","Supermarket Ln, Half Nagarjan, Dimapur - 797112","Nagaland","It communicates science and technology to the people in an enjoyable way with the primary objective of developing a scientific temper in the society and promoting creative learning of science i n schools and colleges","Science Center","2004","https://www.dst.nagaland.gov.in","0370 2270205, nastec-ngl@nic.in","","","Photography"
"World War II Museum","Kohima - 797005","Nagaland","The Museum exhibits war memorabilia from the WWII battles fought in and around Kohima. Displays include a diverse range of weaponry, table-top models of battle fields, soldiers’ uniforms and historic photographs","Thematic Museum General","2008","","","","","Training sessions"
"Balasore Branch Museum","Fakir Mohan Memorial Building, P.O. Motiganj, Balasore - 756001","Odisha","The collection includes Archaeological objects like stone sculptures, iron anchors etc.","Archaeological Museum","1983","","","Free","10:00 AM - 05:00 PM (Closed on Mondays and Government Holidays)",""
"Baripada Branch Museum","P.O. Baripada, District Mayurbhanj - 757001","Odisha","The collection includes implements of Palaeolithic and Neolithic Age - copper axe head; stone sculptures, historical documents, gold, silver, coins, seals, terracotta objects, palm leaf manuscripts","Archaeological Museum","1903","","","Free","10:00 AM - 05:00 PM (Closed on Mondays and Government Holidays)","Guide Walks, Cultural Programmes, Theatre, Museum Trials, Paddy Craft Workshop, Amphitheatre and  Souvenir Shop"
"Belkhandi Museum","P.O. Karla Munda, District Kalahandi - 762110","Odisha","The Museum displays the archaeological objects that have been found from the Belkhandi site","Archaeological Museum","1946","","","Free","10:00 AM - 05:00 PM (Closed on Mondays)","Library, Workshop, Showroom, Training and Residential Facilities"
"Prof. N.K. Sahu Museum","Sambalpur University, Jyoti Vihar, Burla District, Sambalpur - 768019","Odisha","The collection includes paintings, textiles, coins, potteries, stone inscriptions, sculptures, copper plates etc.","Archaeological Museum","","","0663 2432061","Free","07:00 AM - 01:00 PM (Closed on Mondays)","Books, Film Shows on Art and Culture of Odisha, Audio Visuals on the Folk Culture of Odisha and  Lectures"
"Khiching Museum","P.O. Khiching, District Mayurbhanj - 757039","Odisha","The collection includes beads, potteries, implements of palaeolithic and neolithic age, terracotta objects, stone inscriptions.","Archaeological Museum","1922","","06792 252606","Free","10:00 AM - 05:00 PM (Closed on Mondays)","Library, Guided Tours and School programmes"
"Archaeological Site Museum","P.O. Konark, District Puri - 752111","Odisha","The collection includes the stone sculptures from the Konark Sun Temple complex","Archaeological Museum","1968","","06758 236822","Indians - Rs. 10 per head and Foreign tourists - Rs. 250/ - per head","08:00 AM - 05:00 PM","Library, Lectures and Photography"
"District Museum","Main Road, Nuapada - 766105","Odisha","The collection includes stone sculptures, art and craft objects, epigraphical objects, potteries, terracotta objects, palm leaf manuscripts etc.","Archaeological Museum","1976","","","","10:00 AM - 05:00 PM (Closed on Mondays and Second Saturdays)",""
"Archaeological Site Museum","Ratnagiri, District Jajpur - 755001","Odisha","The collection includes objects of Buddhist origin from 7th century AD, sculptures, pottery, inscriptions, copper plates, seals etc.","Archaeological Museum","1998","","06728 24004","Adult: Rs. 2 per head and free for children below 15 yrs","10:00 AM - 05:00 PM (Closed on Fridays)","Photography"
"District Museum","Boudhgarh - 762014","Odisha","The Museum has a collection of archaeological objects like arms and weapons, sculptures, handicrafts, etc .","Archaeological Museum","","","","","10:30 AM - 07:00 PM (Closed on Mondays)",""
"Lalitgiri New Museum","Lalitgiri - 754205","Odisha","The collection includes terracotta, red sandstone sculptures that were based on Buddhism like sculpture of Buddha in different Mudras, Tara, Maitreya, Bodhisattvas, ancient seals and inscriptions etc. These were found either from excavations at the Buddhist site of Lalitgiri and Ratnagiri and other regions in Odisha.","Archaeological Museum","","","","","","Library and Rare journals - English and Oriya"
"Jayadeva Pitha","Banamalipur Rd, Jahangir Patana, Kenduli - 752103","Odisha","The collection includes the Archaeological objects found from the nearby villages of Kenduli","Archaeological Museum","","","","","","Library, Guided Tours, School Programmes, Lecture and Photography"
"Ganjam Lok Kala Sangrahalaya","Chhattarpur, Ganjam District - 761020","Odisha","The collection includes contemporary costumes used for theatre and musical instruments","Art and Craft Museum","1996","","06811 263752","Free","10:00 AM - 05:00 PM (Closed on Mondays and Government Holidays)",""
"Sudam Sand Art Museum","Baliguali Road, Puri - Konark Marine Drive - 752002","Odisha","The Museum displays 3D sand art models of various themes and in different styles - historical figures, monuments, hindu gods, animated characters etc.","Art and Craft Museum","2018","","9938498600","Rs. 30 per head","07:00 AM - 08:30 PM (Closed on Mondays)","Not Available  NATURAL HISTORY MUSEUM"
"Odisha Modern Art Gallery","Ekamra Marg, 132, Forest Park, Bhubaneswar - 751009","Odisha","The Museum houses a series of original artworks by local talents of all age groups","Art Gallery","","","91 674 2595765, orissaartgallery@gmail.com","","","Exhibition on Wheels, Discovery Room, Activity Room, Braille, Locker, Cafetaria and Wheelchair., Rest Room"
"Kala Bhoomi Odisha Crafts Museum","Shilpi Vihar Gandamunda, Pokhariput, Bhubaneswar - 751020","Odisha","The Museum is divided into 4 zones which are further divided into 8 galleries. The collection of these galleries include objects of terracotta, traditional paintings, stone, metal and wood carving, tribal craftwork, handicrafts and handlooms. Outside the museum displays the tribal way of living and temple architect styles.","Art and Craft Museum","2018","https://www.odishacraftsmuseum.com","08046809358, 91 9777810907, info@odishacraftsmuseum.com","Adults: Rs. 10 per head and Children below 12 yrs - free","10:00 AM - 05:30 PM",""
"Sudarshan Crafts Museum","Station Rd, Puri - 752001","Odisha","The collection of the Museum includes sculptures, handicraft items, stone and wood carvings, paintings etc.","Art and Craft Museum","","","0675 2220474","Indian Tourists - Rs. 5 per head and Foreign Tourists - Rs. 50 per head","08:00 AM - 08:00 PM, (Closed on Saturdays & Sundays)","Library, School Programmes, Film Shows, and important programmes on the occasion of Netaji’s birthday  and Photography"
"J.D. Centre for Arts","Bhubaneswar - 751030","Odisha","The Museum aims at preserving and promoting the traditional and contemporary art forms of Odisha and bringing forward the sustainable and human centred designs. The collections of the Museum include the founder Jatin Das’ art works, modern art - paintings, traditional art and craft - sculptures (masks, masks etc.), a large collection of pankha (hand fans), books etc.","Art and Craft Museum","","https://www.jdcentreofart.org","+ 91 674 2554195, 2555077, contact@jdcentreofart.org","Free","",""
"Museum of Tribal Artefacts","SC and ST Research - cum - Training, CRP Square, Nayapalli, Unit VIII, Bhubaneswar - 751003","Odisha","The collection includes jewelleries, photographs, household and agricultural implements, textiles, musical instruments etc of the tribal communities - Santhal, Juang, Gadaba, Saora, Kondh etc.","Ethnographic Museum","1952","","0674 2563649, scstriti@yahoo.co.in","Free","10:00 AM - 05:00 PM (Closed on Mondays)",""
"Tribal Museum","Koraput","Odisha","The collection includes metal objects, jewellery, wooden objects, textiles of tribal communities and has open air and tribal worship display areas","Ethnographic Museum","1976","","06852 320093, k.c.panigraphy@gmail.com","Rs. 1 per head","10:00 AM - 10:00 PM (Closed on Mondays)","3D Theatre, Science Shows and Sky observation through Telescope"
"District Museum","District Cultural Office, Khandalpara, Balangir - 767001","Odisha","The collection includes stone sculptures, metal images, metal objects, jewellery, terracotta objects, miniature paintings, Anthropological objects etc.","Multipurpose Museum","","","06652 231125","Free","10:00 AM - 05:00 PM (Closed on Sundays and Government Holidays)","Library, Guided Tours, School Programmes, Film Shows, Lectures and Photography"
"District Museum","Gandhi Bhawan, Bargarh - 768026","Odisha","The collection includes stone sculptures, coins, tribal jewellery, palm leaf manuscripts, musical instruments","Multipurpose Museum","Not A Vailable","","06646 24681","","Closed on Fridays","Photography"
"Berhampur Branch Museum","P.O. Berhampur - 4, District Ganjam","Odisha","The collection includes sculptures, arms and armours, objects of anthropological and natural history origin, metal, glass and ivory objects, pattachitra etc.","Multipurpose Museum","1978","","","Free","10:00 AM - 05:00 PM (Closed on Mondays)",""
"Berhampur University Museum","P.G. Department of History, Berhampur University, Bhanja Bihar, Berhampur, District Ganjam - 760007","Odisha","The collection includes numismatics, sculptures of stone and plaster cast, tribal artefacts like musical instruments, ornaments, household artefacts, hunting weapons etc; brass objects, palm leaf manuscripts, photographs etc.","Multipurpose Museum","1968","","","Free","10:30 AM - 04:30 PM (Closed on University Holidays)","Planetarium Shows THEMATIC/SPECIALISED MUSEUMS"
"Odisha State Museum","Kalpana Square, BJB Nagar, Lewis Road, Bhubaneswar - 751014","Odisha","The collection includes sculptures, terracotta objects, numismatics, copper plates, specimens of fine arts, objects of arts and craft, pattachitra, tribal gallery, jewellery, musical instruments, bronze and metal sculptures, zoological dioramas etc.","Multipurpose Museum","1932","https://odishamuseum.nic.in","0674 2431597","Indian - Rs. 10 per head and Foreign tourists - Rs. 50 per head","10:00 AM - 05:30 PM (Closed on 2nd and 4th Saturdays and Mondays)",""
"Dhenkanal Branch Museum","District Cultural Officer, P.O District Dhenkanal - 759001","Odisha","The collection includes sculptures, objects of Anthropology and Natural History origin, handicrafts, manuscripts etc.","Multipurpose Museum","1979","","06762 2431597","Free","10:00 AM - 05:00 PM (Closed on Mondays and Second Saturday)",""
"Branch Museum","P.O Salipur, District Cuttack","Odisha","The collection includes objects of Anthropology and Natural History origin, arms and armoury, sculptures, pattachitra paintings, metal and terracotta objects etc.","Multipurpose Museum","1979","","","Free","10:00 AM - 05:00 PM (Closed on Mondays and Government Holidays)",""
"Regional Museum of Natural History","Acharya Vihar, Sachivalaya Marg, Near Planetarium, Bhubaneswar - 751013","Odisha","The Museum has exhibits of plants, animals, geological objects from Odisha, Eastern and North Eastern India, Andaman and Nicobar Islands, exhibits biodiversity of Bhitarkanika, Similipal, Chilika. The museum has a collection of skeletons of Dolphin, Rhino, Elephant and Baleen whales. The Museum also proudly exhibits the world’s longest living flower - Baobab","Natural History Museum","2004","https://odishatourism.gov.in","0674 256 7114","Free","10:00 AM - 06:00 PM (Closed on Mondays)",""
"Madhu Smreti Sangrahalaya","Shailabala Women’s College, Mission Road, P. O. Box Buxi Bazar","Odisha","The Museum has a collection of photographs, furniture, paper documents, textiles, hats, leather objects, wooden glass, silver objects, porcelain, cane, clay glass paintings, shoes, personal belongings, marble chess board","Personalia Museum","","","","The museum can not be accessed by the general public","Open only for 2 days in a year - on February 7 the birthday and on April 28 the death anniversary of Madhusudan Das","Library and Photography"
"Netaji Birthplace Museum, Netaji Memorial Trust","Netaji Memorial Trust, Jankinath Bhawan, Oriya Bazar, Cuttack - 753002","Odisha","The Museum’s collections include photographs, household articles, old furniture, records, letters, receipts, old paintings, books, INA Uniforms, badges, stamps, and swords","Personalia Museum","2004","","0671 2628044","Rs. 1 per head for ages 12 and above","10:00 AM - 05:00 PM (Closed on Mondays)","Library, Photography and Guided Tours"
"Jain Heritage Museum","Pratap Nagari, District Cuttack","Odisha","The Museum has a collection of sculptures of gods and goddesses","Religious Museum","2005","","0671 2300126","","10:00 AM - 05:00 PM (Closed on Mondays)",""
"Niladri Vihar Darshan Mandir Museum","Jagannath Puri Temple Premises, Puri","Odisha","The Museum has a collection of series of sculptures of gods and goddesses","Religious Museum","1972","","","Adults: Rs. 5 per head and free for children below 5 yrs","06:00 AM - 12:00 PM",""
"Regional Science Centre, Bhubaneshwar","Pandit Jawaharlal Nehru Marg, Acharya Vihar, Bhubaneswar - 751013","Odisha","","Science Center","1989","https://www.rscbhubaneswar.org/","06742542795, rscbbsr@yahoo.com","Entry - Rs. 25 per head, 3D shows - Rs. 30 per head, Science shows - Rs. 10 per head, Taramandal shows - Rs. 10 per head","10:00 AM - 06:30 PM","Guided Tours"
"Dhenkanal Science Centre","Near Rajbati, Dhenkanal - 759001","Odisha","The Museum consists of different types of galleries - scientific e xhibits, popular science gallery, Life Science gallery, Chemistry gallery, zoo and Kapilas science park","Science Museum","1995","","06762 224155, funscience@dataone.in","Adults: Rs. 2 per head and Students - Free","11:30 AM - 07:00 PM","Guided Tours EDUCATIONAL MUSEUM"
"Kapilas Science Park","Near Kapilas Zoo, Kapilas, District Dhenkanal - 759016","Odisha","The park has a series of displayed exhibits","Science Park","1995","https://www.bitmcal.org","06762 212544","Adults: Rs. 5 per head and Students: Rs. 2 per head","10:00 AM - 05:30 PM","Library, Guided Tours, Photography and Parking"
"Bargarh Science Centre","Near New DHH, Chadeigoan - 768038","Odisha","The Museum has sections that have fun activities and instalments that give knowledge about basic concepts of science, physical equipment for fun science experiments, mathematical equipment","Science Centre","2020","","","Rs. 15 per head","11:00 AM - 05:00 PM (Closed on Mondays)","Wheelchair, Restroom, Lifts, Guided Tours, School Programmes and Photography"
"Pathani Samanta Planetarium","Apollo hospital, Acharya vihar, Doordarshan Colony, Gajapati nagar, Bhubaneswar - 75105","Odisha","The Museum is named after the famous astronomer - Pathani Samanta. The Museum has fun and interactive science exhibits, posters, installations, astronomical devices, night sky view activities and science shows","Science Centre","","","0674 2567653","Adults: Rs. 30 per head and Children: Rs. 20 per head","02:00 PM - 06:00 PM (Closed on Mondays)","Photography"
"Odisha State Maritime Museum","Mahanadi, Ring Rd, Professors Colony, Cuttack - 753003","Odisha","The Museum has collection that show Odisha’s maritime heritage, model boats, equipments used for navigation and other models","Thematic Museum","","","0671 2415500","","10:00 AM - 04:30 PM (Closed on Mondays)","Photography"
"Odisha High Court Museum","Biju Pattnaik Colony, Cuttack - 753008","Odisha","The collection includes old typewriters, court seals, hoods with silver, table calling bell, wooden chair used by judge of erstwhile Mayurbhanj High Court, documents, portraits of Honourable Chief Justices of Odisha High Court, text panels, maps of freedom movement, relics, antiques etc.","Thematic Museum","2017","","","Not A Vailable","10:00 AM - 05:00 PM (Closed on Mondays)","Photography"
"Archaeological Site Museum","College Road, Ropar, District Rupnagar - 140301","Punjab","The Museum houses the archaeological remains of an excavated site nea r Ropar, the first Harappan site excavated in Independent India. The excavation revealed a cultural sequence from Harappan to medieval times. Important exhibits include antiquities of Harappan times, Painted Grey ware culture, Saka, Kushana, Gupta times such as Vina Vadini (lady playing on vina), steatite seal, copper and bronze implements, ring stone, yakshi image, gold coins of Chandragupta","Archaeological Museum","1998","https://www.asi.nic.in","01881 221230","Indian- Rs. 5 per head, Foreigners- Rs. 100 per head (Children up to 15 yrs. free)","10:00 AM - 05:00 PM (Closed on Fridays)","Photography and Guided Tours"
"Archaeological Site Museum","Ucha Pind, Sanghol, District Fatehgarh Sahib","Punjab","The antiquities discovered from the late Harappan era consist of ver y fine potteries, terracotta beads, figurines, fiancés bangles, terracotta cakes, beads of precious and semi- precious stones, copper chisels, chert weights and 92 micro beads of gold. The material from other levels, such as potte ries, human figurines, gamesmen beads of precious and semi-precious stones are also on display.","Archaeological Museum","1990","https://www.asi.nic.in","","Adults: Rs. 10 per head and Children: Rs. 4 per head","10:00 AM- 05:00 PM (Closed on Mondays)","Photography"
"Archaeological Museum","Sandhu Ashram, Hoshiarpur","Punjab","The Museum’s primary collection consists of sculptures discovered from around the Dholbaha area, a rare archaeological site in Punjab that is located about 30 kilometres to the North-West of Hoshiarpur. Museum displays fossils and mediaeval sandstone carvings. A head of Vishnu from the 10th century AD is one of the Museum’s important sculptures. The statues of Ganesha, Shiva and Parvati, as well as a statue showing four Jina representations seated back to back, are among the other significant sculptures. Mahisasuramardini killing Mahisha is also displayed","Archaeological Museum","1971","https://www.punjabtourism.punjab.gov.in","","Free","09:00 AM - 05:00 PM (Closed on Saturdays and Sundays)","Photography"
"Archaeological Site Museum.","Dholbaha, Hoshiarpur, Punjab","Punjab","Collection includes artefacts collected during excavation at site Dholbaha.","Archaeological Museum","1970","","","Free","10.00 AM - 05:00 PM (Closed on Mondays)","Library"
"Arms and Chandeliers Gallery","Qila, Patiala","Punjab","Museum exhibits a rich collection of arms and armours. The Shikar sword, which belonged to Nadir Shah, is one among the notable weapons on display. Helmets, shields, and arm-protectors with images of Persian court scenes are some more intriguing armour pieces","Art and Craft Museum","1948","https://www.punjabtourism.punjab.gov.in","","","","Guided Tours"
"Arts and Craft Gallery","Sheesh Mahal Old Moti Bagh, Patiala","Punjab","Museum exhibits a very fine set of miniature paintings based on the theme s of “Geet Govind” in Kangra Style, based on Jai Deva’s poetry, is greatly commended by the lovers of art. There are very fine specimens of ivory- work displayed in the galleries, which include chessmen, horse rider, beaut ifully carved tusks and a fine perforated ivory piece with carved deities inside. In the Royal room wooden carved furniture, Burmese and Kashmiri objects are displayed","Arts and Craft Museum","1972","https://www.punjabtourism.punjab.gov.in","","","10:00 AM- 05:00 PM","Photography, Parking, Wheelchair, Souvenir shop and Guided Tours"
"Medal Gallery","Patiala, Punjab","Punjab","Patiala has one of the largest collections of medals and decorations, as seen by the Medal Gallery installed in the Sheesh Mahal. There are currently more than 3200 orders, medals, and decorations in this collection, making it one of the richest and most diverse in the world.","Arts and Craft Museum","1960","https://www.punjabtourism.punjab.gov.in","","","10:00 AM - 05:00 PM","Guided Tours and Photography"
"District Museum","Banasar Bagh Sangrur","Punjab","The Museum exhibits weapons, art and craft objects, textiles, paintings, archaeological objects","Arts and Craft Museum","1972","https://www.sangrur.nic.in","","","10:00 AM - 05:00 PM","Guided Service, and Photography  ZOOLOGICAL AND BOTANICAL MUSEUM"
"Anglo-Sikh Memorial Museum","Ferozeshah, Ferozepur","Punjab","Museum exhibits paintings and weapons. Weapons from the time of the Anglo-Sikh War are on display in the hall on the ground level. Inscribed in bronze are passages from Cunningham’s History of the Sikhs and Wars of Shah Mohammad. The Punjab Government donated the weapons from the Patiala Museum. Four paintings in the room show the Mudki, Ferozeshah Sabhraon, and Chillianwala wars. These paintings were created by renowned artist Mr. Kirpal Singh","Arts and Craft Museum","1976","https://www.ferozepur.nic.in","094787 01996","Adults: Rs. 5 per head and Children: Rs. 2 per head","10:00 AM - 05:00 PM (Closed on Mondays)","Library, Guided Tours and Photography"
"Punjab State War Heroes’ Memorial and Museum","India Gate Attari-Wagah, Road, Chheharta, Amritsar - 143001","Punjab","The project covers the heroism and sacrifices on the sacred soil of Punjab from the days of Alexander the Great up to the Kargil War. It also covers the origins of Miri Piri which evolved at the time of the sixth Guru, Guru Hargobind Singh Ji. The proposed project is named as ‘Punjab State War Heroes Memorial & Museum’ & will consist of a 45 metres high Sword to be installed in the Central Vista of the museum having the following 8 galleries depicting the sacrifices and heroic deeds from the times of the sixth Guru till Kargil operati ons","Defence Museum","","https://wwwdefencewelfare.punjab.gov.in","8146130406","Rs. 100 per head","10:00 AM – 05:30 PM (Closed on Mondays)","Photography, Souvenir shop, Wheelchair, Workshops, Lectures and Seminars"
"Maharaja Ranjit Singh War Museum","Grand Trunk Road, Bhattian, Ludhiana - 141008","Punjab","The Punjab Government constructed the Museum as a gesture of tribute to the courageous soldiers who struggled and laid their lives during various wars and battles that have been fought so far. Keeping up the museum with the International standards was the prime focus of the Government of Punjab. A major attraction of this Museum is the light and sound show which narrates the story of war of independence and the role of the gallant soldiers of Punjab in it. The show also creates a sense of Nationalism among the people. You can also have a look at the number of Battle tanks, Anti-aircraft guns, an old Sukhoi and an INS Vikrant model placed around the museum for the visitors to see","War Memorial","1999","","0161 2826022","Adults: Rs. 40 per head","10:00 a.m - 05:00 PM (Closed on Mondays and Public Holidays)","Lectures and Photography (Only for academic purposes)"
"Jang-e-Azadi Memorial","Chandigarh Baddi Rd - 140110","Punjab","Memorial aims to educate young people about the rich culture, heritage, and “Sons of the Soil” (unsung heroes) of Punjab who gave their lives to free the Nation’s chains under British rule","War Memorial","2014","https://www.jangeazadimemorial.com","+91 181 2783900, feedback@jangeazadimemorial.com","Adults: Rs. 50 per head and Children: Rs. 30 per head","10:30 AM - 07:00 PM","School Programmes, Lectures and Photography (Research purpose only)"
"Vajra Corps Museum","General RD Hira Road, Near Station Head Quarter, Jalandhar Cantt.","Punjab","The Museum exhibits 101 war trophies, flags, uniforms, manuscripts, paintings, r ifles, weapons and other properties of historical value","Army Museum","2019","https://www.punjabtourism.punjab.gov.in","7696125378, 9467321513","Free","Summer: 10:00 AM - 19:00 PM Winter: 10:30 AM - 18:00 PM (Closed on Sundays & National Holidays)","Guided Tours and Lectures"
"Botanical Museum of Natural History","Guru Nanak Dev University, Amritsar - 143005","Punjab","Museum exhibits dried raw specimens and plant products, seed bank, Xylarium, plants and fossils","Educational Museum","2006","https://www.gnduonline.org","01883 2451048, gndubotanical@hotmail.com","Free","09:00 AM - 05:00 PM (Closed on Sundays)",""
"Partition Museum","The Partition Museum, Town Hall, Amritsar - 143001","Punjab","The Partition Museum presents a thorough history of the Partition, with a central narrative that starts with the pre-Partition period, continues with the independence movement, moves on to the social, cultural, and political developments of the decades preceding 1947, and concludes with the Partition and its repercussions. Museum showcases refugee artefacts as an attempt to showcase the story of Partition survivors","History Museum","2017","https://www.partitionmuseum.org","+91 8130001947, +91 11 49785950, info@partitionmuseum.org","Indian - Rs. 10 per head, Foreign - Rs. 250, Children (5 and below) - Entry Free and Partition Survivors","10:30 AM - 06:00 PM (Closed on Mondays)","School Programmes and Photography"
"Maharaja Duleep Singh Kothi Memorial","Bassian Canal Rest House Road, Raikot - 142032","Punjab","According to legend, Bassian Kothi was constructed in 1800. Before Duleep Singh’s (Maharaja Ranjit Singh son) one-night stay there in the winter of 1849, it had been used as an ammunition supply store for the formerly stationed British Military Division in Ferozepur.Replicas of Maharaja Ranjit Singh’s throne, a massive sword, a regal chair, a garment, a diamond necklace, and images depicting many facets of his life were all kept in the memorial building","History Museum","2015","","+91 98154 81679","","09:00 AM - 05:00 PM (Closed on Mondays)","School Programmes, Lectures and Photography"
"Banasar Bagh Museum","Sangrur - 14800","Punjab","The Sunami Gate, Patiala Gate, Dhuri Gate, and Nabha Gate are the four entrances of the city of Sangrur. Each gate has the name of the nearby town that is to that side. The city is surrounded by lovely parks and boutiques. The Diwan Khana Qadeem structure in Banasar Bagh, Sangrur, is a museum unto itself. Jind State has a connection to this museum. The ceiling paintings in this old structure are unparalleled. The Museum features ancient artefacts such as weapons, silver glass paintings, phulkari, lamps, and more","History Museum","","https://www.punjabtourism.punjab.gov.in",": 0172 2699140","","09:00 AM - 05:00 PM (Closed on Mondays)","Library, Film Shows and Photography"
"Maharaja Ranjit Singh Panorama","Near Lawerence Road Chawk, RamBagh Garden, Amritsar - 143 001","Punjab","The Museum displays objects belonging to the life and time of Maharaja Ranjit Singh and are displayed in three floors. Ground floor exhibits the Maharaja Ranjit Singh Throne Room. The basement floor displays religious and educational objects. The first floor displays economy, Kashmiri Paintings, Himalayas’s archaeology, 12-metre-tall and 100-metre-long panoramic paintings depicting six major battles, dioramas, mural paintings and armoury","Personalia Museum","1977","","0183 2560979","Adults: Rs. 10 per head and Children: Rs. 4 per head","10:00 AM - 05.00 PM (Closed on Mondays)","School Programmes, Lectures and Photography"
"Shaheed-E-Azam Sardar Bhagat Singh Museum","Khatkar Kalan, District Nawanshahr","Punjab","The Museum displays all the documents and photos related to Late Bhagat Singh and few other revolutionaries are also displayed in this Museum. Half burnt bones and blood-stained newspapers are also kept here. Visitors can even see the pen used to sign the infamous death warrant of Shaheed Bhagat Singh, Rajguru and Sukhdev","Personalia Museum","1981","https://www.nawanshahr.nic.in","","Free","10:00 AM - 05:00 PM (Closed on Mondays)","Photography (Only for scholars)"
"Lala Lajpat Rai Museum cum Library","Jagraon District, Ludhiana","Punjab","Lala Jalpat Rai was born in the village of Dhudike in the home of his maternal grandparents, Dhudike is located in Moga district, 20 km from Jagraon. However, he spent his early years in a house built by his father in 1845 in Jagraon. The two-story house has now been renovated and turned into a Museum. Lajapt Rai’s personal items like teapot, pens and chairs are carefully displayed in the museum. A library is also built adjacent to the house in honour of Lala Lajpat Rai Ji","Personalia Museum","","https://www.punjabtourism.punjab.gov.in","","","10:00 AM - 05.00 PM (Closed on Mondays)","School Programmes and Photography"
"Shaheed Dr. Diwan Singh Kalepani Museum","Near Lawerence Road Chawk, RamBagh Garden, Amritsar - 143001","Punjab","The Museum is a celebration to an extraordinary life of eminent Punjabi writer and martyr, Dr Diwan Singh Kalepani. Each panel presents his life through a pertinent collection of photographs","Personalia Museum","2013","","","Free","09:00 AM - 05:00 PM (Closed on Mondays)",""
"Central Sikh Museum","Golden Temple Rd, Atta Mandi, Katra Ahluwalia, Amritsar Cantt. - 143006","Punjab","The Museum displays artwork depicting Sikh Gurus, Saints, soldiers, and other notable Sikh leaders who have improved the Sikh religion. It features an extensive collection of coins, antique weapons, and historic texts. Great Sikh painters’ paintings, rare pencil sketches, musical instruments, the rarest stringed instrument, and Sikh Raj-era weapons are all on display in the museum","Religious Museum","1958","https://www.goldentempleamritsar.org/","0183 2247583, 2247583","Free","07:00 AM - 06.00 PM","Photography and Garden/Picnic Area"
"Shri Guru Tegh Bahadur Museum","Nai Abadi Road, Keshgarh Sahib, Anandpur Sahib - 140118","Punjab","The Museum displays a large collection of paintings, narrating the history of the Sikhs, including depictions from Guru Tegh Bahadur’s life","Religious Museum","1983","https://punjabtourism.punjab.gov.in","","Free","10:00 AM - 05:00 PM (Closed on Mondays)","Photography (Only for research Purpose)"
"Virasat-e-Khalsa","Anandgarh- Kesgarh Road, Near Qila, Khalsa Heritage Memorial Complex, Anandpur Sahib - 140118","Punjab","The Museum presents insight on the historical occasions that occurred in Punjab 500 years ago and gave rise to Sikhism and ultimately the Khalsa Panth. The Museum sheds light on the great Gurus’ vision, the timeless message of peace and brotherhood that they spread throughout all of humanity, and the rich cultural heritage of Punjab. The goal of the Museum is to celebrate the 300th anniversary of the Khalsa, the holy texts composed by the 10th and final Guru Shri. Guru Gobind Singh Ji, the creator of contemporary Sikhism, as well as the 500 years of Sikh history. A ceremonial bridge connects two complexes that are located on opposite sides of a ravine","Religious Museum","2011","https://rupnagar.nic.in","0188 7232592, virasat-e-khalsa.net, directorculture@yahoo.com","Entry free ( For Scholars: Rs. 100 per head)","10:00 AM – 04:30 PM (Closed On Mondays)","Dharohar a popular cultural show from 07:00 p.m. - 08:00 p.m. every evening"
"Pushpa Gujral Science Centre","Dhapai Rd, Pushpa Gujral Science City, Dhapai - 144602","Punjab","The exhibits at the Science City range from life sciences to transportation science and sport sciences. Pushpa Gujral Science City has a number of galleries like: Space and Aviation Gallery, Space Theatre, watch films on a huge, curved screen that is 23 metres (75 feet) tall, two different simulators – a flight simulator and an earthquake simulator","Science and Technological Museum","1954","https://www.pgsciencecity.org","+91 1822501963/64, sciencecity@hotmail.com","Adults: Rs. 170 per head and Student: Rs. 120 per head","09:00 AM - 06:00 PM","School Programmes, Everyday special Puppet and Folk Dance Show, Folk dance and Puppet training  course and Photography"
"Museum of Social History and Rural Life of Punjab","Punjab Agricultural University, Ludhiana","Punjab","Museum exhibits a large number of handicrafts, household implements, and traditional musical instruments. Clothes and jewellery from rural Punjab as well as, mannequins enacting scenes from daily life, are amongst the other attractions housed here","Thematic Museums","1991","","","Adults: Rs.3 per head and Students: Rs. 2 per head and","09:00 AM - 05:00 PM (Closed on Sundays and Saturdays)","Photography, Cafe, Souvenir Shop, Workshop, Lecture, Seminar and Guided Tours"
"Sports Museum","Old Moti Bagh, Patiala - 147001","Punjab","The Sports Museum is home to an outstanding collection of sports artefacts, including pictures, medals, and equipment, that are connected to notable Indian athletic figures and occa sions. These items include the gold hockey medal India earned at the 1928 Olympics in Amsterdam, a solid silver cricket bat, and the shoes worn by PT Usha at the 1986 Asiad Games in Seoul","Thematic Museums","1972","","0175 230 6171","","10:00 AM - 05:00 PM (Closed on Sundays)",""
"Zoological Museum","Government College, Hoshiarpur","Punjab","Museum exhibits zoological specimens and slides","Zoological Museums","1950","","01882 22460","Free","09:30 AM - 04:00 PM (Closed on Sundays)","Audio Tour Guide"
"The Thar Heritage Museum","Near Main Road, Artist Colony, Malka Pol, Jaisalmer - 3345001","Rajasthan","The Museum highlights the special identity and culture of the Thar Desert Region through its display of several folk arts and crafts, turbans, musical instruments, fossils etc from the area. The Museum displays sea fossils dating back millions of years, telling the story of how the sea turned into the great Thar Desert. Details about local life - styles and culture are provided through displays of information about specific customs followed during birth, marriage, death, food cultures, crafts, costumes, and so on. Various ornaments, historical utensils, printing blocks and locks, traditional musical instruments, some original photographs of Bhati Rajputs royalty, information on wars fought by the rulers, handmade weapons along with important state documents, coins, postcards, various paintings of romance and religious icons painted in the Jaisalmer style have also been displayed","Anthropological Museum","2006","","+91 9414150762, thmjsm@yahoo.com","Adults (Indian nationals) - Rs. 80 per head, Adults (Foreign nationals) - Rs. 100 per head and Children - Rs. 50 per head","09:00 AM - 07:00 PM","Guided Tours, School Programmes, Film show, Lectures, Workshops, Seminars, Folk festivals, Library and  Audio Visual archival collection"
"Government Museum","Museum Rd, Gol Pyau, Naya Bazaar, Ajmer - 305001","Rajasthan","The aim of the Museum is to focus on the cultural heritage of the region through its exhibits and primarily consists of sculptures, inscriptions, coins, pre-historic section, miniature paintings, arms and armour and objects of art and crafts","Archaeological Museum","1908","https://www.museumsrajasthan.gov.in/museum/ajmer/page/about","0145 2620637, curmus.ajmera@gmail.com","Indians Adult - Rs. 50 per head and Student: Rs. 200 per head, Foreigners Adult - Rs. 200 per head, Student: Rs. 100 per head, Free entry for children below 7 years, and Fre e entry on specific days such as Rajasthan Diwas, World Heritage Day, World Museum Day, World Tourism Day","09:45 AM - 05:15 PM","Photography, Cafe, and Souvenir Shop"
"Government Museum","Main Rd, Ayad, Ganapati Nagar, Ahar, Udaipur - 313001","Rajasthan","The Museum displays the excavated objects discovered during the various seasons of excavations here. Objects collected after the Sindhu Civilization and before the Bronze Stone (Chalcolithic) culture, which dates back 4000 years, are displayed here. The collection also includes Hindu and Jain gods and goddesses from Ahar and neigh - bouring areas of South Eastern Rajasthan, dating from the seventh to the 15th centuries. Icons in the collection include Lord Vishnu’s Dasavatar, Matsya, Kurma avatar, as well as Goddess Parvati, Vishnu, and Seated Surya","Archaeological Museum","1962","https://www.museumsrajasthan.gov.in/museum/ahar/page/about","0294 2470004, 9530030026, supam.udaipur@gmail.com","Indians: Adult - Rs. 20 per head, Student - Rs. 10 per head; Foreigners: Adult - Rs. 100 per head, Students - Rs. 50 per head, Free Entry for children below 7 years","09:45 AM - 05:15 PM","Library"
"Rajputana Museum","Ajmer","Rajasthan","The Museum consists of inscriptions, coins, sculptures, copper plates, paintings, arms and armoury, etc.","Archaeological Museum","1908","","","Free","16th April to 15th July: 07:30 AM - 10:30 AM, 16th July to 15th April: 10:00 AM - 05:00 PM (Closed on Fridays and Government Holidays)","Audio Guide and Guided Tours"
"Chandrawati Government Museum","Chandrawati, Abu Road, District Sirohi","Rajasthan","Chandravati is a village that was a large town in ancient times, and present-day villages such as Dhattani, Kiverli, Kharadi, and Santpura were suburbs. Old ruins such as temples, torans, and images are scattered throughout the vast area","Archaeological Museum","1997","https://www.museumsrajasthan.gov.in/museum/chandravati/page/about","02974 238117, 9983350408, curmus.mtabu@gmail.com","Free (Closed on Mondays and Dhulandi)","09:45 AM to 05:15 PM",""
"Fateh Prakash Palace, Government Museum","Fateh Prakash Mahal, Chittor Fort, District Chittorgarh - 312001","Rajasthan","Maharana Fateh Singh (1884-1930) of Mewar built Fateh Prakash Palace. His statue sits on a lotus in the centre of a pond in the Museum building. The Museum displays ancient stone icons (statues), weapons, portraits and models related to Mewar art and culture, as well as full-size portraits of Mewar legends, weapon room, archaeology and sculpture room, painting room, and gun room. In addition, photographs of Chittorgarh Fort’s ancient temples and monuments are displayed in the Dioramas gallery","Archaeological Museum","1968","https://www.museumsrajasthan.gov.in/museum/chittorgarh/page/about","01472 244192, 9829916334, curmus.chittorgarh@gmail.com","Indians: Adults - Rs. 20 per head, Students - Rs. 10 per head, Foreigners: Adults - Rs. 100 per head, Students - Rs. 50 per head, Free Entry for children below 7 years","09:45 AM - 05:15 PM","Puppet Shows and Photography MULTIPURPOSE MUSEUMS"
"Rajmata Devendra Kunwar State Museum State & Culture Centre (Government Museum, Dungarpur)","Hospital Road, New Colony, Dungarpur - 314001","Rajasthan","The sculptures on display at the Museum date from the 5th and 6th centuries A.D. of the Gupta period are displayed which includes Kauman, Veenadhar Shiva, Kuber, Ganesh, and other important statues. Post-medieval sculptures include the standing Sun, Harihar, and Dashavatar. Post-medieval sculptures include Parvati in austerity and Laxmi Narayan seated on Garuda. Many Jain sculptures from this era are also on display. It also displays sculpture, inscriptions, miniatures, and architectural pieces, dioramas, paintings, photos, coins, and local art work","Archaeological Museum","1960","https://www.museumsrajasthan.gov.in/museum/dungarpur/page/about","0296 4230262, 9530030026, custmus.dungarpur@gmail.com","Indians: Adults - Rs. 20 per head, Students- Rs. 10 per head, Foreigners: Adults - Rs. 100 per head, Students - Rs. 50 per head, Free Entry for children below 7 years","09:45 AM - 05:15 PM","Library, Brochure, Guided Tours, School Programmes and Photography"
"Archaeological Museum Kalibangan","Kalibangan, District Hanumangarh - 335803","Rajasthan","The Museum exhibits excavated materials from Kalibangan, which include pottery, figurines such as an - imals, birds, and humans, beads, shell, copper and terracotta bangles, seals and sealings, weights, copper celts, and other items from the pre-Harappan and Harappan periods","Archaeological Museum","1985","https://www.asijodhpurcircle.in/museum","01508 233116, circlejai.asi@gmail.com","Rs. 5 per head","10:00 AM - 05:00 PM","Publications, Library (for reference only) and Photography"
"Sri Banger Government Museum (Government Museum Pali)","Near Old Bus Stand, Pali, Marwar - 306401","Rajasthan","The Museum displays the Sculptures, epigraphic, mineral specimens, historical coins, miniature paintings, arms and armour, and wooden handicrafts highlighting tribal life","Archaeological Museum","1982","https://www.museumsrajasthan.gov.in/museum/pali/page/about","02932 225177, 9983350408, curmus.pali@gmail.com","Indians: Adults - Rs. 20 per head, Students - Rs. 10 per head, Foreigners: Adults - Rs. 100 per head, Students - Rs. 50 per head, Free Entry for children below 7 years","09:45 AM - 05:15 PM",""
"Government Museum Sikar (Rajkumar Hardayal Singh Government Museum)","Sikar - Harsh - Jeen mata Rd, Shastri Nagar, Sikar - 332001","Rajasthan","The Museum displays galleries such as excavation gallery, sculpture gallery, divine sculpture gallery, mis - cellaneous sculpture gallery, miniature painting gallery, dioramas of traditional life and weapon gallery","Archaeological Museum","1995","https://www.museumsrajasthan.gov.in/museum/sikar/page/about","01572 257473, 7597043952, curmus.sikar@gmail.com","Indians: Adults - Rs. 20 per head, Students - Rs. 10 per head, Foreigners: Adults - Rs. 100 per head, Students - Rs. 50 per head, Free Entry for children below 7 years","09:45 AM - 05:15 PM",""
"Government Museum Udaipur","Lake Pichola, City Palace Complex, Udaipur - 313001","Rajasthan","The Museum houses a diverse collection of excavated items, inscriptions, sculptures, paintings, and hand - icrafts in galleries such as the Children’s Gallery, Handicraf ts Gallery, Sculpture Gallery, and so on. The first gallery of the Museum, the Children’s Gallery, is the natural history secti on, which displays stuffed models of animals such as tigers, kangaroos, and so on. The Handicraft Gallery is a cultural repository of traditional garments such as sarees, handkerchiefs, various styles of turbans, and household items. The turban of Prince Khurram, the future Mughal em - peror Shah Jahan, which was exchanged for the turban of Maharana Karan Singh of Mewar, is a highlight of this exhi - bition. The other end of the gallery displays arms and armoury from the Mewar region. The Sculpture Gallery houses figurines such as Indriya Matrika from Lagat (5th - 6th century AD), as well as inscriptions dating from the 2nd century BC to the 17th century AD, such as the Nandshala inscription from Bhilwara. The Museum also houses Mewari plastic arts specimens. The museum’s final gallery houses the world’s larges t collection of Mewar miniature paintings, dating from the reign of Maharana Lagat Singh (1628-1652 AD) to Maharana Swaroop Singh (1842-1861 AD)","Archaeological Museum","1890","https://www.museumsrajasthan.gov.in/museum/udaipur/page/about www.museumsofindia.org/museum/1813/ gov- ernment-museum-udaipur","9530030026, 0294 2470004, sudam.udaipur@gmail.com","Indians: Adults - Rs. 20 per head, Students - Rs. 10 per head, Foreigners: Adults - Rs. 100 per head, Students - Rs. 50 per head, Free Entry for children below 7 years","09:45 AM - 05:15 PM","Library, Guided Tours, School Programmes and Photography"
"Government Museum","Near Ganesh Temple, Virat Nagar","Rajasthan","The Museum displays the stone age tools, copper age relics, iron tools, photographs of punch marked silver coins, Indographic silver coins, coins used by Mughal king Akbar, Jahangir and other Mughal Kings, photographs of Buddha stupa, photographs of excavation objects, inscriptions of Ashoka period, wall paintings and photographs of Mughal age doors","Archaeological Museum","1987","https://www.museumsrajasthan.gov.in/museum/viratnagar/page/about","0141 2618862, 9414335728, custmus.viratnagar@gmail.com","Free","09:45 AM - 05:15 PM","Audio Guide service and Photography"
"Government Museum","Old Civil Line, Nr. Water Tank, Baran - 325205","Rajasthan","The Museum houses good collections of sculptures, paintings, weapons, ornamental arts, and photographs of nearby forts and temples. Some of the sculptures on display at the museum are from the Bandh Devra Temple, which was constructed in the 10th century in the Khajuraho-inspired style and is devoted to the Tantric tradition of Shiva","Archaeological Museum","2020","","+91 9680972199","Indians: Adults - Rs. 20 per head, Children - Rs. 10 per head; Foreigners: Adult - Rs. 100 per head, Children - Rs. 50 per head","09:45 AM - 05:15 PM","Library and Guided Tours with charge of Rs 150/- (for Indians)"
"Anokhi Museum of Hand Printing","Anokhi Haveli Kheri Gate, Amer, Jaipur - 302028","Rajasthan","Located in a traditional townhouse, this Museum showcases the art & heritage of wood-block printing. It strives to educate every Amber student, increasing their knowledge and pride in their illustrious textile heritage. The museum also invites neighbours and local artisans to come and see a living history museum for themselves","Art and Craft Museum","1970","https://www.anokhimuseum.com/","1412530226","Adults: Rs. 30 per head, Students: Rs. 20 per head and Children: Rs. 15 per head","10:30 AM - 05:00 PM (Closed on Mondays & major Local and National Holidays)","Guide service"
"Gyan Museum","G-1/21-23, Gems and Jewellery Zone, EPIP, Sitapura Industrial Area, Sitapura, Jaipur - 302022","Rajasthan","Gyan Museum is constructed to depict a reciprocal recognition of about 3000 years of cultural heritage. Today the Museum has in possession over 2500 works of exceptional art both of Indian and foreign origin. It showcas - es articles like textiles, paintings, metal art, silver hookahs, antique jewellery, vintage spectacles, paintings of the 17th century and older, rare inscriptions","Art andCraft Museum","2015","https://www.gyanmuseum.com/","+91 7229888866, info@gyanjaipur.com","Free","10:00 AM - 05:00 p.m (Closed on Sundays)","Library and Photography"
"Jawahar Kala Kendra","2, Jawahar Lal Nehru Marg, Opposite Opp Commerce College, Jhalana Doongri, Jaipur - 302004","Rajasthan","This organisation enjoys portraying the nuances of an International Art and Cultural Centre and also fra - grances robustly with live performances of indigenous folk singers and dancers revealing and having the authentic and genuine mode of operation. Furthermore, the institution significantly facilit ates interaction between art connoisseurs/ scholars and artists/artisans, which is uncommon in commercial art and cultural destinations and destinations and resorts. This collaboration allows connoisseurs/ scholars/ tourists to learn about art, culture, community struggles, history, and the way of life prevalent in Rajasthan and India. Currently, three art galleries in JKK are available for artists to exhibit their work: Chaturdik, Parijat I and II. Many international artists have enjoyed displaying their works","Art and Craft Museum","","https://jkk.artandculture.rajasthan.gov.in/content/artandculture/en/jawahar-kala-kendra.html","223 2706060, curator.jkk@rajasthan.gov.in, jkk@rajasthan.gov.in","Free","10:00 AM – 09:00 PM",""
"Art Gallery, Jaleb Chowk, Amber palace","Jaigarh Rd, Devisinghpura, Amer - 302028","Rajasthan","The collection includes stone sculpture, inscriptions, pillars, photographs of Amber township, temple, cenotaphs and copy of archival heritage of Kachwaha rulers of Amber, Silver and metal Objects, statute of Mirza Raja Jaisingh and Poet Behari and paintings, etc.","Art Gallery","1992","","0141 2530293","Free","10:00 AM - 05:00 PM (Closed on Fridays and Government Holidays)","Audio- Video Guide"
"Bagore Ki Haveli Museum, Bangour Ghat","Haveli, Opp. Gangaur Ghat Near Hotel, Old City, Pichola, Udaipur - 313001","Rajasthan","The collection includes living style of the royal ladies, photos of monuments of India, products of work - shop by WZCC Royal costumes, decorative objects, and wall paintings","Art Gallery","1992","","9414155904","Indians: Adult - Rs. 20 per head, Children - Rs. 10 per head, Foreigners Rs. 30 per head","09:30 AM – 05:30 PM and 06:30 AM – 08:00 PM (Closed on Republic day and Independence day)","Guided Tour and Cafe"
"Bhartiya Lok Kala Mandal Folk Museum","Near, Bhartiya Lok Kala Mandir, Chetak Cir, Udaipur - 313001","Rajasthan","The Museum exhibits a collection of folk articles from Rajasthan like rural-dresses, ornaments, puppets, masks, dolls, folk musical instruments, folk deities and paintings","Art and Craft Museum","1952","https://www.lokkalamandal.com/","0294 2529296","Indians: Adults - Rs. 20 per head, Children: Rs. 10 per head, Foreigners - Rs. 35 per head","09:00 AM – 08:00 PM (Closed on Holi)","Café, Photography, Souvenir Shop and Guided Tours PERSONALIA MUSEUMS"
"Titanwala Museum","Titanwala Bhawan, Adarsh Colony, Bagru, Jaipur - 303007","Rajasthan","The Museum showcases the wooden hand block printing tradition of the Namdev followers of the Chippa community of Bagru, a hub of block printing in Rajasthan","Art and Craft Museum","2019","","+91 9414204408, +91 9460634605, titanwalatextilebgr@gmail.com","Adults: Rs. 100 per head, Children above 6 years of age and Students: Rs. 50 per head","10:00 AM - 05:00 PM","Library, Guided Tours, School Programmes on Friday between 01:00 p.m. - 03:00 p.m., Film Shows and  Lectures"
"Jaisalmer War Museum","Thaiyat - 345001","Rajasthan","The Jaisalmer War Museum was established to honour the contributions and sacrifices of War Heroes. Conceived by Lieutenant General Bobby Mathews and cultivated by the Indian Army’s Desert Corps, the Museum was opened for public viewing in 2015 by Lieutenant General Ashok Singh. The Museum was conceived to honour the War Heroes of the Longewala Battle (1971). Since Jaisalmer had a history of facing long stretches of wars, including the Longewala Battle, it was chosen as a suitable location for the Museum. The Museum displays collections from these wars including equipment, armour, weapons, vehicles and more.","Defence Museum","2015","https://www.indianarmy.nic.in/writereaddata/documents/jslmwarmuseumwebsite/index.html","+91 161 13959","Indian: Adults - Rs. 10 per head, Students: Rs. 5 per head, Foreigners: Rs. 50 per head, Students: Rs. 25 per head","09:00 AM - 06:00 PM","Souvenir Shop"
"Amrapali Museum","K-14/B, Ashok Marg, C-Scheme, Jaipur","Rajasthan","This Museum exhibits the marvels of Indian art, design, and craftsmanshi p. Over two floors, the Museum has several focal points. The ground floor features items of beauty and ador nment; silver and gold jewellery for every part of the body from nearly every region of India, with a special emphasis on pieces associated with rites of passage, from birth to death. The basement houses numerous design inspirations that have been available to Indian craftsmen over time","Ethnographic Museums","1978","https://www.amrapalimuseum.com/","+91 141 2822700, info@amrapalimuseum.com","Rs. 300 per head","11:00 AM - 06:00 PM (Closed on Sundays)",""
"Arna Jharna, The Desert Museum","Arna Vihar, Near Famous Arneshwar Mahadev Mandir, Arna Jharna Village, Moklawas - 342001","Rajasthan","This Museum includes nearly 30 different varieties of trees and shrubs and is laid with a variegated carpet of about 30 different kinds of grass. Complexes of earth-red buildings in the l ocal style of village architecture blend with the landscape. The museum boasts mainly of an extensive collection of brooms from Rajasthan, indicating entire galaxies of rituals and beliefs associated with them. A series of videos also highlights the communities, labour, skills and even risks associated with broom production with a view to sensitising the audience. Those technologies are fun - damentally different from today’s powerful production of generic drugs. The se cond module consists of a stunning col - lection of musical instruments unique to western India, including popular instruments such as the ravanhatta , gujratan sarangi, sindhi sarangi and the surinda , and some examples that are no longer used or produced, such as the jantar , jogia sarangi and nagfani . Pottery and puppetry are highlighted in two more modules. The museum pays tribute to the local communities and their local foundations of knowledge, art and culture, which is not a thing of the past, but a resource for rebuilding the present.","Ethnographic Museum","2003","https: www.arnajharna.org/","9414136361","","April- August 08.00 AM - 11.00 PM and 03:00 PM - 05:00 PM September- March: 09:00 AM - 12:00 PM and 03:00 PM - 05:00 PM (Closed on Wednesdays)","Library and Cafe"
"Prachina Museum","Junagarh Fort, Bikaner - 334001","Rajasthan","The Museum was set up by Princess Siddhi Kumari in Bikaner with an aim to display the culture and heritage of Bikaner. It displays paraphernalia belonging to three generations of royal women along with furniture and silver used by erstwhile Maharaja of Bikaner, Narender Sinhji. Some of the galleries at the museum include the con - temporary art Gallery, the Ritual Art Gallery, the Bikaner Period Room, the Aristocratic Textiles and Costume Gallery and the Gallery of Aristocratic Transportation","Historical Museum","2000","https://www.prachinamuseum.org/","+91 0151 252 5609, director@prachinamuseum.org","Indian Nationals - Rs. 10 per head, Foreign Nationals - Rs. 25 per head, Students: Rs. 5 per head","09:00 AM - 06:00 PM",""
"Kanota Museum","Ganesh Vihar Colony, Kanota - 303012","Rajasthan","Many objects in the Castle Kanota Museum date from Thakur Zorawar Singh’s time, with gradual ad - ditions by other members of the family, particularly the multi-faceted General Amar Singh. Amar Singh is possibly the only Rajput nobility member who has developed and maintained a writing/chronicling practice. These diaries, culminating in a massive collection, provide an enthralling glimpse of Rajasthan’s royal courts, colonial encounters, and intertwined histories. The remainder of the collection includes c arriages, arms, armour, and firearms, as well as paintings, maps, photographs, books, and household accounts. Many of these objects are part of Kanota’s living heri - tage and are regularly used for ceremonial purposes.","Historical Museum","","https://www.castlekanota.com/","+91 141 2561291, +91 141 2563448, info@hotelnarainniwas.com reservations@kanotahotels.com","","",""
"Amber Palace","Devisinghpura, Amer, Jaipur - 302001","Rajasthan","Amber Palace is a structure which displays patronage of architec ture and science, as reflected in the con - struction of this magnificent fort and the entire city, is not limited to acts of valour by i ts Kings and soldiers","Historical Museum","1954","https://www.tourism.rajasthan.gov.in/amber-palace.html","0141 2530293:","Adults: Rs. 25 per head, Students Rs. 10 per head, Foreigner- Students: Rs. 100 per head","08:00 AM - 06:00 PM (Closed on Dhulandi)","Photography and Guided Tours"
"Deeg Palace Museum","District Bharatpur, Deeg - 321203","Rajasthan","The Museum displays old Royal furniture, hand fans, chimes, flower pots etc.","Historical Museum","1951-52","","05641 220115, 09929248972","Adults: Rs. 5 per head, Foreigners - Rs. 100 per head, Children below 14 yrs - free","08:00 AM - 05:00 PM","Photography and Guided Tours"
"Desert Cultural Center Jaisalmer","Jaisalmer city on Gadi Sagar Road","Rajasthan","The Museum showcases the rich cultural heritage and customs of Jaisalmer. The site is well-kept and hous - es rare coins and manuscripts related to the history of Jaisalmer and Rajasthan as a whole. This Museum’s collection of traditional Rajasthani textiles, utensils, weapons, musical instruments, and fossils is quite impressive. The traditional opium mixing box, known as ‘Karal,’ is very popular among foreigners. The location hosts showcase programmes for tourists on a regular basis","Historical Museum","1997","","","Rs. 50 per head","10:00 AM - 08:00 PM","Photography and Guided Tours"
"Podar Haveli Museum","Podar Haveli Museum, Nawalgarh - 333042","Rajasthan","The Museum is the largest and oldest museum in India and has rare collections of antiques, armour and ornaments, and Mughal paintings","Multipurpose Museum","1955","https://www.podarhavelimuseum.org/","+91 8901329389, info@podarhavelimuseum.org","","08:00 AM - 08:00 PM","Photography and Guided Tours RELIGIOUS MUSEUM"
"Danmal Mathur Museum","Srinagar Road, Alwar Gate - 305001","Rajasthan","The Museum has 18 rooms with 10 types of collections ranging from sculpture to geology to arms and armoury, and over 2000 artefacts. One of the most important and unique collections the Museum holds is that of the Mayo History Collection, which showcases important objects, portraits, photographs, stamps and various memorabil - ia, showcasing the glorious history of the school","Multipurpose Museum","1948","https://www.mayocollege.com/about-us/campus/","0145 2422128","Free","10:00 AM - 05:00 PM (Closed on Sundays)","Photography, Guided Tours, Souvenir Shop and Cafe"
"Government Museum","City Palace, Mohalla Ladiya, Alwar - 301001","Rajasthan","The Museum displays stone sculptures, inscriptions of various languages, arm and armoury, lacquer and wooden craft objects, textiles, ivory objects and decorative objects, coins, paintings, manuscripts, musical instruments","Multipurpose Museum","1940","","1800111363","Indians - Rs. 5 per head, Foreigners - Rs. 50 per head","10:00 AM - 05:00 PM","Photography, Guided Tours, Souvenir shop, and Film Show"
"Jaigarh Fort Museum","Jaigarh Fort, Devisinghpura, Amber - 302028","Rajasthan","The Museum displays Martial Art (armoury), Legendary Royal Treasury, utensils of old Army kitchen, paintings and photographs of important events, items of entertainment of rulers in old days, tools used for preparations of guns, gun foundry. Gallery of the Dining Hall of the King and his Sardars (courtiers) through their models with traditional dress and jewelleries in the 17th century. Cannons, maps, store jars, coins, stamps, medals, locks, camel skin utensils, family tree on cloth of Suryavanshi maharajas of jaipur, scale with weight, centuries old paintings in watercolour and map of Amber Palace are also displayed","Multipurpose Museum","1982","","","Adults: Rs. 5 per head, Students and Military/Police personnel: Rs. 10 per head, Foreigners: Rs. 75 per head, Students and below 12 years: Rs. 15 per head","09:30 AM - 05:00 PM","Photography, Guided Tours, Souvenir Shop and Cafe"
"Government Museum Bharatpur","Lohagarh Fort, Gopalgarh, Bharatpur - 321001","Rajasthan","The Museum displays over 581 stone sculptures and 861 local art and craft wares and ancient scriptures, with a focus on stone sculptures, inscriptions, terracotta items, coins, weapons, miniature paintings, and local art. The Archaeological Section of the Museum houses a variety of local handicra fts and stuffed wild animals. The Museum’s Arms Section displays weapons and armour used by Jat Warriors in the 17th century, as well as some weapons ac - quired from the British Empire. The Handicraft Gallery features beautifully painted Chinese and Indian hand fans, vases, photo frames, and miniature paintings. Camel sculptures, fruits and vegetables, antimony boxes, baskets, bowls, candle stands, decorative glass pieces, bottles, bronze sculptures of soldiers and European ladies. While the Furniture Gallery features wall stands, slide screens, wooden side and dressing tables, and overhead hanging hand fans, a sec - tion on musical instruments features an ancient gramophone and an organ, among other artefacts. Table cloths, Royal Poshaks, and turbans in local style are displayed in the Garments and Textile Gallery. In the Silverware Gallery, trays, spoons, and other intricately carved items made of silver are displayed","Multipurpose Museum","1944","https://www.museumsrajasthan.gov.in/museum/bharatpur/page/about","+91 9587407676, supam.bharatpurcircle@gmail.com","Indian: Adults - Rs. 10 per head, Students - Rs. 5 per head, Foreign Nationals: Adults - Rs. 50 per head, Students: Rs. 25 per head","09:00 AM - 05:00 PM (Closed on Mondays)","Library, Photography and Guided Tours"
"Sri Sadul Museum","Samta Nagar, Bikaner - 334001","Rajasthan","The Lallgarh palace houses the Shri Sadul Museum which is located in the west wing which also contains the fourth largest private library in the world. It displays galleries such as Railway Gallery, Textile Gallery, Miniature Paintings Gallery etc., which includes objects such as old metre gauge Railway coaches, textiles, old and historical photographs and miniature paintings, pieces of armour, medals, trophies, archival documents","Multipurpose Museum","1976","","0151 2522464, mgstrust@sancharnet.in","Indians - Rs. 20 per head and Foreigners - Rs. 40 per head","10:00 AM - 05:00 PM","Library, Photography and Guided Tours"
"Albert Hall Museum","Unnamed Road, Ram Niwas Garden, Kailash Puri, Adarsh Nagar, Jaipur - 302004","Rajasthan","A Persian carpet depicting the Garden of Eden, purchased from Shah Abbas of Persia by Mirza Raja Jai Singh I, is one of the Central Museum’s most valuable possessions. It is also the home of an Egyptian Mummy from the Ptolemaic period. The ground floor’s Central Gallery houses a collec tion of Rajasthani folk as well as classical musical instruments, costumes and jewellery from the royals and tribals, the art of decorating the body with traditional Henna designs popularly known as Mehendi Mandana, and a gallery dedicated entirely to this art. A horse skeleton, a human skeleton, and a stuffed cobra are also on display at the Central Museum. Sculptures of a tiny turbaned lady dating from the 2nd century B.C. and a stone Shiva head dating back to the 8th century are among the Central Muse - um’s other rare collections. The upper floor of the museum houses portrait s of Rajasthani rulers. There are numerous brass wares to be found. It also has beautiful miniature paintings from the Jaipur, Udaipur, Kota, and Bundi schools of painting on display","Multipurpose Museum","1886","","0141 2570099","Adults: Rs. 15 per head, Students: Rs. 5 per head, Foreigner- Rs. 10 per head","09:00 AM - 05:00 PM","Library, Photography and Guided Tours"
"Maharaja Sawai Man Singh II Museum","The City Palace, 221, Tripolia Bazar Road, Gangori Bazar, J.D.A. Market, Kanwar Nagar, Jaipur - 302002","Rajasthan","The Maharaja Sawai Man Singh II Museum Trust is in charge of one of India’s premier Palace Museums, with buildings and collections of National significance collected and com missioned over the centuries by Amber and Jaipur’s Kachwaha rulers. The collections include Sabha Niwas (Dar bar Hall), Royal dresses; fine quality weapons are exhibited in the gallery belonging to the Mughal Emperors and Rajput Rulers","Multipurpose Museum","1959","https://www.msmsmuseum.com","01414088888, ctpalace@sity.com","Adults - Rs. 40 per head, Children - Rs. 25 per head, Foreigner Adults - Rs. 300 per head, Rs. 200 per head for children and students","09:30 AM - 05:00 PM","Library, Photography and Guided Tours"
"S.R.C Museum of Indology and Universal Institute of Orientology Trust","Neelambara JLN Marg, 24, Meelx Rd, Gangwal Park, Adarsh Nagar, Jaipur - 302004","Rajasthan","The Museum houses a treasure trove of rare and valuable private collections, including folk-art objects and other valuables such as an Aurangzeb manuscript, a 200-year-old mirror work swing from Bikaner, and a glass bed built for a Queen. The colourful dyed textiles from various parts of the world add value to this Museum’s collection. There are 18 sections in the collections. A large collection of paintings depicts a wide range of subjects, including im - ages of Kings, Nobles, and Saints, stories from the epics Ramayana and Mahabharata, and so on. The largest collection on a single subject is on Serpent logy, which has a thousand paintings. There are approximately 15,000 manuscripts on display here. Numerous sculptures are on display in the museum’s arcades. This museum also houses a unique collection of Tantric objects used in Tantrism practice. Over 6000 samples of designer-woven textile collection with embroidery work and bright coloured prints are available.","Multipurpose Museum","1960","https://www.s-r-c-museum-of-indology.business.site/","9414050688","Children - Rs. 10 per head, Student - Rs. 15 per head","09:00 AM - 06:00 PM","Library, Photography and Guided Tours"
"Government Museum, Jaisalmer","Police Line, Jaisalmer - 345001","Rajasthan","The Government Museum has an extensive collection of marine and wood fossils. This Museum houses some of the most valuable sculptures from the Kiradu and Lodurva townships. Sculptures, Paintings, Archaeological Art Objects, Inscriptions, Folk Musical Instruments, Pabuji ki Phad, St uffed Godavan, the main desert bird, fossils, coins, stone age tools, folk art, natural history objects, terracotta objects, copper plates are on display at the Museum","Multipurpose Museum","","","","Indians: Adults - Rs. 5 per head, Students - Rs. 2 per head, Foreign tourists: Rs. 10 per head","10:00 AM - 04:30 PM","Virtual Tour, Photography and Guided Tours"
"Mehrangarh Museum","P.B 165, The, Fort Rd, Jodhpur - 342006","Rajasthan","Mehrangarh Museum has a unique importance as a repository of the artistic and cultural history of the large area of the central Rajasthan, Marwar-Jodhpur, ruled by the Rathore dynasty. The Museum houses one of the most important and well-preserved collections of fine and applied arts from India’s Mughal period, when the Rathore rulers of Jodhpur maintained close ties with the Mughal Emperors. The Galleries are Howdah Gallery, Palanquin Gallery, Textile Gallery, Painting Gallery and Arms Gallery.","Multipurpose Museum","1972","https://www.mehrangarh.org/","+91 291 2548790, +91 291 2548992, +91 291 2541447, director@mehrangarh.org","Indians - Rs. 20 per head, Foreigners - Rs. 300 per head, Foreign Senior Citizens above 60 and Stu - dents - Rs. 250 per head","09:00 AM - 05:30 PM","Virtual Tour, Photography and Guided Tours"
"Sardar Government Museum","Maliyo St Baldev Ram Mirdha Paota, Sri Ganganagar, Jodhpur - 342001","Rajasthan","The Museum’s interiors are divided into galleries that display a large collection of miniature paintings, local arts, inscriptions, metallic objects and stone statues, local crafts, and images of Jain Tirthankars. The exhibition’s military section features a good collection of wooden and brass models of early aircraft, battleships, and weaponry. The museum is also known for its extensive collection of stuffed animal s, which includes a number of desert birds housed in glass houses","Multipurpose Museum","1936","","","Indians - Rs. 5 per head and Foreigners - Rs. 50 per head","09:45 AM - 05:15 PM (Closed on Mondays and Government Holidays)","Photography and Guided Tours"
"Umaid Bhawan Palace Museum","Umaid Bhawan Palace Rd, Cantt Area, Jodhpur - 342006","Rajasthan","The Museum displays 20th century history of the Jodhpur Royal Family. The Darbar Hall gallery displays the making of the Umaid Bhawan Palace, information on architecture and interiors. Also, on Display are clocks and watches, glass, porcelain ware, crockery, cutlery, Stephen Norblian works, old furniture, model of Umaid Bhawan Pal - ace, Trophies, Medals. The private Museum contains a special exhibition on Maharaja Umaid Singh and the making of Umaid Bhawan Palace. ‘The Lifestyle Gallery’ recalls life in the palace in the 40’s and 50’s with displays of Art Deco furniture and accessories","Multipurpose Museum","1979","https://www.tajhotels.com/en-in/taj/umaid-bhawan-palace-jodhpu","9414478461","Indians: Adults - Rs. 15 per head and Foreigners - Rs. 50 per head and 50% discount for Students","09:00 AM 05:00 PM (Closed on Holi, Diwali and special occasion like birthday of His Highness Maharaja Sahib of Jodhpur)","Photography and  Guided Tours"
"Brij Vilas Palace Government Museum","Chatra Vilas Garden, Nayapura, Kota - 324001","Rajasthan","Brij Vilas Palace Museum has a collection of artefacts based on the theme of Kota and its History. The collection in the museum showcases the local Cultural Heritage. The Museum has been divided into sections for this purpose: Archaeological discoveries, coins, paintings, weaponry, and other sections depict the era of Kota’s former Kings, who belonged to the Hadoti and Bundi dynasties","Multipurpose Museum","1944","","","Adults: Rs. 5 per head and Students: Rs. 2 per head","10:00 AM - 05:00 PM (Closed on Mondays and important Government Holidays)","Photography and Guided Tours"
"Rao Madho Singh Museum","Rao Madho Singh Museum Trust, City Palace (Garh), Kota - 324006","Rajasthan","The Museum houses a variety of collections, including beautiful ancient sculptures, mural paintings, min - iature paintings, royal armoury, and frescoes","Multipurpose Museum","1972","https://www.kotahgarh.com/","07442385040, +91 8955005878, rmsmuseumtrust@kotahgarh.com","Adults: Rs. 50 per head and Students: Rs.10 per head","09:30 AM - 05:00 PM (All days except on Government Holidays)","Photography and Guided Tours"
"Government Museum of Mandore","Janana Mahal, Mandore Garden, Mandore, Jodhpur - 342007","Rajasthan","The Painting Gallery, Zoology and Lifestyle Gallery, and Statue and Sculpture Gallery are the three sec - tions of the Museum. The Painting Gallery contains full-body portraits of some of Marwar’s rulers from the 15th to 19th centuries, Krishna paintings in the Pichwai style of the Nathdwara school of art from the 20th century, and a section of Raga Mala from the 20th century that includes visual depictions of ragas and raginis in human form. The zoological gallery section houses a collection of preserved birds from the 7th to the 18th centuries. The gallery’s life - style section attempts to articulate the region’s culture, communities, people, and livelihoods by displaying objects of daily use and decorative objects. The museum’s final section contains s tatues, sculptures, architectural fragments, and inscriptions dating from the seventh to the eighteenth centuries","Multipurpose Museum","1965","","+91 9414826354, +91 0291 2545353, custmus.mandore@gmail.com","Indian- Rs. 20 per head, Foreign- Rs. 100 per head, Indian Students: Rs. 10 per head, International Students: Rs. 50 per head, No charges for children below 12 years of age.","09:45 AM - 05:15 PM (Closed on Mondays)","Photography"
"Rajiv Gandhi Regional Museum of Natural History","Shilpgram, Museum Rd, Ramsinghpura, Sawai Madhopur - 322027","Rajasthan","The museum houses various Flora and Fauna objects","Natural History Museum","2007","https://nmnh.nic.in/smadhopur.htm","07462 223010, 220273","Free","10:00 AM 05:00 PM","Photography"
"Thar Natural History Fossil Museum","Bharpalsar Ladkhaniyan - 331802","Rajasthan","","Natural History Museum","","https://www.jaisalmertourism.co.in/the-thar-heritage-museum-jaisalmer","9928438380","","10:00 AM - 04:30 PM (Closed on Mondays)","Photography"
"Swami Vivekanand Museum (Ajit Vivek Museum)","Ramakrishna Mission, P.O. Khetri, District Jhunjhunu - 333503","Rajasthan","The Museum exhibits the life and teachings of Swami Vivekananda through the exhibits such as dioramas and documents","Personalia Museum","2013","https://www.rkmissionkhetri.org/","01593 234312, khetri@rkmm.org","Rs. 10 per head","Summers: 10:00 AM - 06:00 PM and Winters: 09:00 AM - 05:00 PM (Closed on Mondays)","Photography"
"Museum of Jain Art and Culture","Digambar Jain Atishaya Kshetra, Shri Mahavirji, District Karauli - 322220","Rajasthan","The Museum displays the stone sculptures, photographs, wooden model of samosaran, ritual utensils and other objects, metal objects, line drawings of Jain Yantras, Pharh, silver objects, mayur picchi, kamandalu and chanvar","Religious Museum","2007","","","","10:30 AM - 04:30 PM","Photography"
"Ajmer Jain Temple museum","Agra Gate Road, Ajmer","Rajasthan","The Museum displays ‘Swarna Nagari’ which took 25 years (from 1870 to 1895) to complete. Thousands of individual parts were required to assemble a three-dimensional replica of the story of Rishabha in accordance with an old manuscript by Acharya Jinasena. It has several gold-plated wooden figur es, depicting several figures in the Jain religion.","Religious Museum","","","","Indian: Adults - Rs. 10 per head and Foreigners: Rs. 25 per head","08.30 AM - 04.30 PM","Photography"
"Birla Science Centre","Birla Education Trust, Vidya Vihar Pilani - 333031","Rajasthan","It houses exhibits and displays on science and technology where visitors can interact with the exhibits to make the understanding of science and technology easy and entertaining. It has Galleries on technological and popular science subjects, energy metallurgy, transport, mining, coal mines, aviation, electronics, chemical, textile, agricultural, popular science, arms, art gallery, Gandhi Gallery and G.D. Birla Gallery","Science Museum","1954","https://www.bet.org.in/instutions/birla-museum-pilani/","01596 242254 / 242108, contactus@bet.org.in","Adults: Rs. 8 per head, Student in Groups - Rs. 4 per head","Summers: 09:00 AM - 12:30 PM and 03:00 PM - 05:00 PM Winters: 09:30 AM - 01:00 PM and 03:00 PM 05:00 PM (Closed on Mondays and other Notified Holidays) Facilities : Library, Guided Tours, School Programmes and Photography allowed except in art galleries 494 Directory of Museums in India THEMATIC/SPECIALISED MUSEUMS 21.53 Birla Education Trust, Vidya Vihar Pilani - 333031 State/UT: Rajasthan Year of Establishment: 1954 Theme: Science Museum Overview: It houses exhibits and displays on science and technology where visitors can interact with the exhibits to make the understanding of science and technology easy and entertaining. It has Galleries on technological and popular science subjects, energy metallurgy, transport, mining, coal mines, aviation, electronics, chemical, textile, agricultural, popular science, arms, art gallery, Gandhi Gallery and G.D. Birla Gallery Ownership: Private Website: www.bet.org.in/instutions/birla-museum-pilani/ Social Media: Not Available Contact: 01596 242254 / 242108, contactus@bet.org.in Admission: Adults: Rs. 8/- per head, Student in Groups - Rs. 4/- per head Timings: Summers: 09:00 AM - 12:30 PM and 03:00 PM - 05:00 PM Winters: 09:30 AM - 01:00 PM and 03:00 PM 05:00 PM (Closed on Mondays and other Notified Holidays) Facilities : Library, Guided Tours, School Programmes and Photography allowed except in art galleries 494 Directory of Museums in India THEMATIC/SPECIALISED MUSEUMS 21.53 Rajasthan Year of Establishment: 1954 Theme: Science Museum Overview: It houses exhibits and displays on science and technology where visitors can interact with the exhibits to make the understanding of science and technology easy and entertaining. It has Galleries on technological and popular science subjects, energy metallurgy, transport, mining, coal mines, aviation, electronics, chemical, textile, agricultural, popular science, arms, art gallery, Gandhi Gallery and G.D. Birla Gallery Ownership: Private Website: www.bet.org.in/instutions/birla-museum-pilani/ Social Media: Not Available Contact: 01596 242254 / 242108, contactus@bet.org.in Admission: Adults: Rs. 8/- per head, Student in Groups - Rs. 4/- per head Timings: Summers: 09:00 AM - 12:30 PM and 03:00 PM - 05:00 PM Winters: 09:30 AM - 01:00 PM and 03:00 PM 05:00 PM (Closed on Mondays and other Notified Holidays) Facilities : Library, Guided Tours, School Programmes and Photography allowed except in art galleries 494 Directory of Museums in India THEMATIC/SPECIALISED MUSEUMS 21.53 1954 Theme: Science Museum Overview: It houses exhibits and displays on science and technology where visitors can interact with the exhibits to make the understanding of science and technology easy and entertaining. It has Galleries on technological and popular science subjects, energy metallurgy, transport, mining, coal mines, aviation, electronics, chemical, textile, agricultural, popular science, arms, art gallery, Gandhi Gallery and G.D. Birla Gallery Ownership: Private Website: www.bet.org.in/instutions/birla-museum-pilani/ Social Media: Not Available Contact: 01596 242254 / 242108, contactus@bet.org.in Admission: Adults: Rs. 8/- per head, Student in Groups - Rs. 4/- per head Timings: Summers: 09:00 AM - 12:30 PM and 03:00 PM - 05:00 PM Winters: 09:30 AM - 01:00 PM and 03:00 PM 05:00 PM (Closed on Mondays and other Notified Holidays) Facilities : Library, Guided Tours, School Programmes and Photography allowed except in art galleries 494 Directory of Museums in India THEMATIC/SPECIALISED MUSEUMS 21.53 Science Museum Overview: It houses exhibits and displays on science and technology where visitors can interact with the exhibits to make the understanding of science and technology easy and entertaining. It has Galleries on technological and popular science subjects, energy metallurgy, transport, mining, coal mines, aviation, electronics, chemical, textile, agricultural, popular science, arms, art gallery, Gandhi Gallery and G.D. Birla Gallery Ownership: Private Website: www.bet.org.in/instutions/birla-museum-pilani/ Social Media: Not Available Contact: 01596 242254 / 242108, contactus@bet.org.in Admission: Adults: Rs. 8/- per head, Student in Groups - Rs. 4/- per head Timings: Summers: 09:00 AM - 12:30 PM and 03:00 PM - 05:00 PM Winters: 09:30 AM - 01:00 PM and 03:00 PM 05:00 PM (Closed on Mondays and other Notified Holidays) Facilities : Library, Guided Tours, School Programmes and Photography allowed except in art galleries 494 Directory of Museums in India THEMATIC/SPECIALISED MUSEUMS 21.53 It houses exhibits and displays on science and technology where visitors can interact with the exhibits to make the understanding of science and technology easy and entertaining. It has Galleries on technological and popular science subjects, energy metallurgy, transport, mining, coal mines, aviation, electronics, chemical, textile, agricultural, popular science, arms, art gallery, Gandhi Gallery and G.D. Birla Gallery www.bet.org.in/instutions/birla-museum-pilani/ Social Media: Not Available Contact: 01596 242254 / 242108, contactus@bet.org.in Admission: Adults: Rs. 8/- per head, Student in Groups - Rs. 4/- per head Timings: Summers: 09:00 AM - 12:30 PM and 03:00 PM - 05:00 PM Winters: 09:30 AM - 01:00 PM and 03:00 PM 05:00 PM (Closed on Mondays and other Notified Holidays) Facilities : Library, Guided Tours, School Programmes and Photography allowed except in art galleries 494 Directory of Museums in India THEMATIC/SPECIALISED MUSEUMS 21.53 Not Available Contact: 01596 242254 / 242108, contactus@bet.org.in Admission: Adults: Rs. 8/- per head, Student in Groups - Rs. 4/- per head Timings: Summers: 09:00 AM - 12:30 PM and 03:00 PM - 05:00 PM Winters: 09:30 AM - 01:00 PM and 03:00 PM 05:00 PM (Closed on Mondays and other Notified Holidays) Facilities : Library, Guided Tours, School Programmes and Photography allowed except in art galleries 494 Directory of Museums in India THEMATIC/SPECIALISED MUSEUMS 21.53 01596 242254 / 242108, contactus@bet.org.in Admission: Adults: Rs. 8/- per head, Student in Groups - Rs. 4/- per head Timings: Summers: 09:00 AM - 12:30 PM and 03:00 PM - 05:00 PM Winters: 09:30 AM - 01:00 PM and 03:00 PM 05:00 PM (Closed on Mondays and other Notified Holidays) Facilities : Library, Guided Tours, School Programmes and Photography allowed except in art galleries 494 Directory of Museums in India THEMATIC/SPECIALISED MUSEUMS 21.53 Adults: Rs. 8/- per head, Student in Groups - Rs. 4/- per head Timings: Summers: 09:00 AM - 12:30 PM and 03:00 PM - 05:00 PM Winters: 09:30 AM - 01:00 PM and 03:00 PM 05:00 PM (Closed on Mondays and other Notified Holidays) Facilities : Library, Guided Tours, School Programmes and Photography allowed except in art galleries 494 Directory of Museums in India THEMATIC/SPECIALISED MUSEUMS 21.53 Summers: 09:00 AM - 12:30 PM and 03:00 PM - 05:00 PM Winters: 09:30 AM - 01:00 PM and 03:00 PM 05:00 PM (Closed on Mondays and other Notified Holidays) Facilities : Library, Guided Tours, School Programmes and Photography allowed except in art galleries 494 Directory of Museums in India THEMATIC/SPECIALISED MUSEUMS 21.53 nan","Photography"
"Jaipur Wax Museum","Nahargarh Fort Amer Road Near Jal Mahal, Jaipur - 302001","Rajasthan","The Museum displays over 36 wax and silicone statues in the galleries which displays wax and silicon statues of individuals who have not only excelled in their respective fiel ds but have also become icons in society and figures from history, cinema, sports celebrities, literature, art & culture, and royal grandeur are all housed under one roof. Mr. Susanta Ray, India’s maiden and senior most wax sculptor, crafted them. The wax statues are complemented by inventive sets and backdrops to provide visitors with a one-of-a-kind experience. The Gati Gamini, a 10-foot-long Royal Enfield Bullet, the signature Rajasthan Tourism Motorbike, is also on display at the museum","Thematic Museum","2016","https://jaipurwaxmuseum.com/, www.tourism.rajasthan.gov.in","9820683932","Indian - Rs. 500 per head and Foreign - Rs. 700 per head","10:00 AM - 06:00 PM","Photography ART AND CRAFT MUSEUMS/GALLERIES"
"Wax Museum Udaipur","10, Gogunda House, Daitya Magri, LN Mishra Marg, Udaipur","Rajasthan","An interactive Wax Museum, mirror maze, 9D cinema, and horror show are available at this entertainment venue","Thematic Museum","2015","https://www.waxmuseumudaipur.com/","+ 91 9461585858, info@waxmuseumudaipur.com","Rs. 300 per head","09:00 AM - 09:00 PM (Closed on Saturdays and Sundays)",""
"The Singaria Coin Museum","Old Bera Wala Bas, Near Bhadwasiya Govt. School, Jodhpur - 342007","Rajasthan","It is an ongoing effort to preserve history and trace the evolution of human c ivilization using numismatics. The Museum claims to have a collection of nearly 10,000 pieces representing various trading modes and economics of India and other countries. The collection focuses on Indian currency (both coins and paper) and its evolution over time, from ancient India to different ruling periods of the Mughals, Brit ish, and Dutch and French colonies. The Mu - seum also displays various coin dies, misprinted coins, and paper currency from around the world. The museum also has a small library with information about the history and existence of currency, economics, and numismatic studies","Thematic Museum","1999","https://the-singaria-coin-museum. business. site","+91 9166974641","Free","10:00 AM - 04:00 PM",""
"Lucky’s Celebrity Wax Museum","Guru Shikhar Rd, Near Peace Park, Oriya, Mount Abu - 307501","Rajasthan","It displays the wax statues of different celebrities, prominent historical figures , and leaders","Thematic Museum","","https://www.luckyscelebritywaxmuseum.com/wax-museum-mount-abu/","9414775577","Wax Museum: Rs. 150 per head, 9D Action Cinemas: Rs. 200 per head, Horror House: Rs. 100 per head, Infinitive Room V ortex: Rs. 100 per head, Combo offer (Includes All Show s): Rs. 400 per head, Free entry for children below 5 years of age","09:00 AM – 09:30 PM","Guided Tours, School Programmes and Photography"
"Ganju Lama VC Museum","Sangmo - 737139","Sikkim","The Ganju Lama VC Museum commemorates and celebrates the life of the great Sikkimese Legend Cap - tain Ganju Lama V .C.M.M.P.D. This Museum is more than a place it is an experience that allows visitors to take a clos - er look at the life of an inspirational man through rare footages, a wide collection of unseen images, historic texts and other fascinating materials with the motive that it will resonate with people and inspire positive change in the society through the legacy and values of Late Ganju Lama. The collection in the display includes his medals, uniforms, arte - facts, various souvenirs that he received from the people, institutions from all over the world and other memorabilia closely connected with the Late Ganju Lama","Army Museum","2022","","+ 91 359 2202746","Free","","Guided Tours, School Programmes and Photography"
"Lepcha Museum","H.L Dixit Rd, Kalimpong Khasmahal, Kalimpong - 734301","Sikkim","The Lepchas are an indigenous community living in and around Kalimpong, Darjeeling, Sikkim, Nepal and Bhutan. The Lepcha Museum exhibits ethnographic objects of organic and inorgani c nature that reflect the rich so - cio-cultural heritage and activities such as traditional dances, songs, and folktales of the Lepcha people of Sikkim. The display includes various articles of worship, handicraft items, manuscripts and original Lepcha musical instruments including a popular four-string flute instrument that is played with a bow","Ethnographic Museum","2003","","9434179065","Free","10:30 AM – 04:30 PM","Library"
"Nepali Museum","Yuva Kalyan Sangh, Lower Aho -737135","Sikkim","It houses some 200 ethnographic artefacts which represents the socio-cultural and material culture of the Nepali community of Sikkim","Ethnographic Museum","","","","Free","10:30 AM – 04:30 p.m","Photography"
"Black Cat Museum","Lingding Rd, Upper Tadong, Deorali Bazar, Gangtok - 737102","Sikkim","The Museum consists of a mesmerising photo gallery showcasing the rich history, culture, traditions and major wars fought by the warrior clans of Sikkim along with an Audio Tour Guide System (the only one in Sikkim). The museum also displays accounts of major skirmishes in Sikkim. The m useum boasts of a one of its kind Selfie Room where tourists can click exciting photographs.","Multipurpose Museum","2018","https://www.sikkimtourism.gov.in","","Free","09:00 AM – 06:00 PM (Closed on Tuesdays)","Guided Tours, School Programmes, Film Show and monthly 2nd Saturday Lectures"
"Ram Gauri Sangrahalay","Reshi Rhenock Rd, Rhenock Bazar, East Sikkim, Reshi - 737133","Sikkim","This Museum is home to ethnographic objects like driftwood, artistic stones, utensils, old documents relat - ed to the state, rare manuscripts, coins and stamps. In the museum l ibrary, one can also find Sanskrit documents which probably date back to the 18th century.The Museum, named after the parents of its current owner, Shri Ganesh Kumar Pradhan, plays a crucial role as the keeper of Sikkim’s political history. Ram Gauri Sangrahalay’s collection includes documents telling the story of the political development of the former Himalayan kingdom of Sikkim, and tax receipts that give us a glimpse of the feudal times of the Pre-Independence era","Multipurpose Museum","2006","","+ 91 9832352400, ramgaurisangralaya@yahoo.com","For Student: Rs. 30 per head Others: Rs. 50 per head","Open 24 hrs.","Photography"
"Namgyal Institute of Tibetology","Deorali, Gangtok - 737101","Sikkim","The Museum at Namgyal Institute of Tibetology is a rich repository of all known Tibetan books and re - ligious articles of Mahayana Buddhism.The Museum houses religious icons, traditional art objects, thangkas as well as original manuscripts in Sanskrit, Tibetan, Chinese and Lepcha. Some of the unique objects of the Museum are a Sanskrit palm leaf manuscript circa 1050 AD containing a rare commentary of Prajnaparamita, obtained from Sakya monastery in Tibet; the 11th century statue of Vajrasattva; and 11th century Tibetan manuscripts in gold glittering","Multipurpose Museum","1958","https://www.tibetology.net","03592 281525, directornitsikkim@gmail.com","Free","10:00 AM - 04:00 PM (Closed on Sundays and Holidays)","Photography"
"Sikkim Science Centre","Sikkim 737135","Sikkim","The main galleries have exciting interactive exhibits. The gallery “Unique Humankind”, is a major exposi - tion revealing why or how human beings are unique among the various life forms on earth. Students would enjoy the interactive exhibits of the Fun Science gallery. The Children’s Activity Corner throws open a large variety of puzzles and science kits to be handled by the tiny-tots for kindling their imagination and activating thought process","Science Centre","2008","https://www.sstp.dst.gov.in","03592 251026","Rs. 25 per head","10:00 AM – 04:30 PM (Closed on Mondays)","Wheelchair, Café, Photography, Souvenir Shop and Guided Tours"
"High Court of Sikkim Museum","Forest Colony Rd, Sungava, Gangtok - 737101","Sikkim","The Museum is a marvelous exhibition of the past unique and traces not only the evolution of the courts and laws in Sikkim but also documents landmark and historical events of Sikkim. It provides us an opportunity of introspection and to know the historical development of this Court so that we may enlighten ourselves and appreciate the journey undertaken by it to reach where it is today. The Museum has a rich and diversified collection of art, antiq - uities, paintings, sculptures, coins, ceramics, archaeological objects, illustrated manuscripts, farmans, decorative art objects, arm & armours, textiles, natural history specimens, photographs and many more. The beautiful location, large sprawling green lawn and nicely laid out garden has given it a special attraction","Thematic Museum","2017","https://www.hcsmuseum.nic.in","0359 2202275","Free","10:00 AM – 05:00 PM (Closed on Tuesdays)","Guided Tours and School Programmes"
"Archaeological site museum.","No-13, Siddhi Vinayagar Koif Street , ARCOT (PO) ,Vellore District","Tamil Nadu","The Museum exhibits the artefacts taken from excavations in Vellore District. It exhibits many historical photographs, rare artefacts, sculptures, coins, potteries, stone tools, terracotta objects, photographs, inscriptions etc.","Archaeological Museum","1982","https://www.ranipet.nic.in","+91 4172 271000, collr-rpt@gov.in","Adults: Rs. 5 per head, Children: Rs. 3 per head and Foreign: Rs. 50 per head","10:00 AM - 05:30 PM (Closed on Fridays)","Guided Tours"
"Department of Ancient History and Archaeology","University of Madras - 600005","Tamil Nadu","The Museum displays excavated materials, antiquities, palaeolithic tools and coins","Archaeological Museum","1962","https://www.unom.ac.in","044 25399606","Free","10:00 AM - 05:30 PM (Closed on Fridays)","Library and School Programmes"
"Archaeological Site Museum","9 Muhammad Ali Club Road, Dharmapuri - 636701","Tamil Nadu","The Museum displays archaeological antiquities, hero stones, stone sculptures, prehistoric antiquities and historic antiquities","Archaeological Museum","1979","","","Free","10:00 AM - 05:45 PM (Closed on Fridays)","Library, Guided Tours and  Photography HISTORICAL MUSEUMS"
"Kalaimagal Kalvi Nilayam","Thodakkapalli, Erode","Tamil Nadu","The Museum has a great wealth of coins - punch marked coins, Augustus, Siberius coins, Sangam Age coins, Pallava coins, Mughal coins, Indian coins (before and after independence), Foreign coins from various other countries. The Museum has a rare specimen of Terracota Head of Apollo, The Roman God and Quartz weapons, pot sherds, Conch Shell bangles – surface collection by the hostel children in Kodumanal near Noyyal River","Archaeological Museum","1981","https://www.kalaimagalkalvinilayam.com","0424 2256864, kalaimagalschoolerode@gmail.com","Free","10:00 AM - 04:00 PM (Closed on Saturday and Sunday)","Library, Guided Tours and Photography"
"Pre-History Museum","Department of Archaeology, Thiruvallur District - 602023","Tamil Nadu","Collection displayed includes Palaeolithic implements, Neolithic Celts, Sarcophagus (small and big), Megalithic Storage pots & cups, Fossilised Snail and wood, three legged Urn, Iron Spade and Terracotta pipes (Tuyeres) for iron smelting","Archaeological Museum","1985","https://www.tnarch.gov.in","944020226","Adults: Rs. 5 per head, Children: Rs. 3 per head, and Foreigners : Rs. 50 per head","10:00 AM - 05:00 PM (Closed on Fridays)","Library and Photography MEDICAL MUSEUM"
"Ramalinga Vilasam Palace Museum","Department of Archaeology, Ramanathapuram - 623501","Tamil Nadu","Collection displayed includes Iron spear, Sword, Dagger, Gun, and Valari (Boomerang) and antiquities collected from Alagankulam excavations. Besides antiquities, beautiful paintings depicting royal warfare, gods and goddess, scenes from epic Ramayana particularly the birth of Rama (Balakandam), with description in colloquial language, Bhagavatham, water sports and erotic scenes found on the ceiling and walls of this Palace are archaeologically significant","Archaeological Museum","1979","https://www.tnarch.gov.in","","Rs. 5 per person","10:00 AM - 05:00 PM (Closed on Fridays)",""
"Raja Raja Cholan Museum","Palace Complex, Thanjavur","Tamil Nadu","Collection displayed includes Stone sculptures viz. Yoga Dhakshinamoorthy, Nataraj, Jyeshta, Gajalakshmi, Vishnu, Brahma, Muruga, Bairava, Vinayaga, Surya, Rishi Agasthya and Nandi, replica of Brihadeeswarar temple, terracotta, bronzes, puja lamps, palm-leaf manuscripts, copper plates, coins","Archaeological Museum","1984","https://www.tnarch.gov.in","+ 91 4428190020, tnarch@tn.nic.in","Free","10:00 AM - 05:00 PM (Closed on Wednesdays)","Library and Photography (with the permission of Director General ASI)"
"Tribal Museum, Tribal Research Campus","ADI Dravidar and Tribal Welfare Department, M Palada (PO), Udhagamandalam - 643004","Tamil Nadu","Collection displayed includes tribal artefacts like: Jewellery, Tribal house shed etc.","","1996","https://www.nilgiris.nic.in","04651 250255","Adult: Rs. 5 per head and foreigners: Rs.100 per head","10:00 AM to 5:00 PM (Closed on Saturdays and Sundays)","Guided Tour, Photography and Library"
"Marine Archaeological Site Museum","Deputy Superintending Archaeologist, Department of Archaeology, Archaeology Underwater Site Museum, Poompuhar - 609105","Tamil Nadu","Antiquities recovered both from off-shore and onshore exploration and excavation includes:Roman rouletted sherd, Head of Buddha (Terracotta), Buddhapadam (Terracotta), Big size bricks, Beads, Roman, Chinese potteries, Stamped potteries from Alagankulam Excavation, Wooden artefacts, Ring well, Megalithic appendages, Chinese Jar, British cooling Jar, Silambu, Terracotta figurines, Lead Ingots and Buddha statue off Poompuhar, Stone sculpture of Ayyanar and Models of ship","Archaeological Museum","1997","https://www.tnarch.gov.in","","Child: Rs. 5 per head Foreigner: Rs.3 per head","10:00 AM - 5:45 PM (Closed on Fridays)","Guided Tours and Film Shows"
"Danish Fort Site Museum","Department of Archaeology, Tranquebar – 609313","Tamil Nadu","The Museum displays Porcelain wares, Danish manuscripts, Glass objects, Chinese tea jar, Steatite lamps, Decorated terracotta objects, figurines, lamps, Stone Sculptures, Swor ds, Dagger, Spear, Sudai (stucco), figurines (made of mortar), Megalithic Urn, Chola period utensils, and wooden objects","Archaeological Museum","1979","https://www.tnarch.gov.in","+91 452 2338992","Child: Rs. 5 per head, and Foreigner: Rs.3 per head","10:00 AM - 05:00 PM (Closed on Fridays)","Library, Guided Tours and Photography"
"Chera Site Museum","Department of Archaeology, 671, Jawahar Bazaar, Karur - 639 001","Tamil Nadu","The artefacts, belonging to 1st century BCE to 19th century CE, are displayed in this Museum. The Museum collection includes: an inscribed Gold and silver rings found at Amaravathi river bed, punch marked coins of 5th century BCE,hero stone sculptures, Roman coin, Sangam Age Chera, Chola and Pandya coins, Pallava coin etc.","Archaeological Museum","1982","https://www.tnarch.gov.in","","Child: Rs. 5 per head","10:00 AM - 05:00 PM (Closed on Fridays)","Guided Tours, School Programmes and Film shows"
"Maratta Site Museum","Department of Archaeology, Kizha Raja Street, (Sarja Madi) Thanjavur - 613001","Tamil Nadu","The Museum displays stone sculptures, porcelain wares, iron implements such as sword, dagger and knife","Archaeological Museum","1979","https://www.tnarch.gov.in","","Child: Rs. 5 per head","10:00 AM - 05:45 PM (Closed on Fridays)","Library, Guided Tours and Photography"
"Islamic Site Museum","Department of Archaeology,13, Sidhi Vinayagar Koil Street, ARCOT – 632503","Tamil Nadu","The Museum displays stone sculptures, terracotta figurines, coins, Isla mic antiquities, porcelain ware, iron implements, wooden artefacts and antiquities from excavations done around the region","Archaeological Museum","1982","https://www.tnarch.gov.in","","Child: Rs. 5 per head","10:00 AM - 05:00 PM (Closed on Thursdays)","Library, Guided Tours, Lectures and Photography"
"Coimbatore Site Museum","Department of Archaeology, Indian Overseas Bank Valagam, Nanjundapuram Salai, Ramanathapuram, Coimbatore - 641036","Tamil Nadu","The Museum displays sculptures, pottery found in urn burials, inscriptions of Kongu kings, hero stones, and the antiquities found in the exploration and excavations. A noteworthy finding w as the terracotta seal with ancient Tamil script which reads as Varman. Two punch marked coins dated to 4th century CE were also found in the excavation","Archaeological Museum","1981","https://www.tnarch.gov.in","","Child: Rs. 5 per head","10:00 AM - 05:00 PM (Closed on Fridays)","Library, Guided Tours and Photography"
"Courtallam Site Museum","Department of Archaeology, Sannathi Street, Courtallam, Tirunelveli District - 627802","Tamil Nadu","The Museum displays Neolithic tools, Megalithic black and red burial potteries, iron implements, sculptures, terracotta figurines, wood fossils. A Site Museum at Court allam was established to exhibit the tribal art & culture of hunters Microlithic tools","Archaeological Museum","1982","https://www.tnarch.gov.in","","Adult: Rs. 50 per head","10:00 AM - 05:00 PM (Closed on Fridays)","Library, Guided Tours and Photography"
"Thirumalai Nayak Mahal Site Museum","Department of Archaeology, Tirumalai Nayak Palace, Madurai – 625001","Tamil Nadu","The Museum displays a square copper coin with symbol of a fish on one side, semi-precious stone beads, shell bangle pieces, inscribed pot sherds found in the excavated trench at Kovalan Pottal, Sapthamatrika sculptural panels, terracotta figurines from Kondagai","Archaeological Museum","1980","https://www.tnarch.gov.in","","Adult: Rs. 50 per head","10:00 AM - 05:00 PM (Closed on Fridays)","Library, Guided Tours and Photography"
"Padmanabhapuram Palace","Chakala, Thuckalay - 629175","Tamil Nadu","The Museum houses various sculptures, ceramics, wooden objects, Coins, paintings, epigraphy and Armoury monographs","Archaeological Museum","1983","https://www.kanyakumaritourism.in","4651250255","Adult: Rs. 10 per head, and Children: Rs. 2 per head","09:00 AM - 04:30 PM (Closed on Mondays)","Library, Guided Tours and Photography"
"Rani Mangammal Museum","Trichy, Rani Managammal Palace, Dist. Tiruchirapalli, Tamil Nadu","Tamil Nadu","The Museum’s collection has been divided into sections that cover a wide range of topics such as antiques, archaeology, arts and crafts, environment, and numismatics","Archaeological Museum","1983","","","Adult: Rs. 10 per head, and Children: Rs. 2 per head","09:00 AM - 04:30 PM (Closed on Mondays)","Photography"
"Government Museum","Stone House, Stone House Area, Thalayathimund, Ooty - 643002","Tamil Nadu","The Government Museum displays information and artefacts belonging to 18 tribes in Ooty. The attraction houses an extensive collection of the culture, history, the tribes, tribal objects, sculptures, paintings, handicrafts, nature and the ecology of Udhagamandalam","Archaeological Museum","1989","","0423 2441402","Adult: Rs. 10 per head, and Children: Rs. 2 per head","09:00 AM - 05:30 PM (Closed on Fridays)","Library, Guided Tours and Photography"
"Cholamandal Artists Village","Injambakkam, Chennai - 600115","Tamil Nadu","","Art and Craft Museum","1966","","+91 44244490092","Rs. 20 per head","09:30 AM - 06:30 PM",""
"Click Art Museum","159, 5/108, SH 49, Akkarai, Injambakkam, Chennai - 600115","Tamil Nadu","Art Gallery includes High illusion paintings","Art and Craft Museum","","https://www.clickartmuseum.com","8939933999","Rs. 150 per head","10:00 AM - 08:00 PM","Library, Guided Tours and Photography"
"Sculpture Museum, Government College of Architecture and Sculpture, Mamallapuram","East Coast Rd, Mahabalipuram - 603104","Tamil Nadu","Traditional Paintings and traditional sculpture, stones, wooden objects, stucco etc.","Art and Craft Museum","1957","https://artandculture.tn.gov.in","4427442261","Free with prior permission","10:00 AM - 05:00 PM","Library, Guided Tours and Cafe"
"Folk Museum, Folklore Resources and Research Centre, St. Xaviers College, Pallayomkottai","21 North, High Ground Rd, Palayamkottai, Tirunelveli - 627002","Tamil Nadu","Museum Displays the Folk art and craft materials of various religious beliefs in the locality","Art and Craft Museum","1999","https://www.stxavierstn.edu.in","4624264335","Free","10:00 AM - 05:00 PM","Library, Guided Tours and Photography"
"Arangar Museum, Sri Ranganathaswamy Temple Museum","Srirangam, Tiruchirappalli - 620006","Tamil Nadu","This Museum stores objects like ivory idols, icons, old manuscripts, inscribed copper plates, wooden sculptures, bronze, brass, weapons, gold gilded idol, coins, jewellery, ivory box, textile, palm leaf manuscripts and musical instruments","Art and Craft Museum","1968","","4312432246","Free","09:00 AM - 01:00 PM and 02:00 AM - 06:00 PM","Library, Guided Tours and Photography"
"Art Gallery, Palace Complex, Thanjavur","Maratha Palace, Thanjavur - 613001","Tamil Nadu","Museum displays an exquisite collection of ancient sculptures and coins. It is officially called the “Raja Raja Chola Art Gallery’’ and locally known as “Thanjavur Kalaikoodam”. The Bronze sculptures of Hindu Gods and Goddesses range from 9th century A.D to 19th century A.D is displayed in the Museum.Early Indian lifestyle, their clothing, ornaments and even hairdo are carved in these statues. Another interesting feature is the collection of old coins. Coins from as early as 300 B.C are exhibited here, which is quite astonishing. Artefacts are placed in a hall which used to be the Kings’ royal court (Durbar Hall). The walls and the ceiling of Durbar hall are superbly ornamented with paintings and statuettes. Even the pillars and arches are decorated with fascinating scenes from Hindu epics like Ramayana and Mahabharata.","Art and Craft Museum","1951","","4312432246","","09:00 AM - 06:00 PM","Library, Guided Tours and Photography"
"Art Gallery State Lalit Kala Akademi, Nilgiri","4, Greams Rd, Thousand Lights West, Thousand Lights, Chennai - 600006","Tamil Nadu","The Museum collection includes:contemporary paintings, sculptures, graphics, and drawings from Tamil Nadu and other States","Art and Craft Museum","1990","https://www.lalitkala.gov.in","4428291692","Free","11:00 AM - 07:00 PM","Library, Photography, Guided Tours and School Programmes"
"Live Art Museum","1/130, East Coast Rd, Anna Enclave, Injambakkam, Chennai - 600115","Tamil Nadu","The exhibits in the Museum are made out of silicone, life size images of famous people is displayed in the Museum","Art and Craft Museum","","https://www.aliveartmuseum.com","8939933999","Adults: Rs. 150 per head, and Children: Rs. 100 per head","10:00 AM - 08:00 PM","Library, Photography, Guided Tours, School Programmes, Film Shows and Lectures"
"The Faraway Tree Gallery","7, Rutland Gate 6th St, Srirampuram, Thousand Lights West, Nungambakkam, Chennai - 600006","Tamil Nadu","The collection includes some of the best quality modern and contemporary Indian art being produced. The works range from an array of mediums: Paintings, Watercolours, Dra wings etc. One can also find sculptures and limited edition prints such as Lithographs and Etchings of well established Indian artists","Art Gallery","2009","https://www.thefarawaytree.com","09840254518, pal@thefarawaytree.com","","","Library, Photography, Guided Tour, School Programmes, Film Shows and Lectures"
"Tamil Nadu Police Museum","483, Pantheon Rd, Komaleeswaranpet, Egmore, Chennai - 600008","Tamil Nadu","The Museum is a two-storied Indo- Saracenic structure, consisting of high parapet walls, wooden spiral stairway, Madras terrace roofing, and traditional lime-plastered w alls.The grand portico at the entrance features Doric columns.The interiors feature massive louvred doors that open in from the deep verandah running around the building. The first high-ceiling hall of the building features wooden beams. A red ba ize-lined wooden staircase leads to the upper storey","Police Museum","2021","https://www.tnpolicemuseumchennai.com","9498143468","","10:00 AM – 07:00 PM (Closed on Tuesdays)","Library, Photography, Guided Tours, School Programmes, Film Shows and Lectures"
"Madras Regiment Museum","The Madras Regimental Centre, Wellington, Nilgiris - 643231","Tamil Nadu","The Museum exhibits pictorial depiction of the history of the regiment, details of battle honours/ awards, artefacts of the retired General Officers, honours/ awards, artef acts of the retired General Officers, regiments’ contribution to U.N mission, depiction of regiments affiliation with old sta te forces and other regiments and naval ships. It also displays the Weapons, General’s medals, flags, colour photos, accoutrements since 1758","Army Museum","1993","","0423 2230699","Free","Summers: 08:30 AM - 01:30 PM, Winters: 08:30 AM - 01:45 PM (Closed on Sundays and Holidays)","Library, Photography, Guide Service, School Programmes, Film Shows and Lectures"
"Insect Museum, TNAU","Tamil Nadu Agricultural University, P N Pudur - 641003","Tamil Nadu","The Museum displays crop specimens of cereals, pulses, oilseeds, fibres , minerals, rocks, insect pets and fungal diseases, models of implements and tools, stuffed birds, poults and othe r small animals, silvers and gold metals, cups, shields, etc.","Educational Museum","1909","https://www.tnau.ac.in/insect-museum","0422 6611214","Free","08:00 AM - 05:00 PM","Library"
"Museum of Constructive Programme of Mahatma Gandhi","Gandhigram, Dindigul District, Chinnalapatti - 624302","Tamil Nadu","The Museum houses photographs, paintings, models, toys, two paintings on Gandhi and a sculpture, two paintings on prohibition and removal of untouchable etc","Educational Museum","1997","https://www.ruraluniv.ac.in","4512452371","Free","09:00 AM - 05:30 PM","Library and Photography"
"Marine Museum, CAS in Marine Biology","Annamalai University, Main Rd, Parangipettai - 608502","Tamil Nadu","The Museum houses various marine organisms","Educational Museum","1961","https://www.annamalaiuniversity.ac.in","04144 243223","Free","10:00 AM - 05:00 PM (Closed on Saturdays and Sundays)","Photography and Guided Tours"
"Kanchi Kudil","53 A, SVN Pillai St, Pillaiyarpalayam, Kanchipuram - 631502","Tamil Nadu","The Heritage Museum is a century old home, featuring traditional Kanchipuram antiques, photo and art","Historical Museum","","","4427227680","Rs. 20 per head","09:00 AM - 05:00 PM","Photography, Guided Tours and Library"
"History Museum","Vellalar College for WomenThindal, Erode - 638012","Tamil Nadu","Museum displays invaluable antiques, relics, bas reliefs, coins, burial urns, exhumed bones, potsherds with graffiti marks, stone crusher, fragments of cornelian bangles, copper plate document, sculptures, palm leaf manuscripts, coins, beads, hero stones and sculptures, collected and excavated from the Kongu region","Historical Museum","2004","https://www .vcw.ac.in","0424 224 4101","Free","09:00 AM - 05:00 PM","Photography, Guided Tours, Library, School Programmes and Art Training"
"Anatomy Department Museum, Stanley Medical College","Old Washermanpet, Chennai - 600001","Tamil Nadu","The Museum exhibits various specimens of embryology and dissections of the human body","Medical Museums","1942","","044 25280444","Free","09:00 AM - 05:00 PM (Closed on Sundays)","Not Available PERSONALIA MUSEUMS"
"Fort St. George, ASI","Rajaji Rd near Legislature and Secretariat, Fort st. George, Chennai - 600009","Tamil Nadu","The Museum houses arms, uniforms, ,medals,coins, manuscripts, paintings, prints and documents, Indo- French Wodeyars objects, prints on Madras, portraits, artefacts belonging to British and Dutch","Multipurpose Museum","1948","","044 25671127","Adult: Rs. 10 per head and Children below 15 yrs free entry","09:00 AM - 05:00 PM (Closed on Fridays)",""
"Government Museum Chennai","Government Maternity Hospital, Pantheon Rd, Egmore, Chennai - 600008","Tamil Nadu","The Museums houses various galleries such as Anthropology, Archaeology, Western and Modern Paintings, Palm leaf Manuscripts, Natural History, Herbarium gallery, Textiles, Botanical, Geological, Objects of Children’s Interest, Bronze images, rock and Cave painting Gallery, Conservation Gallery, Holographic Gallery and Children’s Museum","Multipurpose Museum","1851","https://www.govtmuseumchennai.org","044 28193238","Adults: Rs. 15 per head, Children: Rs. 10 , Students: Rs. 5 per head , and NRI - Rs. 250 per head","09:30 AM - 05:00 PM",""
"Government Museum, Coimbatore (Temporarily shifted to Goverment Museum chennai)","24, Park Gate Rd, Opp Zoo, VOC Park, ATT Colony, Gopalapuram, Coimbatore - 641018","Tamil Nadu","The collection in the Museum includes specimens related to art, archeology, anthropology, numismatics, botany, zoology and geology. The Museum has been divided into 5 sections which houses a large collection of artefacts such as Mesolithic stone tools, calcimined bone remains of animals and humans, wood carvings of the 18th century, bronze icons, stone sculptures, inscribed stone slabs and tribal artefacts. A separate section for old rocks, minerals and wood fossils and tribal medicinal plants is also maintained here","Multipurpose Museum","1990","https://www.govtmuseumchennai.org","4222212050","Rs. 20 Per head","09:00 AM - 05:00 PM (Closed on Fridays, Second Saturdays and Public Holidays)","Photography and Souvenir Shop"
"Government Museum Kanchipuram","Periya, Kanchipuram - 631502","Tamil Nadu","The Museum displays Archaeological, Anthropological, geological, botanical, zoological and numismatic materials of importance. The Introductory Gallery displays the photos of important monuments and places of interest found in the district along with a detailed map. Any visitor who visits the Museum can get a comprehensive picture of the historical and cultural aspects of Kanchipuram and also understand about the natural resources and life of the people","Multipurpose Museum","1999","","","Adults: Rs. 5 per head, Children: Rs. 3 per head, NRI: Rs. 100 per head","09:00 AM - 05:30 AM (Closed on Fridays and Second Saturdays)",""
"Cuddalore Government Museum (Temporarily shifted to Government Museum Chennai)","Avenue Road, Rajambal Nagar, Manjakuppam, Cuddalore - 607001","Tamil Nadu","The Museum houses various collection of Art, Archaeological, Anthropological, Numismatics, Philately, Botany, Zoology, Geology","Multipurpose Museum","1989","https://www.govtmuseumchennai.org","","Free","09:30 AM - 05:00 PM (Closed on Fridays and Second Saturdays)",""
"Government Museum, Karur","Old Dindigul Rd, Makkal Pathai, Karur - 639001","Tamil Nadu","Bronze items, metalware objects, musical instruments, coins, rocks and minerals, fossils, botanical specimens, molluscan shells, and other marine specimens are among the collection","Multipurpose Museum","2000","https://www.govtmuseumchennai.org","","Adults: Rs. 5 per head, and Children: Rs. 3 per head","09:30 AM - 05:00 PM (Closed on Fridays)","Photography and Cafe RELIGIOUS MUSEUM"
"Government Museum, Madurai","Alwarpuram, Madurai - 625020","Tamil Nadu","The Museum houses collections such as bronzes, sculptures, musical Instruments, paintings, Geological, Botanical and Zoological specimens are on display","Multipurpose Museum","1981","https://www.govtmuseumchennai.org","","Adult: Rs. 5 per head, and Children: Rs. 3 per head","09:30 AM - 05:00 PM","Library"
"Government Museum, Erode","VOC Park Approach Road, Thirunagar Colony - 638001","Tamil Nadu","","Multipurpose Museum","1987","https://www.govtmuseumchennai.org","4242261160","Free","09:30 AM - 05:00 PM (Closed on Fridays and Second Saturdays)",""
"Shakuntala Jagannathan Museum of Folk Art","Kanchipuram-Chennai Rd, Maccana Industrial Estate, Madhiravedu, Thiruverkadu, Chennai - 600077","Tamil Nadu","The Museum houses collections such as paintings, lamps, vessels, palm-leaf items, wooden items, musical instruments, antique furniture, folk toys and dolls","Multipurpose Museum","2001","https://www.cprfoundation.org","044 48529990, cprafoundation@gmail.com","Rs.10 per head","10:00 AM - 05:00 PM","Library, Guided Tours and Photography."
"Government Museum, Kanyakumari","Beach Rd, Kanyakumari - 629702","Tamil Nadu","The Museum houses statues and sculptures, coins, wood carvings and whale bones. Recently a new gallery “Travancore Gallery” has been added in the Government Museum, Kanyakumari District","Multipurpose Museum","1991","","","Adults: Rs. 5 per head, and Children: Rs. 3 per head","09:30 AM - 05:00 PM (Closed on Fridays and Second Saturdays)","Library, Guided Tours and Photography"
"Government Museum, Krishnagiri","Gandhi Road, Poonthottam, Papparapatti, Krishnagiri - 635001","Tamil Nadu","The Museum houses prehistoric burial sites, Archaeological monuments and for Tribal culture. Sculptures, bronzes, neolithic stone tools, burial potteries, tribal ( Kurumba and Lambadi ) materials and hero stones are special exhibits. The Museum has good diorama showcases with objects of Botany, Geology and Zoology","Multipurpose Museum","1993","https://www.chennaimuseum.org","4343235802","Adults: Rs. 5 per head and Children: Rs. 3 per head, NRI: Rs. 100 per head","09:30 AM - 05:00 PM (Closed on Fridays and Second Saturdays)",""
"Government Art Museum Madurai","Inside Meenakshi temple, Arajar Salai, Simmakkal, Madurai Main, Madurai - 625001","Tamil Nadu","The Museum houses objects of interest relating to the temple art and architecture. Thousand Pillar Hall is the ‘wonder of the palace’. Temple Art Museum in this 1000 pillars hall where you can see icons, photographs, drawings, etc., exhibiting the 1200 years old history. There are so many other smaller and bigger Mandapams in the temple","Multipurpose Museum","1962","","0452 2344360","Adults: Rs. 5 per head, and Children: Rs. 2 per head, NRI Rs. 50 per head","06:00 AM - 08:00 PM","Library, Guided Tours and Photography THEMATIC/SPECIALISED MUSEUMS"
"Gandhi Museum","Collector Office Rd, Alwarpuram, Madurai - 625020","Tamil Nadu","The Museum houses collections such as archaeological, anthropological, numismatics, zoological, botanical, geological objects of children’s interest","Multipurpose Museum","1981","https://www.gandhimuseum.org","045 22531060","Adults: Rs. 5 per head and Children: Rs. 3 per head, NRI Rs. 100 per head","10:00 AM - 05:45 PM","Souvenir Shop and Photography"
"DakshinaChitra Heritage Museum","SH 49, Muttukadu - 603112","Tamil Nadu","DakshinaChitra has a collection of 18 authentic historical houses with contextual exhibitions in each house. All the houses bought and reconstructed at DakshinaChitra had been given for demolition by their owners. The authentic homes in a regional vernacular style are purchased, taken down, transported and reconstructed by artisans (Stapathis) of the regions","Multipurpose Museum","1996","https://www.dakshinachitra.net","9841777779","Adults: Rs. 100 per head, and Students: Rs. 50 per head and NRI: Rs. 250 per head","10:00 AM - 06:00 PM",""
"Government Museum Nagapattinam","ASN Colony, Melakottaivasal, Nagapattinam - 611003","Tamil Nadu","The Museum houses collections such as bronzes, sculptures, weapons, musical instruments, paintings, botanical, geological and zoological objects","Multipurpose Museum","1999","","","Adults: Rs. 5 per head, and Children: Rs. 3 per head and Foreigners - Rs. 100 per head","09:30 AM - 05:00 PM (Closed on Fridays and Second Saturdays)",""
"Skir Vasavi College History Museum","Suriyampalayam - 638316","Tamil Nadu","The Museum houses collections such as manuscripts, coins, inscriptions, artefacts, fragments of monuments, copper plates, tribal culture, folk songs, dress and ornaments and tribal Instruments","Multipurpose Museum","1981","https://www.srivasavi.ac.in","0424 2533542","Free","10:00 AM - 05:00 PM","Photography"
"Government Museum Palani","Adivaram, Giri Veethi, Palani - 624601","Tamil Nadu","The collection includes the bronzes from Palani taluk, such as Nataraja from Thamaraikulam , dated to the 11th Century AD., Venugopal from Thanjavur, Subramania and Valli (17th Century AD) from Palani and the Dancing Krishna from Tanjore. Folk bronzes are also on display revealing the crude folk technique of casting bronzes","Multipurpose Museum","1997","https://www.chennaimuseum.org","4545241990","Adult: Rs. 5 per head, Children: Rs. 3 per head and Foreigners - Rs. 100 per head","09:30 AM - 05:00 PM (Closed on Fridays and Second Saturdays)",""
"Government Museum, Pdukottai","Thirukkokarnam, Pudukkottai - 622002","Tamil Nadu","It Houses objects of cultural and natural resources of this area. A variety of invertebrates, about 200 species of birds, eggs of birds, fishes, snakes, mammals, art objects, wood carvings, textiles, paintings, pictures, musical instruments, prehistoric tools and materials, weapons of different desc ription, ornaments, historical records, copper plates, enchanting sculptures, beautiful bronzes, coins etc are on display","Multipurpose Museum","1910","https://www.pudukkottai.nic.in","4322236247","Adults: Rs. 5 per head, Children: Rs. 3 per head, and Foreigners- Rs. 100 per head","09:30 AM - 05:00 PM (Closed on Fridays and Second Saturdays)","Photography"
"Government Museum Ramanathapuram","Kenikarai, Ramanathapuram - 623501","Tamil Nadu","The Museum displays Bronzes, wood carvings, metal-ware objects, coins, rocks and minerals, prehistoric tools, paintings, tribal materials, herbarium sheets, timber varieties and other natural history materials","Multipurpose Museum","2000","https://www.chennaimuseum.org","04322 236247","Adult: Rs. 5 per head, and Children: Rs. 3 per head","09:30 AM - 05:00 PM (Closed on Fridays and Second Saturdays)","Photography"
"Government Museum, Vellore","Balaji Nagar, Vellore - 632004","Tamil Nadu","The Museum houses historical photographs,paleolithic Stone tools, Hand axes, Neolithic celts, Burial Urns, Sarcophagus and potteries of different kinds stamps of different Countries Stamps per taining to flora and fauna","Multipurpose Museum","1985","https://www.vellore.nic.in/government-museum-vellore","velloremuseum@yahoo.co.in","Adults: Rs. 5 per head, Children: Rs. 3 per head and Students: Rs. 2 per head","09:00 AM - 05:00 PM (Closed on Fridays)",""
"Government Museum, Udhagamandalam or Otty","70, Mysore Road, Udhagamandalam - 643043","Tamil Nadu","Museum displays objects pertaining to Art, Archaeology, anthropology, numismatics, philately, botany, zoology, geology, musical instruments, tribal objects, paintings, Bronzes, puppets, weapons","Multipurpose Museum","1989","","","Adults: Rs. 5 per head, Children: Rs. 3 per head and Students: Rs. 2 per head","09:00 AM - 05:00 PM (Closed on Fridays)","Guided Tours and Photography"
"Government Museum, Sivaganga","Weekly Market Rd, Aranmanai Vaasal, Sivaganga - 630561","Tamil Nadu","","Multipurpose Museum","1998","","","Adults: Rs. 5 per head, Children: Rs. 3 per head, Students: Rs. 2 per head, and Foreigners - Rs. 100 per head","09:00 AM - 05:00 PM (Closed on Fridays)","Guided Tours and Photography"
"Government Museum, Tirunelveli","Jansi Rani Nagar, Palayamkottai, Tirunelveli - 627002","Tamil Nadu","The Museum houses objects:Chennai weapons, prehistoric objects, paintings, botanical, zoological and geological objects, sculptures etc.","Multipurpose Museum","1992","","","Free","09:30 AM - 05:00 PM (Closed on Fridays 2nd Saturdays)","Library, Photography and Guided Tours"
"Government Museum, Tiruchirapalli","33, NSB Rd, Singarathope, Devathanam, Tiruchirappalli -620002","Tamil Nadu","The Museum has both indoor and outdoor exhibits of up to 2000 objects.Some of the indoor exhibits include epoch artefacts like megalithic sculptures, carvings,Stone Age inscriptions, musical instruments, tools, currencies and Chola-era coins, paintings,photographs, rare documents, palm-leaf manuscripts, fossils, tribal life of pachamalai & kohli hills, weapon and cannon balls used by Hyder Ali, early days snaps from BHEL company, Srirangam temple model, Rockfort temple model.The Museum also has an ecology section which houses a collection of rare insects, birds and mammals. Rare sculpture from Thanjavur paintings displaying Lord Thirumal as crawling Krishna is on the display","Multipurpose Museum","1983","","4312708809","Free","09:30 AM - 05:00 PM","Library, Photography and Guided Tours"
"The Thanjavur Maharaja Serfoji’s Sarasvati Mahal Library","E Main St, Rajakrishnapuram, Thanjavur - 613001","Tamil Nadu","It is an unparalleled repository of culture and an inexhaustible treasure house of knowledge built up by successive dynasties of Nayaks and the Marathas of Thanjavur. This Library has more than 49,000 manuscripts both in Palm Leaf and Paper form. The manuscripts are in various languages and script","Multipurpose Museum","1983","https://www.tmssmlibrary.com","4362234106","Free","10:00 AM – 05:30 PM (Closed on Wednesdays and Saturdays)","Library, Photography and Guided Tours"
"Tamil University Museum, Tamil University, Thanjavur","Tamil University Road, Thanjavur - 613010","Tamil Nadu","It is functioning with ten galleries housed in a part of the historical Maratha Palace, within the premises of the palace campus of Tamil University at Thanjavur. The Tamil University Museum has collected 3500 objects connected with Tamil Culture. The collection mainly consists of objects of arts and crafts and other categories of objects of material culture of various communities in Tamil Nadu. The Museum collection comprises not only such articles of daily life as clothing and utensils, but also all other kinds of relevant materials dealing with all regions in Tamil Nadu.","Multipurpose Museum","1983","https://www.tamiluniversity.ac.in","4362226720","Free","10:00 AM – 05:00 PM (Closed on Wednesdays and Saturdays)","Photography"
"Royal Museum, Huzur Mahadi Palace","Royal Museum, Huzur Mahadi Palace, Thanjavur - 613009","Tamil Nadu","The Museum displays textiles, oil paintings, pencil drawings, Thanjavur Paintings, Miniature Paintings, Musical instrument, furniture, coconut shell carvings, coins, bead work, arms, brass, bronze, manuscript, palm leaf, porcelain, dolls, stone sculptures","Multipurpose Museum","1994","","4362235268","Rs. 1 per head","09:00 AM - 05:00 PM","Library"
"Raja Serfoji 2 Memorial Hall","Thanjavur Palace, E Main St, Rajakrishnapuram, Thanjavur - 613001","Tamil Nadu","The Museum exhibits sculpture, bronze images, paintings, Tanjore paintings, decorative arts, manuscripts, coins, musical instruments, armoury, stucco work, decorative art objects ofRajah Serfoji 2 (Biography and historical sketch of the King)","Multipurpose Museum","1997","https://www.serfojimemorialhall.com","43622339267","Adults: Rs. 2 per head, Children: Rs. 1 per head, and Foreigners - Rs. 100 per head","09:00 AM - 06:00 PM (Closed only on Government Holidays)","Library, Guided Tours and Photography"
"Government Museum Salem","No. 2, Balaji Nagar Layout, Sarada College Rd, Fairlands, Salem - 636016","Tamil Nadu","Collection of Sculptures, Anthropology with pre-history, Ethnology, Arms, Musical Instruments collections, Philately, Numismatics, Decorative Arts, Botany, Zoology, Geology, and Paintings. The sculpture garden is situated in front of the Museum welcoming the visitors. The collections include sculptures, epigraphy revealing the historical facts","Multipurpose Museum","1977","https://www.salem.nic.in/museums","4272449998","Adults: Rs. 5 per head, Children: Rs. 3 per head, Students: Rs. 2 per head and Foreigners - Rs. 100 per head","09:30 AM - 05:00 PM (Closed on Fridays)","Guided Tours and Photography"
"Natural History Museum, Sacred Heart College","Shenbaganur, Kodaikanal - 624104","Tamil Nadu","The Museum display flora and fauna of Kodaikanal, animals, birds, insects, sna kes, funeral urns, dolment models","Natural History Museum","","","","","","Guided Tours and Photography"
"Perarignar Anna Memorial House","Varadaraja Perumal Kovil St, Nethaji Nagar, Kanchipuram - 631502","Tamil Nadu","The Museum exhibits objects used by Perarignar Anna","Personalia museum","1980","","","Free","10:00 AM - 07:00 PM","Guided Tours and Photography"
"Gandhi Memorial Museum","Collector Office Rd, Alwarpuram, Madurai - 625020","Tamil Nadu","Exhibits at the Museum are part of the blood-stained garment worn by Gandhi, including an original letter written personally by Gandhi to Shri Narayanan Sathsangi of Devakottai. A congratulatory message sent by Gandhi to Freedom Fighter and poet Subramania Bharati is also preserved in this Museum. Yet another interesting letter is the one, written by the Mahatma to Adolf Hitler addressing him as ‘Dear Friend’. The Museum contains a ‘Visual Biography of Bapuji’ containing photos, paintings, sculptures, manuscripts, quotations and some of the selected photostat copies of many of the letters written by him","Personalia Museum","1959","https://www.gandhimuseum.org","04522531060, museumoffice@gmail.com","Free","10:00 AM - 07:00 PM","Guided Tours and Photography"
"House of Kalam Museum","12/7, Mosque Street, Rameswaram - 623526","Tamil Nadu","A small Museum has been made in the childhood house of A P J Abdul Kalam, with photos and memorabilia","Personalia Museum","2011","https://www.house-of-kalam.business.site","4573221100","Rs. 5 per head","10:00 AM - 07:30 PM",""
"Vivekananda House","Kamaraj Salai, Marina Beach Road, Triplicane, Chennai - 600005","Tamil Nadu","An important landmark since 1897 when Swami Vivekananda stayed here for nine days after his triumphant return from the West. This historic place houses a technological smart Museum called “Experience Vivekananda” on Indian Culture, Swami Vivekananda’s Life and his message using latest trends like Virtual and Augmented Reality, modern 3D/4D effects and advanced Son et Lumiere elements","Personalia Museum","","https://www.vivekanandahouse.org","4428446188","Rs. 20 per head","10:00 AM - 07:15 PM",""
"Vivekananda Memorial House","Rameswaram-Dhanushkodi Rd, Rameswaram - 623526","Tamil Nadu","The Life History of Swami Vivekananda is depicted on photo posters. Life size golden sculptures of Swami Vivekananda and Raja Bhaskara Sethupathi occupy prime spots. There is a m editation hall on the lower floor. A small Museum to one side showcases the Gulf of Mannar Biosphere Reserve","Personalia Museum","2010","","","Rs. 5 per head","","Not Available   GEOLOGICAL MUSEUM"
"MGR Memorial House","MGR ILLAM, 18, Arcot St, T. Nagar, Chennai - 600017","Tamil Nadu","","Personalia Museum","1990","https://www.mgrcharities.org","9841687204","Free","09:00 AM - 05:00 PM (Closed on Tuesdays)","Photography"
"Theosophical Society","Adyar, Chennai - 600020","Tamil Nadu","The Museum Collection includes : Ceremonial locks, presents of Dr. Annie Besant, press cards, badges, staples for foundation of buildings, greetings from Russian Friends, different plaques presented to various presidents of Theosophical Society","Religious Museum","","https://www.ts-adyar.org","","Free","","Audio Guide, Art Camp, Online Exhibition, Library, Cafe and Photography, Wheelchair"
"Council of Scientific and Industrial Research (CSIR)","","Tamil Nadu","The collection includes leather articles of More than 30 years","Science Museum","1948","https://www.csir.res.in","1123737889","Free","09:00 AM - 05:30 PM (Closed on Saturdays and Sundays)","Photography THEMATIC/SPECIALISED MUSEUMS"
"Periyar Science and Technology Center","No. 6, Gandhi Mandapam Road, Surya Nagar, Kotturpuram, Chennai - 600085","Tamil Nadu","The collection has outposts for science presentations, including a planetarium presenting a range of astronomy shows","Science Museum","1988","https://www.tnstc.gov.in","4424410025","Science Centre Adults: Rs. 30 per head, and Children: Rs. 15 per head","10:00 AM - 05:00 PM (Closed on 3 National Holidays)","Photography"
"Anna Science Center - Planetarium","Trichy - Pudukkottai, Near Airport, Lourde Nagar, Tiruchirappalli, - 620007","Tamil Nadu","","Planetarium","1999","https://tnstc.gov.in","4312332190","Science centre - Adults: Rs. 30 per head, Children: Rs. 15 per head, Planetarium - Adults: Rs. 30 per head and Children Rs. 15 per head","10:00 AM - 05:00 PM",""
"CMFRI Marine Fisheries Museum","Marine Fisheries Post, Mandapam - 623518","Tamil Nadu","The Museum houses Seawoods, Sponges, corals, polychaetes, prawns, crabs, laccadive fishe s and Marine mammals","Science Museum","1947","https://www.cmfri.org.in","4573241443","Adults: Rs. 4 per head, and Children: Rs. 2 per head","09:30 AM - 05:00 PM",""
"District Science Center","Kokkirakulam, Tirunelveli - 627009","Tamil Nadu","The collection ranges from Science exhibits, activities and demonstrations","Science Center","1987","https://www.dsctirunelveli.org.in","4622500256","Adults: Rs. 25 per head, and Students: Rs. 15 per head","10:00 AM - 06:30 PM",""
"India Seashell Museum","191/1A2, Kalpakkam, Road, Mamallapuram, Chengalpattu - 603104","Tamil Nadu","The Museum houses a collection of rare unique Seashells and Minerals from around the world","Thematic Museum","2013","https://www.indiaseashellmuseum.in","4427442205","Rs. 100 per head","08:00 AM - 08:00 PM",""
"Chennai Rail Museum","Next to ICF Furnishing Division, New Avadi Road, Villivakkam, Chennai - 600038","Tamil Nadu","Indoor/outdoor Museum with displays of vintage engines, coaches and miniature train rides","Thematic Museum","2002","https://www.icf.gov.in","4426146306","Rs. 50 per head","10:00 AM - 05:00 PM (Closed on Mondays)","Library, Guide Service, School Programmes, Film Shows and Photography"
"Gedee Car Museum","734, Avinashi Rd, Race Course, Coimbatore - 641018","Tamil Nadu","The Museum features an electric range of automobiles, with an emphasis on design & innovation, vintage car collection","Thematic Museum","2015","https://www.gedeecarmuseum.com","4222222548","Adults: Rs. 50 per head, and Children: Rs. 20 per head","09: 00 AM - 05:00 PM (Closed on Mondays)","Library, Auditorium, Touch Screen Kiosks, State Tribal Festival, Folk Dance Competition, and Kok-Borok  Day"
"Wax World Museum","Vannarapettai, Ooty - 643002","Tamil Nadu","The Museum houses wax statues of famous freedom fighters","Thematic Museum","2007","https://www.waxworld.in","9880202015","Rs. 20 per head","09:30 AM - 07:30 PM","Library, Guided Tours and Special programmes ARCHAEOLOGICAL MUSEUMS"
"Kodaikanal Solar Observatory Museum","Observatory Rd, near Govt Rose Garden, Kodaikanal - 624103","Tamil Nadu","The Museum features high powered telescopes, a library and Educational programs.","Thematic Museum","1899","https://www.iiap.res.in","4542240588","Free","09:30 AM - 04:00 PM","Library, Guide service, Film shows, Lectures and Photography"
"Dr. Arun’s Photography and Vintage Camera Museum","No: 3, East coast Road (ECR), Kovalam, above Hotel Amirtha, Chennai - 603112","Tamil Nadu","The Museum shows a brief history of Photography, and has a collection of box cameras ranging from 1880-1940. It contains more than 1500 antique and vintage cameras, which include Box Cameras from 1900 onwards, large box cameras from 1870 onwards, an 8 feet long and 5 feet tall wooden extra large format camera, SLRs TLRs, world war II and vintage spy cameras. It also has numerous photographic equipment and books from the 1930s","Thematic Museum","2013","","9884042526","Adults: Rs. 70 per head and Children: Rs. 30 per head","09:00 AM - 08:00 PM (Closed on Mondays)","School Programmes, Lectures conducted occasionally and Photography allowed with permission for  research purpose only"
"Madras High Court Museum","High Ct Rd, Parrys, George Town, Chennai - 600104","Tamil Nadu","Museum displays photographs of First, Second, Fourth and Sixth to eleventh Chief Justices of the High Court, Madras and the first Chief Justice of the Supreme Court and photographs of eminent judges","Multipurpose Museum","2005","","044 25301349","Free","10:00 AM - 05:45 PM (Closed on Saturdays and Sundays)","Not Available ART AND CRAFT MUSEUMS/GALLERIES"
"Kasthuri Sreenivasan Art Gallery and Textile Museum","16, Avinashi Rd, Civil Aerodrome Post, Coimbatore - 641014","Tamil Nadu","The Museum exhibits oil paintings and sculptures and objects of art both traditional and modern, as well as good reproductions of Europe and other overseas art. The Textile Museum showcases history of textile technology, the developments are illustrated through drawings, charts as well as working models","Thematic Museum","1988","https://www.kasthurisreenivasanartgallery.com","4222574110","Rs. 20 per head","10:00 AM - 06:00 PM","Library, Guided Tours, Special programmes and Photography"
"The Zoological Museum","Christian College Chennai, Chennai - 600059","Tamil Nadu","The Museum exhibits Zoological specimens from all over India","Zoological Museum","","https://www.mcc.edu.in","044 2791024","Free","09:00 AM - 04:00 PM (Closed on Sundays)","Guided Tours and Photography DEFENCE MUSEUMS"
"Archaeological Museum","Archaeological Site Museum, Archaeological Survey of India, Kondapur, Via Sengareddy, District Medak - 522285","Telangana","The Archaeological Museum, Kondapur houses a rich collection of minor antiquities unearthed from the digs of 1940-1942. The Museum has a Central Hall and two more galleries in enclosed corridors. In the main hall a good number of antiquities are displayed in wall showcases representi ng different facets of material culture of the early historic period such as pottery, terracotta figurines, bone and shel l objects, metal objects, talismans, pendants, beads, inscribed pottery and coins etc. brick tiles, sharpening stones, moulded bricks and designed panels. In the other galleries, prehistoric tools and fossils are exhibited. Apart from these objects, a couple of sculptures, a Buddhapada, a standing image of four handed Vishnu carved on a door jamb and two inscribed storage jars are other attractive pieces in this gallery","Archaeological Museum","1952","https://www.asi.nic.in","08455 253625","Rs. 5 per head","10:00 AM - 05:00 PM (Closed on Fridays)","Library, Guide Service and School programmes"
"Alampur Site Museum","Near Nava Brahma Temple Complex, Alampur - 509152","Telangana","Alampur Site Museum preserves archeological remains which show a hybrid style of architecture, dating back to the 6th - 7th century AD. Museum houses thousands of beautiful sculptures displayed in a hall, several of them in polished black stone that indicate that these originate from the 11th century Kakatiyas. Museum important exhibits include a polished stone image of Subrahmanya and Valli followed by a unique Mahishasuramardhini image. The Museum also has a horizontal, circular black-stone sculpture of Nagnaka Bhanda, the Lotus-headed goddess in naked form Nataraja, Mahishasura Mardini, Surya, Kartikeya, and Naga sculptures from here were also displayed in many international exhibitions held in London, Germany, Paris etc.","Archaeological Museum","1952","https://www.heritage.telangana.gov.in/museums","+ 91 040 23234942","Adults: Rs. 10 per head and Children: Rs. 5 per head","10:30 AM - 05:00 PM (Closed on Fridays)","Lectures"
"Telangana State Archaeology Museum","Public Gardens, Nampally, Hyderabad","Telangana","The Museum showcases Hindu, Jain and Buddhist sculptures and bronzes, decorative art objects, paintings (copies of Ajanta, Chugtai, Miniature and Modern) and 18th-19th century objects in a Period Room. The Museum’s main attraction is its 2,353-year old Egyptian mummy, reportedly brought to Hyderabad by the son-in-law of VI Nizam Mahbub Ali Khan, who had then donated it to the last Nizam Mir Osman Ali Khan. There is also a huge gallery on Buddha and it has a wide variety of archaeological artefacts gathered from the Nizam era and Kakatiya dynasty. The collection is spread across two floors of the heritage building, two floors of semi circular galleries, in a separate contemporary art pavilion building and in an annex building located behind. The Sculpture Garden Gallery displays 93 sculptures and architectural items dating from Satavahana (2nd century B.C.) to the Post Vijayanagara period (17th century A.D.) in different stone media. The present Museum building reflect s the Indo-Islamic architecture with subtle domes, high arches, stylistic windows and projected eves","Archaeological Museum","1930","https://www.heritage.telangana.gov.in","+91 040 23234942","Adults: Rs. 10 per head, and Children: Rs. 5 per head","10:30 AM - 05:00 PM (Closed on Fridays)",""
"Khazana Building Museum Golconda","Near Golconda Fort, Hyderabad","Telangana","The artefacts exhibited in the building include Canons from the Qutb Shahi Period on display here. Also, stone sculptures from neighbouring regions of the Chalukya and Kakatiya period as well as Qutb Shahi and Bahmani Dynasties are on exhibition. From rare coins to centuries old relics unearthed during various excavations, the region’s treasure of history and heritage are displayed at the Khazana Building Museum","Archaeological Museum","1952","https://www.heritage.telangana.gov.in","+ 91 040 23234942","Free","10:30 AM - 05:00 PM (Closed on Fridays)","Guide Services"
"Qutub Shahi Tombs Museums","Premises of Qutb Shahi Tombs, Near Golconda Fort, Hyderabad","Telangana","The Qutb Shahi Tombs Museum exhibits weapons, armour, utensils, paintings, celadon ware, manuscripts and other important materials and artefacts of the Qutb Shahi period","Archaeological Museum","","https://www.heritage.telangana.gov.in","+ 91 040 23234942","Adults: Rs. 10 per head and Children: Rs. 5 per head","09:30 AM - 05:30 PM (Closed on Fridays)",""
"Heritage Museum Gunfoundry","Premises of the Department of Heritage Telangana, Gun Foundry, Abids, Hyderabad","Telangana","The Centenary Heritage Museum showcases terracotta, stucco, prehistoric, megalithic, and iron artefacts, early historic objects, temple sculptures and door jambs collected from the submergence area of the Srisailam Project","Archaeological Museums","1976","","+91 040 23234942","Free","10:30 AM - 05:00 PM (Closed on Fridays)","Library, Photography and Guide Services"
"District Archaeological Museum","Behind Municipal Corporation Office, Warangal - 506007","Telangana","The Museum has contemporary paintings, coins, bronzes, arms and weapons, sculptures and inscriptions belonging to Western Chalukyas and Kakatiyas on display. The District Archaeological Museum, Warangal also has a wide range of archaeological artefacts such as prehistoric antiquities, palm leaf manuscripts, sculptures, arms and weapons on display. In addition to the sculptures, fossils, early historic antiquities, stuccos, Bidri ware, coins, terracotta, chinaware, and enamelware are also displayed here. The Museum showcases paintings, miniature paintings and sculptures. The display gallery boasts of epigraphs, copper plates, grants and bronzes. Historians and book lovers find the library of the museum very much resourceful as it is well stocked and well mainta ined","Archaeological Museum","1991","https://www.heritage.telangana.gov.in","+ 91 040 23234942","Free","10:30 AM - 05:00 PM (Closed on Fridays)","Library, Photography and Guided Tours"
"District Heritage Archaeological Museum","Tilak Garden, Nizamabad","Telangana","Museum exhibits a wide variety of artefacts and antiquities that represents the evolution of human civilization right from Palaeolithic era to Vijayanagara times (16th Century A.D.). The District Archaeological museum in Nizamabad is broadly classified into three sections namely: Archa eological Section, Sculptural Gallery and Bronze and Decorative Gallery","Archaeological Museum","2001","https://www.heritage.telangana.gov.in","+ 91 040 23234942","Free","10:30 AM - 05:00 PM (Closed on Fridays)","Library, Photography ande Guided Services"
"Gandhi Centenary Museum","Near New Bus Station, Karimnagar - 505001","Telangana","The collection includes stone tools, coins, terracotta figurines, arms and weapons pertaining to the Karimnagar District which were recovered in the excavations conducted at Peddabankur, Dhulikatta and Kotilingala. In the main hall, stone tools dating back to 3000 years are on display. The f ossils of ancient fishes and trees were brought from Vemanapalli, Muknur and Kamanapalli areas and these date back to 20 lakh years. The other collections are Neolithic tools like axes and grinding stones and early historic materials such as bricks, pottery, beats, bangle pieces, terracotta mounds and iron pieces from Dhulikatta, Peddabankur and Kotilingala showing the social life of the people of Satavahana Period. In the central hall of the museum there are four big galleries that display coins which range from Pre-Mauryan period to British period","Archaeological Museum","1969","https://www.heritage.telangana.gov.in","+91 040 23234942","Adults: Rs. 10 per head, and Children: Rs. 5 per head","10:30 AM - 05:00 PM (Closed on Fridays)","Guide Services"
"District Museum","Near Someswara Swamy temple, Kolanupaka","Telangana","The Museum showcases sculptures here that are of Mahavira, Matsyavallabha, Chamundi, Nandi, ranging from 6th to 16th Century AD. The Director of Heritage has established a Sculptural Gallery here which exhibits artefacts gathered from the various historical monuments in Kolanupaka. Artefacts from both the Chalukya and Kakatiya styles are displayed here in the Museum. The Museum has more than 100 images and is considered to be a great site where research scholars in the field of sculpture and calligraphy can explore Chalukya and Kakatiya periods in depth","Archaeological Museum","1964","https://www.heritage.telangana.gov.in","+91 040 23234942","Free","10:30 AM - 05.00 PM (Closed on Fridays)","Library, Photography and Guided Tours ETHNOGRAPHIC MUSEUMS"
"District Museum","Near Someswara Swamy Temple, Kolanupaka","Telangana","The collection includes sculptures of Mahavira, Matsyavallabha, Chamundi, Nandi, dating from 6th to 16th Century AD. The Director of Heritage has established a Sculptural Gallery here which exhibits artefacts gathered from the various historical monuments in Kolanupaka. Artefacts from both the Chalukya and Kakatiya styles are displayed here in the Museum","Archaeological Museum","1982","","+91 040 23234942","Adults: Rs. 10 per head and and Children: Rs. 5 per head","10:30 AM - 05:00 PM (Closed on Fridays)","Photography, Guide Services and Library"
"Moola Gundam Art Gallery","H.No. 46, Ground Floor, Anusha Avenue, Rd Number 71, Navanirman Nagar Colony, Jubilee Hills, Hyderabad - 500033","Telangana","","Art and Craft Museum","2019","https://www.moolagundamartgallery.com","9613665555","","11:00 AM - 07:00 PM (Closed on Sundays)","Photography and Guide Services GEOLOGICAL MUSEUM"
"Jagdish and Kamla Mittal Museum of Indian Art","Gaganmahal Rd, Opp. GHMC Ward Office, Raja Manohar Colony, Himayatnagar, Hyderabad - 500029","Telangana","","Art and Craft Museum","1976","https://www.mittalmuseum.com","+91 4027631561","","10:00 AM - 05: 00 PM","Library, Guided Tours and Shop MEDICAL MUSEUM"
"Nehru Centenary","Owaisi Pura, Masab Tank, Hyderabad - 500028","Telangana","","Ethnographic Museum","1991","https://www.twd.telangana.gov.in","040 23391270, 040 23391486","Free","10:00 AM - 05:00 PM","Guide Services and Photography"
"Regional Museum","Geological Survey of India, Hyderabad","Telangana","The Museum is divided into three parts, one for rocks, minerals, and ores and the other for fossils. One room has been specially decorated with geodes and zeolites given primarily by Mr. Muhammad F. Makki of Pune. The Museum contains over 315 rocks and 235 mineral specimens gathered from various areas of Andhra Pradesh, Karnataka, Goa, Tamil Nadu, Pondicherry, and Kerala, all of which are under the jurisdiction of the Southern Region and represent the entire geological column. It contains 64 economic minerals, 20 geode samples, 21 foreign samples, 04 Antarctic samples, 11 kimberlite samples, 63 gemstone samples, 44 Stromatolites and plant fossils, 28 vertebrate and 45 invertebrate specimens","Geological Museum","2004","https://www.museum.gsi.gov.in","040 24220857, 040 24220858","Free","10:30 AM - 05:00 PM (Closed on Sundays)","Library, Guided Services and Photography (with permission)"
"Salar Jung Museum","Darulshifa, Hyderabad - 500002","Telangana","The collection ranges from 2nd century BC to early 20th century AD, and includes art objects, manuscripts, printed books etc. The Museum has divided its collections into themes like Indian Art, Middle Eastern Art, Persian Art, Nepalese Art, Japanese Art, Chinese Art and Western Art. The Museum along with other galleries also has a special gallery devoted to the illustrious Salar Jung family named as “The Founder’s Gallery”","Multipurpose Museum","1951","https://www.salarjungmuseum.in","04024576443, salarjungmuseum1951@gmail.com","Rs. 20 per head, Foreigners: Rs. 500 per head, Defence personal: 50% concession and free for students up-to 18 yrs (with ID card)","10:00 AM - 05:00 PM (Closed on Fridays)","Guided Tours and Photography (with permission)."
"Kunda Satyanarayana Kaladhamam (Mythological Awareness Centre)","Yadadri Road, Yadadri - Bhuvanagiri District - 508115","Telangana","The collection includes representations of the Sapta Lokas, Indian Temples, Indian Epics, and Purana related artworks. Recreated temple models, sculptures, and panels depicting scenes from the lives of Buddha, The Ramayana, The Mahabharata, and Hinduism’s seven holy worlds are among the collections","Religious Museum","2009","","+91 8909222888, +91 9000788019, contact@surendrapuri.in","Adults: Rs. 350 per head and Children: Rs. 300 per head","09:00 am. - 05:00 PM","Photography"
"Sudha Car Museum","Bahadurpura X Road, APHB Colony, Bahadurpura, Hyderabad - 500064","Telangana","The Museum houses a collection of cars designed by Sudhakar Yadav to look like everyday objects","Thematic Museum","2010","","9391905413","Adults: Rs. 100 per head and Children: Rs. 80 per head","09:00 AM - 06:30 PM","Photography and Guided Tours"
"Health Museum","Public Gardens, Red Hills, Lakdikapul, Hyderabad - 500004","Telangana","The Museum exhibits collections depicting various diseases, for the children to have a better understanding of the human body functions. The Museum also displays different human body parts in its collection. The galleries include Food Section, Nutrition, Anatomy, Immunization, Water-Borne Diseases, Leprosy and Sanitation","Thematic Museum","1948","","","Free","10:00 AM - 05:00 PM (Closed on Fridays)","Library, Guided Tours, Special Programmes and Photography"
"Heritage Jail Museum","Sri Nagar, Tadlapalle, Sangareddy - 502001","Telangana","The Museum has an event called “Feel The Jail” where the visitors are given the chance of experiencing jail life for 24 hrs by living the life of prisoners","Thematic Museum","1796","","040 24576443","Rs. 500 per head","09:00 AM - 05:00 PM","Photography"
"Rail Museum","Kachiguda Station Rd, Railway Quarters, Kachiguda, Hyderabad-500027","Telangana","The Museum has images of the development of the train system going all the way back to the Nizam’s reign; as well as images of the opening of Kacheguda station and colonial-era artefacts like signalling apparatus, prototype locomotives and coaches, tickets, and working models. A special air-conditioned lounge with audiovisuals on the development and history of railroads as well as other connected topics such as security, safety, bridges etc. are a highlight of the Museum","Thematic Museum","1907","","","Adults: Rs. 20 per head and Children: Rs. 10 per head","10:00 AM - 05:00 PM","Library, School Programmes and Film Shows"
"Illusion Museum","Fun City, Inorbit Mall Rd, Software Units Layout, Madhapur - 500081","Telangana","The Museum has installations that give the effect of illusion and are otherwise known as Trompe - L’oeil art","Thematic Museum","","","","Rs. 200 perhead","12:00 AM - 10:00 PM","Special programme, Photography and Souvenir Shop"
"Rajendra Kirtishala","West Joynagar (Near Upendra Vidyalay), Agartala - 799001","Tripura","The collection includes tribal jewellery, costumes, coins, paintings, images, terracotta objects, pottery and folk art etc.","Archaeological Museum","1970","","0381 2326171, kirtishala@rediffmail.com","Rs. 5 per head","10:00 AM - 01:00 PM (Closed on Mondays)","Library, Guided Tours, Special programmes and Photography (on permission)"
"Tripura State Tribal Museum","The Tribal Research and Cultural Institute, Lake Chowmuhani, Agartala - 799001","Tripura","The Museum aims at promoting tribal heritage and culture. This is done with the help of video halls, di - oramas and touch screen kiosks that show the rich and diverse art and craft of the tribal communities. The collection includes traditional musical instruments, ornaments, fishing and hunting equipme nt, textiles, household utensils, and unique craftworks made of wood and bamboo","Ethnographic Museum","23rd September, 2009","https://www.trci.tripura.gov.in/emuseum","0381 2324389/2327334, dir.trci-tr@gov.in","Free","10:00 AM - 05:30 PM (Closed on Government Holidays)","Guided Tours, Special programmes and Photography (on permission)"
"Tribal Research Institute and Tribal Museum, Dehradun","Haripur, Nawada, Dehradun – 248005","Uttarakhand","","Anthropological Museum","","","","","10:00 AM – 05:00 PM (Closed on Sundays)","Guided Tours, Special programmes, Photography and Souvenir Shop ZOOLOGICAL AND BOTANICAL MUSEUMS"
"Archaeological Museum","Gurukula - Kangri Vishwavidyalaya, Haridwar – 249401","Uttarakhand","The Museum following galleries - Protohistoric Gallery - Swami Shraddha Nand Kaksha, Stone Sculpture Gallery, Terracotta Gallery, Coins Gallery, Metal Sculptures Gallery, Painting Gallery, Arms Gallery, Manuscripts Section and Miscellaneous Section which comprises beautifully executed modern sketches of the bygone ages, hairdressers of different historical periods, charts showing development of anci ent Indian scripts, meticulously depicted birds of the Kalidas’ times and Himalayan Darshan Photo Gallery","Archaeological Museum","1945","https://www.gkv.ac.in/museum","","Free","10:00 AM - 05:00 PM","Library, Guided Tours and Special Programmes"
"Jageshwar Archaeological Museum","Dandeshwar - Jageshwar Rd, Jageshwar Dham – 263623","Uttarakhand","The Museum displays 36 precious sculptures exhibited in two wall showcases and wooden pedestals","Archaeological Museum","2002","https://www.museum.asidehraduncircle.in","05962 263108","Indians: Adults - Rs. 20 per head, Students - Rs. 10 per head; Foreigners: Adults - Rs. 100 per head, Students - Rs. 50 per head; Free Entry for children below 7 years, Entry for school groups shall be free in between 10:00 a.m. - 12:00 p.m. every day on the recommendation of their respective institutes.","09:00 AM - 05:00 PM (Closed on Fridays)","Library, Guided Tours, Special Programmes and Photography"
"Museum of Himalayan Archaeology and Ethnography","Department of History, Ancient Indian History, Culture and Archaeology, HNB, Garhwal University, Srinagar Garhwal – 24617","Uttarakhand","The Museum displays antiquities belonging from the prehistoric, protohistoric and historical periods such as - metal and stone sculptures, ethnographic materials and excavated materials of Garhwal region and also some parts of Uttar Pradesh","Archaeological Museum","1980","","","","",""
"Uttara Museum of Contemporary Art, Dehradun","MDDA Complex Clock Tower, Dehradun- 248005","Uttarakhand","This is Uttarakhand’s first Art Museum showcasing multi-dimensi onal artworks dedicated to the memory of the 2013 Kedarnath disaster. The Museum exhibits various aspects of the calamity and the folk culture of Uttarakhand through paintings, sculptures, and other artworks by artist Surendra Pal Joshi. The Museum also encourages the younger generation of artists to exhibit modern and contemporary art. The building of museum being located in one of the earthquake zones of India is designed to withstand high intensity earthquakes and extreme weather conditions","Art and Craft Museum","2017","","","","09:30 AM – 05:30 PM (Closed on Saturdays, Sundays and Government Holidays)","Library and Guided Tours"
"Soham Himalayan Centre","Chamunda Peeth, Temple Road, Big Bend Bala Hisar, Mussoorie- 248179","Uttarakhand","The Museum preserves and promotes Uttarakhand Himalayan heritage, culture and ethnicity and showcases Himalayan culture and tradition through paintings, murals, sculptures, artefacts and other art forms","Art and Craft Museum","","","09897 241261","","10:00 AM – 05:00 PM","Library and Guided Tours"
"Darwan Singh Sangrahalaya","Kotdwar - Pauri Rd, Lansdowne - 246155","Uttarakhand","The Museum exhibits paintings, textiles, miniature paintings, old records of the British India maps, flags, photographs, Victoria Cross of rifleman Gabbar Singh Negi, Paramount documents , captured weapons, gun and plaques of World War I and World War II","Army Museum","1987","","01386 263104, 09411 494013, garhif_rc@yahoo.com","Rs. 10 per head","Summers: 08:00 AM - 06:00 PM, and Winters: 08:30 AM - 05:00 PM","Library and Guided Tour"
"Indian Military Academy","Chakrata Road, Dehradun - 248004","Uttarakhand","The Museum exhibits Army medals, oil paintings, old flags, presentation ite ms, photographs and miniature paintings","Army Museum","1932","","0135 2705253","Entry free (with permission)","Summers: 08:00 AM - 01:00 PM and Winters: 08:30 AM - 01:00 PM (Closed on Sundays and all Government Holidays)","Not Available ARCHAEOLOGICAL MUSEUMS"
"The Garhwal Rifles Museum","Garhwal Rifles Regimental Centre, Lansdowne - 246115","Uttarakhand","The Museum exhibits battle scenes of pre-Independence and post-Independence periods, portraits of war heroes, war trophies, antiques, old dresses, medals, appreciation certifi cates and documents of World war I and II vintages, separate enclosures for preserving the achievements, customs, traditions, rich heritage of the Garhwal rifles and heritage items of Garhwal region","Army Museum","1987","","01386 2262373","","Summers: 08:00 AM - 06:00 PM, Winters: 08:30 AM - 05:00 PM (Closed on Sundays and holidays)","Guidebooks, Library, Guided Tours and Photography"
"War Museum","The Kumaon Regimental Centre, Ranikhet - 263545","Uttarakhand","The Museum exhibits 101 war trophies, flags, uniforms, manuscripts, paintings, r ifles, weapons and other properties of historical value","Army Museum","1978","","","Free","Summers: 09:00 AM - 05:00 PM and Sundays: 09:00 AM - 01:00 PM (Closed on all Government holidays and Mondays)","Guided Tours, Lectures and Photography"
"Kumaon Regimental Centre Museum","Bus Station, KMOU, Sarna Garden Road, Raneth, Ranikhet - 263645","Uttarakhand","The Museum displays weapons, medals and uniforms of the brave soldiers, the flags of rebels captured during battles, stone tablets depicting information on wars and stories of the First and the Second Param Vir Chakra. Museum also displays Silver sceptres of Rani Jhansi, documents and pictures associated with Kargil War, wireless field telephones operated by Japanese and Chinese rifles captured during the 1962 war etc.","Army Museum","1976","","","Rs.75 per head","09:00 AM - 06:00 PM (Closed on Government Holidays and Tuesdays)","Library, Guided Tours; Film shows and Lectures"
"Survey Museum","Department of Civil Engineering, Indian Institute of Technology, Rourke - 247 667","Uttarakhand","Museum exhibits old surveying equipment dating back to 1890 A.D. as well as the t miniature form of latest surveying and mapping equipment","Educational Museum","1959","https://www.iitre.ernet.in","01332 286266, 09412 999237, gargpfee@iitr.ernet.in","Free","09:30 AM - 05:30 PM (Closed on Saturdays and Sundays)","Library, Guided Tours and Photography"
"Museum of the Department of Earth Science","Bengal Engineer Group and Centre, Roorkee, Uttarakhand - 247 667","Uttarakhand","Museum exhibits minerals, fossils, charts, rocks, models and fossilised bones of elephants and fossil trees from Shiwalik","Educational Museum","1960","","01332 22340, 01332 22405","Free","09:00 AM - 05:00 PM (Closed on Saturdays and Sundays)",""
"S.P Nautiyal Museum","Wadia Institute of Himalayan Geology, 33 General Mahadeo Singh Road, Dehradun - 248 001","Uttarakhand","Museum displays geological maps, charts, samples, models as well as various educational awareness exhibits including video films on Himalayan and general geology. A relief model of the Himala ya and paintings depicting the impact of human activities on the environment displayed in the Museum. A new model of extinct species of Giraffe was prepared from waste material (sending the message of s aving the environment) and exhibited for the general public","Educational Museum","1968","https://www.wihg.res.in","0135 2525115, 2627387, 2623109, museumwehg.res.in, wehg@sancharnet.in , parchask@wihg.re.in","Free","09:00 AM - 05:30 PM (Closed on Saturdays and Sundays)",""
"Photogallery (Satabdi Van Vighyan Kendra Dehradun)","Darshan Lal Chowk, Race Course, Dehradun - 248001","Uttarakhand","Museum displays major developments in forestry, before and after independence. Exhibits include xylarium, herbarium, tree disease and samples with fungus culture","Educational Museum","","","0135 2714696, registrat-fri@icfre.org","Free","09:00 AM - 05:30 PM (Closed on Saturdays and Sundays)","Library, Guide Tours and Photography"
"Forest Research Institute","P.O New Forest Dehradun - 248 006","Uttarakhand","The collections are exhibited in sections respective to the Departments of the institution such as- Entomology Museum contains about 3,000 exhibits representing the various stages of insect pests and the nature of damage caused, Forest Pathology museum houses 900 exhibits of various economically important tree diseases and timber decays, The Timber Museum has exhibits of the best-known and most common commercial woods, An exhibit of this museum shows a comparison between the conventional resin tapping technique and the newly developed rill method","Educational Museum","","https://www.fri.icfre.gov.in/museum","+ 91 135 275267, +91-2756865, head_fi@icfre.org","Adults: Rs. 15 per head, Children: Rs. 5 per head, and Rs. 30 per head for Groups and Rs. 70 per head for college groups","09:00 AM - 05:30 PM (Closed on Sundays)","Library, School Programmes, Film Shows and Lectures"
"Tribal Heritage Museum","Surender Singh Pangtey Road, Nanasem, Munsyari - 26255","Uttarakhand","The Museum depicts the history, culture, traditions and lifestyle of Bhotia people who are an ethno-linguistic group of people dwelling in the upper Himalayan valleys of the Kumaon and Garhwal divisions of Uttarakhand","Ethnographic Museum","2000","","05961 222247, 9411337094","Free","09:00 AM - 05:00 PM","Photography"
"Rung Museum, Dharchula","No. 1, beside Gramin Bank, Dharchula - 262545","Uttarakhand","The Museum represents a glimpse of the life and times of the elusive Rung Tribes of Pithoragarh","Ethnographic Museum","2017","","9456749210","","10:00 AM – 06:30 PM",""
"Mussoorie Heritage Centre","Clock Tower, Opposite Goyal Hardware, Mussoorie - 248179","Uttarakhand","Mussoorie Heritage Centre housed Artefacts from the British Anglo Indian, Indian Royals etc. of the region. Vinod Kumar, a connoisseur, specialised in European, Chinese, Japanese artefacts etc. an adjoining space of the Antique store showcases history, archive, research, art and craft development of the region. This sewed the roots of the Mussoorie Heritage Centre MHC, which today is a self-sustaining growing plant, giving canopy to education, research and development activities in the region","Heritage Museum","2013","https://www.shop.mussoorieheritagecentre.com","0135 2632801","","10:00 AM – 06:00 PM","Guided Tours, School Programmes, Film Shows and Photography"
"Ayurvedic College Museum","Gurukul Kangri University, Haridwar - 249401","Uttarakhand","Museum displays biological, pathological, anatomical, pharmaceutical collections and collection of herbarium sheets","Medical Museums","1922","","","Free","Summers: 08:00 AM - 05:00 p.m, Winters: 08:30 AM - 05:00 PM (Closed on Sundays and Government Holidays)","Library, Guided Tours, Film Shows, Lectures and Photography"
"Pd. Govind Ballabh Pant Government Museum","Almora - 263601","Uttarakhand","The Museum includes a good selection of really ancient antique items related to the Katyuri and Chand rulers. Museum exhibits include sculptures, terracottas, paintings, wood work, coins, bronze and other miscellaneous objects like textiles, ivory, copper plates, musical instruments, miniature paintings, Boshi Sen’s personal collection and manuscript beads","Multipurpose Museum","1980","https://www.nainitalcorbetttourism.com","05962 230262","Free","10:30 AM - 04:30 PM (Closed on Mondays and Sundays; 2nd Saturdays and Government Holidays)","Guided Tours, School Programmes, Film Shows, Lectures and Photography"
"Lok Sanskriti Sangrahalaya","Gita Dham Complex, P.O Box 14, Bhimtal, District Nainital - 263136","Uttarakhand","Museum exhibits a sizable collection of photos, archaeological artefacts and rock carvings. Additionally, there are folk paintings, wooden artefacts, old texts, god and goddess representations, agricultural tools, and clothing for visitors to admire. There is a good collection of really ancient antique items related to the Katyuri and Chand rulers, who ruled Uttarakhand for a considerable amount of time.","Multipurpose Museum","1983","","05942 247252","Adults: Rs. 50 per head, and Children: Rs. 20 per head","Summers: 10:00 AM - 05:00 PM and Winters: 10:00 AM - 04:00 PM (Closed on Mondays and Sundays; 2nd Saturdays and Government Holidays)",""
"Sumeroo Sangrahalaya","7/12, Takana Marg, Pithoragarh - 262501","Uttarakhand","Museum exhibits significant collections of Badrinath, coins, copper plates, manuscripts in galleries namely - Meru Mountain and Pithoragarh town Exhibition","Multipurpose Museum","1966","","05964 224541","Free","10:00 AM - 05:00 PM (Closed on Sundays)","Lectures and Photography"
"Government Museum, Pithoragarh","Auditorium Government, Airport Road, Devlal Gaon, Pithoragarh - 262501","Uttarakhand","Museum exhibits significant collection of the Kumaoni culture, the old gadget s for weight measuring old talwaar, khukri, wide variety of paintings made by the artists of Pithoragarh Art Society, sculptures from Pithoragarh Champawat and Almora and a wooden model of Narayana Ashram","Multipurpose Museum","","","","Free","","Publications"
"Museum of Northern Regional Centre","218, Kaulagarh Road, Dehradun - 248195","Uttarakhand","The Museum exhibits Red flying fox, flying squirrel, reptiles etc. and diorama s depicting the Western Himalayan Ecosystem","Natural History Museum","1960","","0135 2758362, 2754932, bhutiapt@gmail.com","Free","09:30 AM – 05:30 PM (Closed on Saturdays, Sundays and Government Holidays)","Workshops, Lectures, Seminars, Film Shows and Photography"
"Binsar Sanctuary Museum, Binsar Wildlife Sanctuary","Binsar - 263628","Uttarakhand","This Museum houses valuable information about flora and fauna of the sanctuar y along with the occupancy around this region","Natural History Museum","","","","","","Not Available ART AND CRAFT MUSEUMS/GALLERIES"
"Sumitranandan Pant Vithika","Kausani, Almora District - 263601","Uttarakhand","The Museum is a unit of the Government Museum of Almora and displays the personal collection of poet Sumitranandan Pant and materials related to him besides a large collection of books, photographs, manuscripts, oil paintings, textiles","Personalia Museum","1987","https://www.globalinch.org/museum/sumitranandan-pant-vithik","","Free","10:30 AM - 04:30 PM, (Closed on Mondays and Sundays; 2nd Saturdays and Government Holidays)",""
"Jim Corbett Museum","Kaladhungi, Chhoti Haldwani - 263140","Uttarakhand","The Museum is actually a heritage bungalow of Jim Corbett, the renowned hunter turned environmentalist who raised the value of wildlife conservation. The Museum brings the memory of the life and activities of the spectacular and distinguished person in the jungle of the Kumaon hills. The Museum beholds many attractive belongings of Jim Corbett including personal articles, paintings, sketches, manuscripts and last hunt of its own","Personalia Museum","1965","","0594 2242723","Rs. 10 per head for Indians, Rs. 50 per head for Foreigners - and Rs. 3 per head for Students","09:00 AM - 06:00 PM","Library, Guidebook and Photography"
"Geodetic Branch Museum","Geodetic and Research Branch, Survey of India, P.O Box No - 77, 17, E.C Road Dehradun - 248 001,","Uttarakhand","","Earth Science Museum","1927","","0135 2657112-16, ntdc-grb.soi@400.nicgw.in","Free","09:00 AM – 05:30 PM (Closed on Saturdays and Sundays)","Lectures and Photography"
"Regional Science Centre, Dehradun","Vigyan Dham, Jhjara, Prem Nagar, Dehradun - 248007","Uttarakhand","Within the science park, one can regale in life - like Dinosaur Park and many other fascinating things based on scientific laws, including the Musical Bar, Gravity Chair, Whi spering Garden, Eco Tube, Perspective House, Birding Cage, etc. The building holds other fun exhibits such as the Himalayan Gallery, Innovation Hub, Frontiers of Technology Gallery, 3D Theatre, Fun Science Gallery, an auditorium with a sitting capacity of 200 people, a library and a meeting Hall, and an exhibition hall. The innovation hub of the Regional Science Centre is one of the most significant parts of the building as there are various tools and sc ientific instruments that motivate youngsters to innovate new things. It aims at promoting scientific innovations by young minds","Science Centre","2016","https://www.ucost.in/blog/rsc","0941 2051556, 0941 2051557","Rs. 50 per head and Planetarium - Rs. 25 per head","09:00 AM – 05:30 PM (Closed on Mondays)","Library, Guided Services, School Programmes and Workshops"
"Subir Raha Oil Museum","Krishna Nagar, Dehradun - 248003","Uttarakhand","The oil and gas value chain is represented in the museum at various stages. The Museum is organised into many parts and includes two floors. History of oil is shown in the firs t part. There are various crude oil samples and charts describing their properties at various temperatures. The exploration and production of oil are discussed in the second part. The third section provides information on the industry’s ut ilisation of transportation and refining technology. The museum also features an audiovisual room that details the history of ONGC and the Indian Oil Industry","Thematic Museum","2005","","0135 2794110, 2794108, 91 9410391266, 91 9837325053; subirrahaoilmuseum@gmail.com","Rs. 10 per head","10:00 AM - 05:00 PM (Closed on Saturdays and Sundays)",""
"Anthropological Museum","Zoological Survey of India, Northern Regional Station, 218, Kaulagarh, Dehradun - 248195","Uttarakhand","Museum displays fauna of Northern Region","Zoological Museum","1960","","0135 228362, 0135 224939, 0135 226349","Rs. 15 per head","10:00 AM – 05:00 PM (Closed on Sundays)",""
"Museum of Botanical Survey of India","Northern Circle, 192, Kaulagarh Road, Dehradun - 248195","Uttarakhand","The Museum has more than 1500 specimens on display, including Algae, Fungi, Bryophytes, Pteridophytes, Gymnosperms and Angiosperms. Intriguing displays include those featuring parasites, toxic plants, therapeutic plants, and other useful plants","Botanical Museum","1956","https://www.bsi.gov.in","0135 2755478, 0135 2753433; bsinc2001@rediffmail.com","Free","09:00 AM – 05:30 PM (Closed on Saturdays, Sundays and Government Holidays)","Exhibitions, Workshops, Residencies, Lectures, Demonstrations and Interactive Programmes"
"Zoological Museum","Gurukul Kangri University, Haridwar- 249401","Uttarakhand","The Museum displays zoological specimens","Zoological Museum","1960","","","Free","10:00 AM – 05:00 PM (Closed on College Holidays)",""
"Forest Pathology Museum, Dehradun","Forest Research Institute, Indian Military Academy, Dehradun -248003","Uttarakhand","Forest Pathology Museum houses 900 exhibits of various economically important tree diseases and timber decays. Exhibits are arranged on the basis of two broad host groups: hardwood and conifers. These are further divided according to the part of the plant affected namely root disease, stem disease and foliage disease. Important tree diseases such as heart-rot in Khair, Sal, Teak and Deodar and root-rot in Khair, Sal and Pines have been displayed. Degradation of timber and timber products caused by micro- organisms are also dis played. Beneficial role of fungi as mycorrhiza to establish and promote tree growth especially in pines and the value of fungi as a source of food are also displayed","Botanical Museum","","https://www.fridu.edu.in","","","10:00 AM – 05:00 PM","Library and Photography"
"Entomology Museum, Dehradun","Forest Research Institute, Indian Military Academy, Dehradun- 248003","Uttarakhand","This Museum contains about 3,000 exhibits representing the various stages of insect pests and the nature of damage caused by them to seeds, seedlings, standing trees, felled tim bers, bamboos and also finished products. Exhibits are arranged alphabetically according to plant genera","Zoological and Botanical Museum","","https://www.fridu.edu.in","","","10:00 AM – 05:00 PM","Guided Tours, School Programmes, Photography and Film Shows"
"Silviculture Museum, Dehradun","Forest Research Institute, Indian Military Academy, Dehradun - 248003","Uttarakhand","The Silviculture Museum Gallery of Forest Research Institute, Dehradun presents an overview of the Evolution of Forests, Forest Genesis and Growth, Threats to Forests, and various Dioramas depicting the Forests of Tropical & Temperate region, Silviculture Systems, Ecosystem Services and Sustainable Forest Management. It also showcases different samples of seeds, roots, barks etc. along with vari ous models on Forestry working and operations. The Silviculture Museum Gallery showcases the evolution of forestry in India, importance of forests, threats to forests like Deforestation, Forest Fire, Shifting Cultivation, Invasive Plants, Adverse Climatic Factors, Insect Pests and Diseases, through creatively designed informative panels. It also highlights the accomplishments made in forestry along with the preparation & implementation of working plans for organised forest management","Botanical Museum","","https://www.fridu.edu.in","","","10:00 AM – 05:00 PM","Library, Guided Tours"
"Anthropological Museum","Department of Ancient Indian History and Archaeology, Lucknow University, Lucknow - 226007","Uttar Pradesh","The Museum has a collection of Biological and Anthropological objects, tribal and traditional objects, Prehistoric objects etc.","Anthropological Museum","1960","","","Free","11:00 AM - 05:00 PM","Photography"
"Taj Museum","Archaeological Survey of India, Taj Mahal, Dharmapuri, Forest Colony, Tajganj, Agra - 282001","Uttar Pradesh","The collection includes paintings, sketches, farmans, inlay pieces of mosaic work and manuscripts, arms and works of marbles, coins of mughal period etc.","Archaeological Museum","1982","","0562 2654323","Free","08:00 AM - 05:00 PM (Closed on Fridays)","Guided Tours, School Programmes and Photography"
"Abai Smarak Panchal Sangrahalaya","125/5, Kishore Buildings, Kishore Bazar, Bareilly - 243001","Uttar Pradesh","The Museum displays the pottery, coins, terracotta figurines, beads, bone implements etc.","Archaeological Museum","1974","","0581 25042","Free","Summer: 07:00 AM - 06:00 PM, and Winter: 08:00 AM - 05:30 PM (Closed on Thursdays)",""
"Dr. Raj Bali Pandey Puratattva and Kala Sangrahalaya Samiti","M.M.M. Shiksha Sansthan, Bhatpur Rani, Deoria - 274001","Uttar Pradesh","The Museum displays the stone sculptures, stone tools, terracottas, coins, microlithic tools, plates, bricks, potteries, manuscripts, etc.","Archaeological Museum","1970","","","Free","Summer: 06.30 AM - 05:00 PM, and Winter: 07:00 AM - 01:00 PM (Closed on Sundays and Govern- ment Holidays)",""
"Government Archaeological and Educational Museum","Deoria - 274001","Uttar Pradesh","The Museum has a large archaeological collection that includes terracotta, minerals, rocks, coins, and me - tallic images, among other things. The painting and manuscript collections are noteworthy. There are also some stone images and excavated materials from Mohanjodaro and Harappa on display. A side from that, the Museum has stuffed birds and animals, zoological specimens, models of dams, various types of charts and maps and so on","Archaeological Museum","","","","Free","Summer: 07.00 AM - 12.00 PM and Winter: 10.00 AM - 05.00 PM","Library, Guided Tours, School Programmes and Photography"
"Archaeological Site Museum","Palace Complex, Fatehpur Sikri, District Agra - 282003","Uttar Pradesh","The Museum displays artefacts discovered during excavations that took place in 1976 - 1977 and 1999 - 2000","Archaeological Museum","2004","","0562 654323","","08:00 AM - 05:00 PM",""
"Purvayatana Archaeological Museum (Purvanchal Sangrahalaya)","Department of Ancient History, Archaeology and Culture, Gorakhpur University, Gorakhpur - 273001","Uttar Pradesh","The Museum houses historical artefacts such as sculptures, photographs, stamps, coins, and coin casts. The Museum even has a few pieces of pottery, stone tools, and beads that provide a rare glimpse into the past","Archaeological Museum","1957","https://www.ddugu.ac.in","+91 551 2330767, +91 551 2340363, registrarddugu@gmail.com","Free","10:00 AM - 04:30 PM","Film Shows"
"Rahul Sangrahalaya","Department of Ancient History, Archaeology and Culture, Gorakhpur University, Gorakhpur - 273001","Uttar Pradesh","The Museum displays archaeological objects such as stone, terracotta, pottery, coins and photographs","Archaeological Museum","1957","https://www.ddugu.ac.in","+91 551 2330767, +91 551 2340363, registrarddugu@gmail.com","Free","10:00 AM - 04:00 PM","Guided Tours and Film Shows"
"Rajkiya Baudh Sangrahalaya","New Shivpuri Colony, Ramgarh Tal, Gorakhpur - 273001","Uttar Pradesh","The collection includes stone, bronze and gilded sculptures; metal and terracotta objects; manuscripts; Jain Gallery; postal stamps; photographs etc.","Archaeological Museum","1986","","0551 2320639","Free","10:30 AM - 04:30 PM (Closed on Mondays)","Brochure, Newsletter, Guided Tours, Film Shows and Photography"
"Jhansi Government Museum (UP Government Museum)","Archaeological Survey of India, Jhokan Bagh, Jhansi - 284002","Uttar Pradesh","The collection includes red sandstone images of Hindu and Jain origin dating back to 9th century, weap- ons of Lakhmi Bai, Art Gallery of Guptas and Chandelas, weapons used in Sepoy Mutiny, terracotta and bronze sculptures, manuscripts, pots, silver and bronze coins","Archaeological Museum","1970","","0510 2471475","Indians - Rs. 5 per head, and Foreign - Rs. 163 per head","08:00 AM - 05:00 PM",""
"Archaeological Museum","Department of Ancient Indian History and Archaeology, Lucknow University, Lucknow - 226007","Uttar Pradesh","The collection includes models of - Cave 19 of Ajanta, Mahabalipuram Temple, Sanchi Stupa; pottery; photographs; iron implements; Prehistoric tools and implements etc.","Archaeological Museum","1960","","tewaridp@satyam.net.in","Free","11:00 AM - 05:00 PM",""
"Government Jain Museum","Civil Lines, Mathura - 281001","Uttar Pradesh","The collection of the museum includes Jain sculptures in stone and metal, Jain origin manuscripts etc.","Archaeological Museum","2003","","0565 2411714","Free","10:30 AM - 04:30 PM (Closed on Mondays)","Library, Guided Tours, School Programmes, Film Shows and Lectures  GEOLOGICAL MUSEUMS"
"Government Museum","Museum Road, Dampier Nagar, Mathura - 281001","Uttar Pradesh","The collection includes sculptures, terracotta and bronze objects, cloths and miniature paintings, coins, pottery etc.","Archaeological Museum","1874","","0565 2500847","Adults: Rs. 5 per head, and Children: Rs. 2 per head","10:30 AM - 04:30 PM (Closed on Monday)","Photography"
"District Museum","SuperMarket, Nagar Palika, Sultanpur - 228001","Uttar Pradesh","The collection includes stone sculptures, terracottas and the personal belongings of Rafi Ahmad Kidwai","Archaeological Museum","","","05362 240038","Free","10:30 AM - 04:30 PM (Closed on Mondays)","Library and School Programmes"
"Archaeological Museum","Sampurnanand Sanskrit Vishwavidyalaya, Varanasi - 221005","Uttar Pradesh","The collection includes sculptures, paintings, coins and archaeological objects","Archaeological Museum","","","","Free","10:30 AM - 04:30 PM","Library, Guided Tours, Lectures, School Programmes and Photography"
"Departmental Museum","Ancient Indian History, Culture and Archaeology, BHU, Varanasi -221005","Uttar Pradesh","The collection includes archaeological materials from departmental excavations","Archaeological Museum","1969","","","Free","10:30 AM - 04:30 PM","Library HISTORICAL MUSEUMS"
"Sarnath Museum","Sarnath, Varanasi - 221007","Uttar Pradesh","The collection includes Capital of Ashokan Pillar, sculptures of Buddha, Bodhisattva Padmapani, Nilkan - tha Lokeswara, preaching Buddha, slab bearing inscriptions, panels showing great miracle of Sravasti, head of god - dess, Thirthankars, sculptures depicting Sadakshari Mandal, Tara, umbrella of Bodhisattva, iron implement, sculpture of Shiva, Bhairava, pottery, lintel with nine planets and a Gold Gallery","Archaeological Museum","1910","https://www.sarnathmuseumasi.org","0542 2595095, 2595001, museumsrnthasi@gmail.com,","Free","09:00 AM - 05:00 PM (Closed on Fridays)",""
"Buddha Museum","Kushinagar - 274403","Uttar Pradesh","The collection is spread into four galleries and includes Buddhist relics, terracotta objects, sculptures, bronze statues, banner paintings, Thangkas, clay seals, coins, bricks, that belong mainly to the Kushana period (Mathu - ra) and archaeological objects excavated from the Kushinagar Site","Archaeological Museum","1922 - 1923","https://www.uptourism.gov.in","","Rs. 10 per head","10:00 AM - 05:00 PM (Closed on Mondays)","Educational Programmes, Lectures, Seminars, Competitions and Library"
"Uttar Pradesh Directorate Museum","Banarasi Bagh, Zoo Campus, Beside Shyama Prasad Mukherjee Hospital - 226001","Uttar Pradesh","The Museum has a collection of archaeological objects like sculptures of the head of a Bodhisattva, in - scribed Parshwanath image, Buddha in protection and preaching poses, standing Bodhisattva etc.","Archaeological Museum","","","0522 2205142","","","Cafe Amenities : Wheelchair, Restrooms, Drinking Water and Parking"
"Commercial and Industrial Museum","Directorate of Industries, Kanpur - 208001","Uttar Pradesh","The Museum has a collection of handicrafts, handlooms, cottage industry products, milk goods, brocades etc.","Art and Craft Museum","","","0512 2262619","Free","10:00 AM - 05:00 PM (Closed on Sundays)","Cafe, Souvenir Shop, Audio Visual Guide, Guided Tours and Library"
"Crafts Museum","Central Design Centre, 8, Cantt. Road, Kaiserbagh, Lucknow - 226001","Uttar Pradesh","The Museum has a collection of zardozi work, metal, stone, cane and wooden objects, bidri work, copper objects, terracottas, clay toys etc.","Art and Craft Museum","1956","","0522 2625878","Free","10:00 AM - 05:00 PM (Closed on Sundays)","Library and Cafe"
"Museum of College of Arts and Crafts","Lucknow - 226001","Uttar Pradesh","The collection includes ancient arts and craft objects, paintings, ivory objects, terracotta objects, metal and wooden objects, miniature paintings etc.","Art and Craft Museum","1911","","0522 272326","Free","10:00 AM - 05:00 PM (Closed on Sundays and Government Holidays)",""
"Lokkalyan Sangrahalaya","Kala Parisar, Kaiserbagh, Lucknow - 226001","Uttar Pradesh","The collection includes metal objects, wooden pottery, soapstone objects, etc.","Art and Craft Museum","","","0522 2614638","Free","10:00 AM - 05:00 PM (Closed on Mondays)","Guided Tours and Library"
"Bharat Kala Bhawan","Banaras Hindu University, Varanasi - 221005, Uttar Pradesh","Uttar Pradesh","The collection includes paintings, textiles, archaeological objects, sculptures, coins, epigraphs, decora- tive arts etc.","Art and Craft Museum","1920","","0542 2316337","Indians - Rs. 5 per head, and Foreign Tourists - Rs. 40 per head","","Guided Tours and Library"
"Amrita Kala Veethika","Civil Lines, Gorakhpur - 273009","Uttar Pradesh","The gallery is named after the 16 Amrita Kala of the full moon. The gallery hosts programmes like musical and dance performances, solo and group exhibitions etc.","Art and Craft Gallery","1994","https://www.ddugu.ac.in","0551 2203098","","","Guided Tours and Library"
"Moinuddin Ahmad Art Gallery","AMU Campus, Aligarh, 202002 - Uttar Pradesh","Uttar Pradesh","The gallery aims at bridging the distance between art and the society by providing a peaceful space to the artists so that they can perform and work peacefully","Art Gallery","17th October, 2013","https://www.amu.ac.in","","","09:00 AM - 12:00 PM (Closed on Sundays)","Guided Tours and Library"
"Hussainabad Picture Gallery","Hussainabad, Lucknow - 226003","Uttar Pradesh","The collection of the gallery includes life size portraits of the Nawabs of Awadh","Art and Craft Museum","Building by Nawab Muhammad Ali Shah - 1838","https://www.uptourism.gov.in","","","10:00 AM - 04:00 PM (Closed on Fridays)","School Programmes"
"National Police Museum, CBI Academy","Hapur Rd, Rajnagar, Kamla Nehru Nagar, Ghaziabad - 201002, Uttar Pradesh","Uttar Pradesh","Exhibits of National and International significance. The collection of the Museum has items related to Police, crime and criminals from the ancient to modern times. It also shows the new technical aids","Police Museum","1991","","01202782985, 2782988","Free","10:30 AM - 04:30 PM (Closed on Saturdays, Sundays and Government Holidays)","Library, Guided Tours and Lectures"
"Army Service Corps Museum","ASC School, Bareilly - 243001","Uttar Pradesh","The Museum exhibits items pertaining to Army Service Corps, OIC Museum which includes the real weaponry, models and props to recreate scenes from past conflicts in t he region. There are many different types of arte - facts such as guns, swords, belts and regalia as well as military decoration. The displays are supported by manuscripts and documents detailing battles, also maps and communications are on display","Army Museum","1965","","27327/627","Free","Summers: 08:30 AM - 01.00 PM, and Winters: 08:30 AM - 01:30 PM(Closed on Sundays and Govern - ment Holidays)",""
"Jat Regiment Museum","Jat Regimental Centre, Bareilly - 243001","Uttar Pradesh","The Museum exhibits paintings, textiles, photographs of Gallantry Award winners, sports personnel of international fame and prominent personalities of the Regiment","Army Museum","1995","","2406304/02, jatregt@rediffmail.com","Free","Summers: 08:00 AM - 12:00 PM and 04:00 PM - 06:00 PM, Winters: 08:30 AM - 12.30 PM and 03:00 PM - 05:00 PM (Closed on Sundays)","Library, Guided Tours, School Programmes and Photography"
"Shankla Museum","Dogra Regimental Centre, Ayodhya - 224123","Uttar Pradesh","It displays flags, uniforms, medals, weapons, paintings, musical instruments, photographs etc.","Army Museum","1950","","05278 221285","Free","Open as required (Closed on Sundays)","Not Available PERSONALIA MUSEUM"
"Rajput Regimental Museum","The Rajput Regimental Centre, Fatehgarh - 209601","Uttar Pradesh","It displays paintings, photographs, flags, documents, army depicting Rajput Regime nt through the ages (from 1778 till date)","Army Museum","1920","","Tel: 205692/ Military exch.: 34553 Army No.: 3409","Free","Summers: 09:00 AM - 06:30 PM, Winters: 10:30 AM - 05.00 PM (Closed on Saturdays, Sundays and Government holidays)","Library, Guided Tours, School Programmes, Lectures and Photography"
"Government Freedom Struggle Museum","Shaheed Smarak, Delhi Road, Meerut - 250002","Uttar Pradesh","The Museum has a collection of paintings, reliefs and dioramas showing scenes from 1857, War of Inde- pendence, postcards, memorial coins, etc.","Memorial Museum","1997","","0121 2404357","","10:00 AM - 04:30 PM (Closed on Mondays, Sundays and Second Saturdays)",""
"Chacha Nehru Gyan Pushp","Three Dots Public School, Mathura Road, Aligarh - 202001","Uttar Pradesh","The collection includes stamps, coins, minerals, rocks, shells, photocopies of paintings, dolls, audio - vi - sual etc.","Educational Museum","1982","","","","","Auditorium, Research Cell, Audio Visual Room, Library, Conference and Seminar Hall, Object Reposito- ry, Conservation Lab and Museum Shop"
"Agharkar Museum","Botany Department, University of Allahabad, Allahabad - 211002","Uttar Pradesh","The Museum has specimens associated with Botany, Zoology, Anthropology, Archaeology and Geology. The collection includes specimens of fossils and living plants, ancient life forms, life through ages, maps depicting distribution and origin of plants","Educational Museum","1923","","0532 2461887","Free","Summers: 07:00 AM - 12:00 PM; Winters: 10:00 AM - 04:00 PM","Library THEMATIC/SPECIALISED MUSEUMS"
"Government Educational Museum","Bulandshahar, District Inspector of Schools - 203001","Uttar Pradesh","The Museum has a collection of coins, paintings, charts and maps, objects of history and science, charts and maps","Educational Museum","1958","","05732 22480","Free","10:00 AM - 05:00 PM (Closed on Sundays and Government Holidays)","Guided Tours, Film Shows, School Programmes, Lectures and Photography"
"Commerce Museum","Department of Commerce, University of Gorakhpur, Gorakhpur - 273001","Uttar Pradesh","The Museum has charts, graphs, pictures, specimens etc. as a part of its collections","Educational Museum","1969","","","Free","10:00 AM - 04:30 PM","Toy Train and Dining Car"
"Government Educational Museum","Muzaffarnagar - 251001","Uttar Pradesh","The Museum has a collection of coins, terracottas, sculptures, plaster casts, arts and paintings etc.","Educational Museum","1959","","","Free","Summers: 07:00 AM - 12:00 PM, and Winters: 11:00 AM - 04:00 PM",""
"Bal Sangrahalaya","Motilal Nehru Marg, Charbagh, Lucknow - 226004","Uttar Pradesh","The Museum has a collection of paintings, sculptures, toys, scientific m odels and dioramas. The Galleries of the museum are - Foreign Cultural Gallery, Buddha, Geology, Man on the Moon Galleries, Health under the Sea and Science Galleries","Educational Museum","1957","","0522 2636133","Free","10:30 AM - 05:00 PM (Closed on Sundays)","Audio Visual Room, Conservation Lab and Souvenir Shop"
"Stellar Children’s Museum","The Stellar Gymkhana, R - 1, Knowledge Park II, Greater Noida - 201310","Uttar Pradesh","The Museum through various fun interactive exhibits encourage the children to explore various physical sciences like air and gravity. The Galleries of the museum are the Air Test Column and Scarf Fountain, Bernoulli Tube, Gravity Ball Drop, Gravity Well, Race Car Track, Build a Roller Coaster, etc.","Educational Museum","","https://www.stellarchildrenmuseum.com","0120 4647501","Children: Rs. 250 per head, Adults: Rs. 100 per head; General: Child - Rs. 500 per head, Adults: Rs. 200 per head","10:00 AM - 07:00 PM (Closed on Mondays)","Library, School Programmes, Lectures and Photography"
"Tagore Library","Lucknow University, Babuganj, Hasanganj, Lucknow - 226007","Uttar Pradesh","The collection includes books, thesis, journals and manuscripts. The various sections of the library are Bonnerjee Library and Arts Gallery","Educational Museum","","https://www.lkouniv.ac.in","","","09:00 AM - 06:00 PM (Closed on Sundays)",""
"Ethnographic Museum","Department of Anthropology, Lucknow - 226007","Uttar Pradesh","The Museum has a collection of Prehistoric, Archaeological, Ethnographic objects, dresses, stone tools, hunting scenes etc.","Ethnographic Museum","1951","","0522 274004","Free","11:00 AM - 05:00 PM (Closed from May - June)",""
"Department of Geology","University of Lucknow, Lucknow - 226007","Uttar Pradesh","The Museum has a collection of rock types, minerals, fossils, holo type slides of fossil forms from all over India","Geological Museum","1951","","0522 2740015","Free","10:30 AM - 05:00 PM (Closed on Sundays)","Guided Tours and Lectures"
"Geology Museum","Department of Geology, J.N. (K.K.C), P.G. College, Lucknow - 226001","Uttar Pradesh","The Museum has a collection of minerals, rocks, fossils etc.","Geological Museum","1973","","0522 2635563","Free","10:00 AM - 03:00 PM (Closed on Sundays)","Photography"
"Geological Museum","GSI Complex, Vasundhara Sector E, Aliganj, Lucknow - 226024","Uttar Pradesh","The Museum has a collection of rocks, minerals, fossils and interpretive mediums in the form of models, maps, charts and photographs etc.","Geological Museum","1961","","0522 2321494","Free","11:00 AM - 01:00 PM (Closed on Saturdays, Sundays and Government Holidays)","Guided Tours, Film Shows, Lectures and Photography"
"Geological Museum","Department of Geology, Banaras Hindu University, Varanasi - 221005","Uttar Pradesh","The Museum has a collection that is of geological interests","Geological Museum","1923","","0542 2316081","Free","10:30 AM - 05:00 PM (Closed on Sundays)","Library, Guided Tours and School Programmes"
"Bithoor Museum","Pariyar Road, Subedar Nagar, Ktar Bithoor Kurd - 209203","Uttar Pradesh","The collection includes historic photos of 1947 Partition of India, coins of Kushan Dynasty and 4th - 19th century, arms from the British era, letters of the Mughal era, dagger of Tatya Tope, rare postcard addressed to Gandhi, ancient craftworks etc.","Historical Museum","2005","","","","09:00 AM - 05:00 PM (Closed on Mondays)",""
"Government Freedom Struggle Museum (Shaheed Smarak)","Delhi Rd, Meerut Cantt, Meerut - 250001","Uttar Pradesh","The collection includes postal stamps, pictures, postcards, memorial coins related to the events of 1857, paintings, murals and memorabilia. Gallery 1 of the museum has paintings of the incidents that lead to Sepoy Mutiny in 1857. Gallery 2 of the museum has a collection of paintings depicting the breaking down of the Baghpat Bridge, Rani Lakhmi Bai, Lucknow Bagh, Sati Chaura Ghat, swords, guns, cartridges. Gallery 3 of the museum has a collec - tion of coins, inscriptions from excavated sites near Meerut","Historical Museum","1997","","0121 2404367","","10:30 AM - 04:30 PM (Closed on Sundays and Mondays)","Photography (Only Researchers) and Library"
"Memorial Museum Residency","River Bank Colony, Qaisar Bagh, Lucknow - 226001","Uttar Pradesh","The collection includes series of lithographs - Siege of Lucknow- arranged thematically; translites of Dilkusha Kothi, Rumi Gate, and aerial view of Bara Imambara, paintings of Wajid Ali Shah, Begum Hazrat Mahal, Rani Lakshmi Bai, relief sculpture of Sir Henry Lawrence, Chief Commissioner of Awadh etc., cannon walls, musical instruments. The walls of the residency have bullet and cannonball marks of the sheiling during the Sepoy Mutiny of 1857","Historical Museum","2005","","","","05:00 AM - 05:00 PM (Closed on Fridays)","Photography (only outside of the Palace)"
"1857 Memorial Museum","Vipin Kand, Gomti Nagar, Lucknow - 226010","Uttar Pradesh","The Museum building is divided in two parts - the Zone of Absorption and the Z one of Reflection. The Museum includes a sound sculpture that focuses on the seven arenas where revolution was brought about by Jay - prakash Narayan. The Colonial India Gallery has a collection of photographs of significant events that took place in India’s Struggle for Independence (1905 - 1947), formative years of Jayaprakash Narayan, his inclination to Marxist Ideology, his escape from prison etc. The other exhibits in the Gallery show the ideologies, letters and the activities of Jayaprakash Narayan","Historical Museum","2016","","7045019031","Free","10:00 AM - 05:30 PM (Closed on Mondays)","Seminar, Guided Tours, Library and Photography"
"Parshwanath Vidyapeeth Museum","ITI Rd, Karaundi, Varanasi - 221005","Uttar Pradesh","The collection includes many antiques, old manuscripts, books, periodicals, sculptures of jain Tirthankars and Hindu Gods, metal coins found from Jaunpur, wheels from Shunga Period, terracotta bricks from Kushan Period, terracotta weights, old photographs, paintings etc. The Parshwanath Vidyapeeth Museum was established to teach Jain Philosophy, culture, Prakrit language, art and history","Historical Museum","1996","https://www.pv-edu.org","0542 2570183","Free","10:00 AM - 05:00 PM (Closed on Sundays)","Photography (only with prior permission), Bookshop, Guided Tours and Lectures"
"Anatomy Museum","M.L.N Medical College, George Town, Prayagraj - 211002","Uttar Pradesh","The Museum has a collection of dissected parts of the Human Body, models of Human Organs, Embryol- ogy models - all these are helpful in learning the different aspects of Anatomy","Medical Museum","","","","Free","July - April, 09:00 am - 04:00 PM, and May - June, 08:00 AM - 12:00 PM","Library, School Programmes, Film Shows, Lectures, Photography"
"Anatomy Museum","Anatomy Department, LLRM Medical College, Meerut - 250102","Uttar Pradesh","The Museum has a collection of dissected parts of the Human Body, models showing developments etc.","Medical Museum","1966","https://llrmmedicalcollege.nic.in","0121 2760888, medllrm@yahoo.com","Free","Summers: 07:00 AM - 01:00 PM, and Winters: 09:00 AM - 04:00 PM (Closed on Sundays and Govern- ment holidays)","Photography, Guided Tours, School Programmes and Film Shows"
"Pharmacology Museum","Pharmacology Department, LLRM Medical College, Meerut - 250102","Uttar Pradesh","The Museum has a collection of crude drugs, models of mechanism of act ion of different groups of drugs, machines used in pharmaceutical preparations etc.","Medical Museum","1966","https://www.llrmmedicalcollege.nic.in","0121 2760888, medllrm@yahoo.com","Free","Summers: 07:00 AM - 01:00 PM, and Winters: 09:00 AM - 04:00 PM (Closed on Sundays and Govern- ment Holidays)",""
"Museum of Pathology","Pathology Department, LLRM Medical College, Meerut - 250102","Uttar Pradesh","The Museum has a collection of dissected organs of the Human Body obtained after postmortem and surgery","Medical Museum","1966","https://www.llrmmedicalcollege.nic.in","0121 2760888, medllrm@yahoo.com","Free","Summers: 07:00 AM - 01:00 PM, and Winters, 09:00 AM - 04:00 PM (Closed on Sundays and Govern- ment holidays)",""
"Social and Preventive Medicine Museum","LLRM Medical College, Meerut - 250102","Uttar Pradesh","The Museum has a collection of models and charts on communicable diseases, Nutrition, Demography, Environmental Sanitation etc.","Medical Museum","1966","https://www.llrmmedicalcollege.nic.in","0121 2760888, medllrm@yahoo.com","Free","Summers: 07:00 AM - 01:00 PM, and Winters: 09:00 AM - 04:00 PM (Closed on Sundays and Govern- ment holidays)","Not Available ARCHIVES AND LIBRARIES"
"Kanpur Museum Library","K.E.M. Halls, Phool Bagh, Kanpur - 208001","Uttar Pradesh","The collection includes postcards, photographs, memorabilia and letters of Gandhiji, photo album with gold work, first day cover of Maharani Victoria from all over the world, Bithur glances, 1878 city maps of Kanpur, currency notes, royal farms etc.","Multipurpose Museum","1999","","0512 2312619","School groups - Rs. 1 per head, Army personnel - ps. 50 per head, and Journalists - Free","10:30 AM - 04:30 PM (Closed on Mondays and 2nd Tuesdays)","Guided Tours, Lectures and Photography"
"Vrindavan Research Institute","Bhaktivedanta Swami Marg, Raman Reiti, Vrindavan - 281121","Uttar Pradesh","The Museum has a collection of illustrated and unillustrated manuscripts in - Sanskrit, Hindi, Bengali, Gujarati, Gurmukhi, Oriya, Urdu, Persian; farmans, coins, sculptures, miniature paintings and other paintings from different periods. The Galleries present in the museum are - Braj lok Gallery, Brajnidhi Gallery, Painting Gallery and Sculpture Gallery","Multipurpose Museum","1968","https://www.vribharat.org","0565 2540628, info@vribharat.org","Free","10:30 AM - 04:30 PM (Closed on Mondays)","Published Periodicals, Library, Guided Tours, School Programmes, Lectures and Photography (only with  permission) ART AND CRAFT MUSEUMS/GALLERIES"
"Pakshi Sangrahalaya, Nawabganj Bird sanctuary (2015, renamed as Shahid Chandrashekhar Azad Bird Sanctuary)","NH 25, Ravanhar - 209859","Uttar Pradesh","The Museum has a collection of replicas and photographs of birds","Natural History Museum","","","","Opens on request","07:30 AM - 05:00 PM","Library, Guided Tours, Lectures and Photography"
"Birbal Sahni Institute of Paleobotany","553, University Rd, Babuganj, Hasanganj, Lucknow - 226007","Uttar Pradesh","The Museum has exhibits showing the origin and evolution of life, the coal forming vegetation, land plants, origin and diversity of flowering plants, palynostratigraphy of oil and coal bearing horizon etc.","Natural History Museum","1946","","0522 2740470","Free","09:30 AM - 06:00 PM (Closed on Saturdays, Sundays and Government Holidays)","Guided Tours, Film Shows, Lectures and Photography"
"Ganga Darpan Interpretation Centre","Sarnath, Varanasi - 221007","Uttar Pradesh","The Museum’s collection includes replicas, models of reptiles and maps and posters of the Namami Gange project","Natural History Museum","","https://www.nmcg.nic.in","","","09:45 AM - 05:00 PM","Publications, University Handbook, Film Shows, Lectures and Photography (only with permission)"
"Anand Bhawan Museum","Anand Bhawan, Moti Lal Nehru Marg, Prayagraj - 211002","Uttar Pradesh","The Museum is the ancestral house of India’s first Prime Ministe r - Pt. Jawaharlal Nehru. The most beauti - ful part of the Museum building is the study room and bedroom of Jawahar Lal Nehru, a room dedicated to Mahatma Gandhi, a room dedicated to Indira Gandhi where all her belongings are displayed and the drawing room of the Muse - um where the belongings of Motilal Nehru and Jawahar Lal Nehru are housed. The outhouse of the Museum displays the life of Jawahar Lal Nehru","Personalia Museum","1971","https://www.dioceseofallahabad.org","0532 2467071, jlnmfald@dataone.in","Rs. 10 per head (for first floor only), Foreign tourists - Rs. 50 per head, and Educational institutes - Rs. 5 per head","09:30 AM - 05:00 PM (Closed on Mondays and Central Government Holidays)","Research Journals and Library"
"Brahmakumaris Spiritual Museum","Taj Nagari Phase 1, Telipara, Tajganj, Agra - 282001","Uttar Pradesh","The Museum has a collection of art related to religious themes, artefacts, historical relics and ancient specimens","Religious Museum","","","","","08:00 AM - 06:00 PM","Library, Guided Tours, School Programmes, Lectures and Photography"
"Guru Gorakhnath Sangrahalaya","","Uttar Pradesh","The Museum through its collection aims at spreading knowledge about Guru Gorakhnath’s life history, holy aphorism of saints in India and also Indian leaders. The Galleries in the Museum are - Gallery on Hindu Deities; Gallery on Idols of Indian Leaders and Great Personalities; Gallery on the Saints and Yogis of the Nath Community; Gallery of Photographs, manuscripts and rare books; Gallery on the History and Culture of Gorakhpur, Gallery on the different Yoga postures","Religious Museums","2016","","","","","Library, Guided Tours and Photography"
"Central Institute of Medicinal and Aromatic Plants","Council of Scientific and Industrial Research, Kukrail Picnic Spot Road, P.O. (CIMAP) , Lucknow - 226007","Uttar Pradesh","The collection includes coloured photographs and live plants used in modern medicines, photographs of plant species cultivated through India, medicinal and aromatic plants, Swathy Vatika etc.","Science Museum","1984","","0522 2358723","Free","09:00 AM - 05:30 PM (Closed on Sundays)","Library and Photography"
"Postal Museum","Postal Training Centre, Saharanpur - 247002","Uttar Pradesh","The collection includes old postal equipment, accessories, documents etc.","Thematic Museum","1981","","0132 2644002","Free","",""
"Rail Museum","Railway Stadium Colony, Gorakhpur - 273009","Uttar Pradesh","The Museum has a collection of vintage locomotives and displays that show the history of Regional Railways","Thematic Museum","1900","","0551 2438000, info@mwgkp.in , support@mwgkp.in","Rs. 10 per head, and Bholu Express - Rs. 10 per head","02:00 PM - 08:00 PM","Exhibitions, Art Fairs, Publications and Artworks can be purchased"
"Madame Tussauds India","4th Floor, DLF Mall of India, Sector - 18, Noida - 201301","Uttar Pradesh","Madame Tussauds India is a tourist attraction and a Wax Museum. It is the Tussauds’ twenty-third location, founded by French sculptor Marie Tussaud. It displays the wax statues of celebrities, historical leaders, cricketers etc.","Thematic Museum","2017","https://www.madametussauds.com/delhi/","career.delhi@merlinentertainments.biz, query.delhi@madame-tussauds.com","Adults: Rs. 599 per head, and Children: Rs. 499 per head","11:30 AM - 07:30 PM","Scholarship Programs"
"Law Museum and Archives (Allahabad High Court)","10, Thornhill Road, Near Sai Mandir, Prayagraj - 211001","Uttar Pradesh","The collection includes a replica model of the High Court building in 1916, a charter for the establishment of the High Court judicature at Allahabad, the wood carving of the British Emblem, Pre - Independence wooden chairs of the judges in courtroom and their chambers, witness boxes, an antique grandfather clock and an Ansonia wall clock, red ceremonial gown and wig, wax impression of the seal of the courtroom prior to Independence, old pen holders, ink pots and photographs - compromise deed of Sant Tulsidas during the dispute related to the Partition of Benaras which is written in Awadhi language and carries the seal of the then Qazi of Benaras, Honourable Chief Justices of the Court till date, oath taking ceremonies, eminent members of the Bar of this Court etc.","Thematic Museum","","https://www.allahabadhighcourt.in","","Rs. 10 per head","10:00 AM - 05:00 PM",""
"Botanical Museum","Department of Botany, K.S.S. P.G. College, Ayodhya, Faizabad - 224123","Uttar Pradesh","The Museum has a collection of Botanical specimens","Botanical Museum","1967","https://www.kssaketpgcollege.ac.in","05278 232305","Free","10:00 AM - 04:00 PM (Closed on Sunday)","Resource centre, Library, Film Screening, Memorial Lectures, Children workshops, Book launches and  HStreet cafe"
"Botany Museum","Department of Botany, D.D.U. Gorakhpur University, Gorakhpur - 273009","Uttar Pradesh","The Museum has a collection of different plant groups, insectivorous plants, herbarium etc.","Botany Museum","1958","https://www.ddugu.ac.in","","Free","10:00 AM - 05:00 PM","Workshops, Art camps, Talk shows, Seminars and Online Art Shop"
"Zoological Museum","Department of Zoology, University of Gorakhpur, Gorakhpur- 273009","Uttar Pradesh","The Museum has a collection of major Vertebrates and Invertebrates etc.","Zoological Museum","1958","https://www.ddugu.ac.in","","Free","10:00 AM - 05:00 PM",""
"Botany Museum","Department of Botany, T.D. Post Graduate College, Jaunpur - 222001","Uttar Pradesh","The Museum has a collection of all important plants and fossil types","Botanical Museum","1956","https://www.online.tdcollege.org","05452 253039","Free","10:00 AM - 05:00 PM (Closed on Sundays)","Seminars, Publications, Fellowship programmes and Online courses"
"Department of Zoology","University of Lucknow - 226007","Uttar Pradesh","The Museum has a collection of various Invertebrates and Vertebrates preserved, specimens and skeletons of mammals","Zoological Museum","1921","https://www.lkouniv.ac.in","0522 2740230","Only for students","10:30 AM - 05:30 PM (Closed on Sunday)","Labs, Lectures, Seminars, Creator’s Hub, Learning Programmes, Books, Publications and Fairs"
"Museum of Zoology","Department of Zoology, Meerut College, Meerut - 250001","Uttar Pradesh","","Zoological Museum","1965","","","Free","","Mentorship Programmes, Workshops, Residency Opportunities, Books and Publications"
"Zoology Museum","P.G. Department of Zoology, D.A.V . College, Muzaffarnagar - 251001","Uttar Pradesh","The Museum has a collection of Zoological specimens, freshwater fis h of the district, fossils, skeletons, models, preserved animals etc.","Zoological Museum","1950","","0131 26667","Free","09:00 AM - 05:00 PM (Closed on Sundays and Government Holidays)",""
"Zoology Museum","P.G. Department of Zoology, Sanatan Dharm College, Muzaffarnagar - 251001","Uttar Pradesh","The Museum has a collection of preserved animals from different Ve rtebrates and Invertebrate groups, an insect gallery etc.","Zoological Museum","1970","","0131 2404053","Free","10:30 AM - 04:30 PM (Closed on Sundays)",""
"Bishnupur Acharya Jogesh Chandra Purakriti Bhawan (Bankura District Museum)","College Road, Dalmadal Para, Bishnupur -722122","West Bengal","The Museum collection includes art and archaeological objects like - tools from primitive ages (Mesolithic and Palaeolithic), coins from The Gupta Period to The Pala Period, contemporary arts and paintings, manuscripts, musical instruments of Bishnupur Gharana","Archaeological Museum","1951","","03244 252697","School students: Rs. 1 per head, Adults: Rs. 3 per head, and Foreign Tourists - Rs. 10 per head","11:00 AM - 05:00 PM (Closed on Mondays)",""
"Cooch Behar Palace Museum (Victor Jubilee Palace)","Cooch Behar - 736101","West Bengal","The collection within the Palace includes photographs and paintings of the kings, sculptures, coins, seals, medals, and anthropological collections","Archaeological Museums","2002","https://www.asi.nic.in","","Ages 15 yrs and below - Free, Indian Tourists - Rs. 5 per head, Foreign Tourists - Rs. 100 per head","10:00 AM - 05:00 PM (Closed on Fridays)",""
"Bangiya Sahitya Parishad Museum (Bangiya Sahitya Parishad Puthishala and Chitrashala)","243, 1, Acharya Prafulla Chandra Rd, Maniktala, Sahitya Parishad, Bagmari, Kolkata -700006","West Bengal","The Museum collection includes 9427 manuscripts in Bengali, Sanskrit, Hindi, Assamese, Oriya, Tibetan, Persian, and Ceylonese; statues, portraits, photographs of the celebrated writers and poets of Bengal; a copper plate engraved with Rabindra Nath Tagore’s signature and his wedding card that he designed himself. The newly opened Centenary Hall displays sculptures of Manjushree, Bodhisattvas, Kalyanasundaram, Chamunda etc. that belong to the period 11th century - 13th century. Along with sculptures, the Palace Museum also has a collection of old coins, dolls, textiles","Archaeological Museum","Parishad -1894, Museum founded - 1908","https://www.bangiyasahityaparishat.org/museum/","033 23503743","Free","12:30 PM - 06:00 PM","Sell and purchase of art"
"State Archaeological Museum","1, Satyen Roy Road, Behala, Kolkata - 700034","West Bengal","The Museum building currently has 7 Galleries and the collection of these Galleries are - Paintings, Stone sculptures, Metal objects, Early history objects, Sites and Sight, excavation at Hatpara Gallery, and the most important Gallery of the Museum is the Jagjivanpur Gallery that exhibits the excavations from the Jagjivanpur Buddhist Site of Malda","Archaeological Museum","1962","","033 23955363","Rs. 5 per head, Student’s fees are waived against a prior application: Rs. 10 for every 4 photographs","10:30 AM - 04:30 PM (Closed on Mondays and Tuesdays)",""
"Hazarduari Palace Museum","Siraj Ud Daulah Rd, Hazarduari, Murshidabad - 742149","West Bengal","The Galleries of the Palace Museum are - Durbar hall, Paintings, Hall of Royal and Periodical Gallery. The paintings depict scenes from the Court of Durbar, Committee of Nawab Nazim Humayun Jah, Nawab’s Throne. Other collections of the Museum are Palanquin of Zebunnisa, Ivory Sadan Chair of Emperor Shahjahan etc.","Archaeological Museum","1985","","03482 270334, asahdpm@rediffmail.com","Indian, SAARC, BIMSTEC Tourists - Rs. 5 per head, Foreign Tourists - Rs. 100 per head","08:00 AM - 05:00 PM","Research Lab, Conservation Lab, Seminars and Workshops DEFENCE MUSEUMS"
"Akshaya Kumar Maitreya Heritage Museum","University of North Bengal, Raja Rammohunpur, P.O. N.B.U, District Darjeeling - 734013","West Bengal","The Museum aims at representing the culture of North Bengal through material culture like stone and bronze sculptures, terracotta works, coins, folk art, manuscripts etc.","Archaeological Museum","1965, Open to general public - 28th December, 2006","https://www.nbu.ac.in","0353 2776390, museum@nbu.ac.in","Rs. 5 per head, Free for students","10:30 AM - 04:30 PM (Closed on Mondays and Government Holidays)","Café, Photography, Souvenir Shop and Guided Tours"
"Archaeological Site Museum","Tamluk, Srirampur Rd, Uttar Chara Sankarara - 721636","West Bengal","The Museum collection includes pattachitra, terracotta lamps, Tamluk seals, terracotta sarcophagus, Roman Amphora, scroll paintings etc.","Archaeological Museum","","https://www.midnapore.in","03228 266773","Free","09:00 AM - 05:00 PM (Closed on Fridays)","Film shows (Specific days and only for invited guests), Lectures and Photography (Prior permis sion from  director)"
"Malda Museum","Subhankar Bandh Road, Mokdumpur, Malda - 732101","West Bengal","The collection includes historic artefacts found in the district of Malda, sculptures, figurines, calligraphic inscriptions, tablets, terracotta plaques etc.","Archaeological Museum","1937","https://www.malda.gov.in","","","10:30 AM - 05:30 PM (Closed on Thursdays)","Library and Photography (allowed with permission)"
"Balurghat College Museum","Shibtala, Balurghat - 733101","West Bengal","The collection includes archaeological objects, mainly sculptures like that of Avaloketeshwara, Vishnu, Saraswati, Mahisamardini, a Saint, Manasa; ancient coins; swords, fossils, terracotta, ornamental stones, manuscripts etc.","Archaeological Museum","","","","","","Photography (allowed with prior permission)"
"States Archive of West Bengal","6, Bhowani Dutta Lane, Kolkata - 700034","West Bengal","The collections of the archives include East India Company’s administrative records from 1770 to 1858, 1624 Persian and Bengali Records, administrative reports etc.","Archives and Libraries","1910","","033 24985363","Free","11:00 AM - 05:00 PM (Closed on Mondays and Government Holidays)","Children’s Park and Coffee Shop"
"The Asiatic Society, An Institution of National Importance","1, Park St, Park Street Area, Kolkata -700016","West Bengal","The collection includes copper plates, Ashokan inscriptions, busts, sculptures, miniature paintings, lithographs, illustrated mughal paintings, rare books, archival documents etc.","Archives and Libraries","1984","","033 22290779","Free","10:00 AM - 06:00 PM (Closed on Saturdays and Sundays)","Not Available EDUCATIONAL MUSEUMS"
"Gurusaday Museum","Gurusaday Dutt Folk Art Society, Bratacharigram, P.O. Joka, Kolkata -700104","West Bengal","The collection includes scrolls and manuscripts; pattachitra; kalighat paintings; terracotta plaques of temples; sculptures in stone, bronze, wood, brass; dolls; toys; tribal art works; textile art works like kantha, jamdani etc.","Art and Craft Museum","1963","","033 24676048, gsmuseum@rediffmail.com","Adults: Rs. 10 per head, Students: Rs. 2 per head, Foreigner - Rs. 50 per head","10:00 AM - 05:00 PM (Closed on Mondays and Central Government Holidays)","Publications, Library, Guide Tours, Film Shows, Lectures and School Programmes"
"Museum and Art gallery","University of Burdwan, Rajbati, P.O. District Burdwan - 713104","West Bengal","The collection includes Indian art and antiquities, stone sculptures, folk art objects, European and Indian oil paintings, terracotta figurines, manuscripts, coins, pattachitra, potte ries, stone inscriptions, old photographs and prints","Art and Craft Museum","1965","https://www.buruniv.ac.in","+ 91 342 2634975, webmaster@buruniv.ac.in","Free","11:00 AM - 04:00 PM (Closed on the days when the University is closed)","Photography (only with permission)"
"Ashutosh Museum of Indian Art","Ashutosh Mukherjee Rd, Paddapukur, Bhowanipore, Kolkata -700025","West Bengal","The collection includes sculptures, paintings, folk art objects, textiles, terracottas, woodcarvings, tankas, kantha, embroidery etc.","Art and Craft Museum","1937","https://www.caluniv.ac.in","","Adults: Rs. 10 per head, Student groups: Rs. 5 per head","10:45 AM - 04:30 PM (Closed on Saturdays, Sundays and University Holidays)","Shishu Bhawan Patrika - Publication"
"Birla Academy of Art and Kolkata Museum","Southern Ave, Lake Terrace, Ballygunge, Kolkata -700029","West Bengal","The collection includes miniature paintings, sculptures, paintings, graphics, drawings, contemporary sculptures, wood carving, textiles etc.","Art and Craft Museum","","https://www.birlaart.com","033 2466802","Rs. 2 per head","04:00 PM - 07:00 PM (Closed on Mondays)","Library, Guide Tours, Film Shows and Lectures"
"Government Industrial and Commercial Museum","45, Ganesh Chandra Avenue, Kolkata - 700013","West Bengal","The collection of the museum includes industrial and commercial products of West Bengal, handicrafts and objects of folk art, different types of traditional and creative art, dolls, scroll paint ing, Pattachitra etc.","Art and Craft Museum","1939","","033 22365316","Free","10:00 AM - 05:30 PM (Closed on Saturdays, Sundays and all Government Holidays)","Rabindra Bhawan Newsletters, Library, Guide Tours, Film Shows, Lectures and Photography (only with  permission)"
"The Art Museum of the Academy of Fine Arts","Cathedral Rd, Maidan, Kolkata - 700020","West Bengal","The collection includes personal effects of Tagore, his letters, manus cripts and his paintings, Bhanusinger Patrabali, Rabindra Nath Tagore’s locks of hair that was given by him to Lady Ranu Mookerjee as a wedding gift, the Miniature Painting Gallery - Mughal, Rajasthani, Ram Sita, Rag Ragini; sculptures and contemporary art by Abanindranath Tagore, Asit Halder, Behari Mukerjee etc; Textile Gallery - Baluchari, Benarasi, Daccai, Jamdani etc., graphic and line drawings","Art and Craft Museum","1933","https://www.academyoffinearts.in","033 22237096","Rs. 5 per head","03:00 PM - 09:00 PM",""
"Kala Bhawan Museum (Nandan)","Visva Bharati, Santiniketan - 731235","West Bengal","The collection includes miniature paintings from the Rajput and Mughal School of Miniature Art, original paintings of Rabindranath Tagore, Abanindranath, Gaganendranath, Nandalal, Binodbehari, Ramkinker etc; terracotta works, Bengal Folk Art, Kalighat Patachitra, chinese handscrolls etc.","Art and Craft Museum","1921","https://www.visvabharati.ac.in","03463 253655","","07:00 AM - 09:00 PM (Closed on Saturdays and Sundays)","Library and Photography (only with permission) GEOLOGICAL MUSEUM"
"Chemould Art Gallery","A, 12 F, Park St, Oop. Park Hotel, Park Street Area, Kolkata - 700016","West Bengal","The Art Gallery has a collection of portraits like that of Bismillah Khan, classical singer Girija Devi, paintings of Shiva and Parvati, Ganesh Chaturthi, Durga puja etc. The Gallery has paintings and art pieces made by artists like Paramesh Paul, Amit Bhar, Bijay Biswal, Murali Nagapuzha, Umakant Kannada and Sachin Jaltare. This Gallery was also mentored by artists M. F. Hussain, Tyeb Mehta, Ram Kumar and S.H Raza","Art and Craft Museum","1941","","3340708002","","10:30 AM - 07:00 PM (Closed on Sundays)","Cafe, Seminars and Lectures"
"Akar Prakar","P 238, Hindustan Park, Kolkata - 700029","West Bengal","The Art Gallery has a collection of Indian modern and contemporary art collections. The Gallery includes paintings and sculptures made by both modern and contemporary artists like Abanindranath Tagore, Benode Behari, Gaganendranath Tagore, C. Douglas, Debjan Roy, Debashish Mukerjee, Manesh Haloi, Jayashree Chakravarthy, Manish Pushkale, Paula Sengupta, etc.","Art and Craft Museum","2004","https://www.akarprakar.com","033 24642617","","02:00 PM - 07:00 PM","Guide Services, Wheel chair, Light and Sound Show and Historical Audio-Visual Show"
"Ahuja Museum for Arts","26 Lee Road, Ground Floor (at Elgin Road, Lee Road crossing, entrance from Elgin Road), Kolkata - 700020","West Bengal","The Museum has a collection of over 2000 artworks by around 250 artists from around the world, India and Asia in particular. The Museum exhibits 50 sets of new paintings every 2 months","Art and Craft Museum","1993","https://www.sdahujaart.com","40034974, 22894745","","10:30 AM - 07:00 PM",""
"Chitrakoot Art Gallery","Presidency Court, 55 Gariahat Road, 2nd Floor, Ballygunge Phari, Kolkata - 700019","West Bengal","Bengal School of Painting artists like - Shyamal Dutta Roy, Ganesh Payne, Bikash Bhattacharya, and Amitabh Bhattacharya took the initiative to turn a library into a place where the artists of the Bengal School of Art could present their art works and be in the presence of other artists like them. The Gallery has a collection of early Bengal Art to Modern Bengal Art, by artists like Abanindranath Tagore, Amir Aich, Jamini Roy, Gopal Ghosh, Gaganendranath Tagore, Nandlal Bose, Akbar Padmasee, Anesh Payne, Raja Ravi Verma etc.","Art and Craft Museum","1980","https://www.chitrakootart.com","91 9831018753","","",""
"The Harrington Street Arts Centre","Ho Chi Minh Sarani Rd, Kankaria Estate, Park Street Area, Kolkata -700071","West Bengal","The main purpose of setting up the Art Centre was to establish connections in a formal way with the art institutions public and private; National and International. The Gallery has a collection of artworks that show a touch of the Colonial era","Art and Craft Museum","1998","https://www.hstreetartscentre.com","033 22829220, thehstreet.artscentre@gmail.com","","02:00 PM - 08:00 PM",""
"Aakriti Art Gallery","12/3A, Orbit Enclave, Picasso Bithi, Mullick Bazaar, Park Street area, Kolkata -700017","West Bengal","The gallery aims at displaying the evolution of modern and contemporary art forms in India through the artforms like traditional paintings, sculptures, printmaking and graphics, the new media like conceptual art, video art, installations and experimental art works; all authentic and original art done by Indian and modern artists like Jogen Chowdhary, Satish Sujral, Kartik Pyne, Partha Pratim Deb, Akhil Chandradas, Rajesh Deb etc.","Art Gallery","2005","https://www.aakritiartgallery.com","033 22893027, 91 33 22895041, art.aakriti@gmail.com","","11:00 AM - 07:00 PM (Closed on Sundays)","Coffee House"
"Ava Art gallery","Udai Chand Rd, Limbugaon, Darjeeling- 734102,","West Bengal","This only one of its kind gallery in Darjeeling has a collection of 60 art pieces made by Ava Devi in the mediums like oil, thread, embroidery etc. The most popular art work among the collections are “Still Strong”, “Torture” among other traditional paintings, hand made embroidery and silk applique made by splitting the thread 20 times","Art Gallery","1965","","0727 8803846","Free","Morning: 08:00 AM - 12:00 PM, and Afternoon: 01:00 PM - 05:00 PM",""
"Cima Gallery Pvt. Ltd.","One Sunny Park Block - B, Sunny Towers, 2nd Floor, 43, Ashutosh Chowdhury Avenue, Ballygunge, Kolkata - 700019","West Bengal","The gallery has a collection of artworks by artists like Balasubramaniam, Akbar Padmasee, Akhilesh, Chintan Upadhyay, F.N. Souza, Farhad Hussain, Ganesh Pyne, Haku Shah, Jamini Roy, S.H. Raza, Tyeb Mehta etc. from time to time, the gallery organises several projects and exhibitions in association with national and international museums and educational institutions","Art Gallery","1993","https://www.cimaartindia.com","033 24858717","","03:00 PM - 07:00 PM (Closed on Sundays)","Photography"
"Experimenter","1) Experimenter - Ballygunge Place, 45 Ballygunge Place, Kolkata - 700019 2) Experimenter - Hindustan Road, 2/1, Hindustan Road, Kolkata -700029","West Bengal","The gallery aims at representing some of the most critically acclaimed contemporary artists like Adip Dutta, Alexanda Bachzetsis, Ayesha Sultana, Julien Segard, Mehreen Murtuza, Soumya Sankar Bose who are ambitious and often engage in solo or group performances, both internationally and locally. The gallery organises exhibitions, art programmes and performances like - film, photography, music lectures, salon style workshops, di scussions etc.","Art and Craft Museum","2009","https://www.experimentre.in","Ballygunge - 91 3346026457; Hindustan Road - 91 3340012289, admin@experimentre.in","Rs. 20 per head","Ballygunge - 11:00 AM - 06:30 PM and Hindustan road - 11:00 AM - 06:00 PM (Both branches closed on Sundays)","Library"
"Emami Art","Kolkata Centre for Creativity, 777, Anandapur, Em Bypass, Adarsha Nagar, Kolkata -700100","West Bengal","The gallery aims at installing and hosting exhibitions and art programmes that have a wide range i.e. includes paintings, photography, open air art performances, art object installations, weaving etc. and provide a platform to local and regional communities to present their indigenous art forms. The artist who are a part of the Emami Art Gallery are Ali Akbar Pn, Anjan Modak, Arindam Chatterjee, Arpita Akhanda, Arunima Choudhury, Bholanath Rudra, Debashish Paul, Gayatri Halder, Ghana Shyam Latuna, Janhavi Khemka, Prasanta Sahu, Santunu Debnath, Shilpi Sharma, etc.","Art Gallery","","https://www.emamiart.com","91 33 66232300, contact@emamiart.com","","Monday - Saturday, 01:00 AM - 07:00 PM (Closed on Sundays)","Interactive Displays and Installations, Touchscreens and Audio-Visual Room"
"Galerie 88","28 - B, Shakespeare Sarani Rd, Elgin, Kolkata - 700017","West Bengal","The gallery has a collection of contemporary, modern and traditional arts in the form of paintings and sculptures and other forms of installations by renowned artists like Abani Sen, F.N. Souza, Ganesh Pyne, Amritah Sen, Suhas Roy, Samir Aich, Amal Ghosh etc.","Art Gallery","","https://www.galerie88.in","033 22835394, mail@galerie88.in","","11:00 AM - 07:00 PM (Closed on Sundays)","Locker room, Parking, Cafetaria, Guided Tours and Library"
"Janus Art Gallery","842 A, 1, Upen Banerjee Road, Parnasree Extension, Parnasree Palli, Behala, Kolkata - 700060","West Bengal","The gallery aims at collecting and promoting Indian art and is mainly focused on art of Bengal. The participants and contributors of art in this gallery are Indian artists who have commendable heritage value and are a perfect blend of modern and contemporary art forms. The gallery has a collection of beautiful paintings, sculptures, sketches, drawings and photographs","Art Gallery","1998","https://www.janusartgallery.com","09830060206, info@janusartgallery.com","","10:00 AM - 08:00 PM","Library, Guided Tours, Film shows, Lectures and Photography"
"Verandah Art Gallery","10 A, Lee Rd, Sreepally, Bhowanipore, Kolkata -700020","West Bengal","Located in a private Heritage Home, the Gallery is in a boutique style that aims at preserving the old world charm of Kolkata. The Gallery has a collection of paintings and sculptures displayed in a home setting","Art Gallery","","https://www.verandahart.com","91 9831012725, myna.kakar@gmail.com","","10:30 AM - 06:00 PM","Library and Photography"
"Genesis Gallery","8 B, Middleton Street, Kolkata -700071","West Bengal","The collection includes contemporary Indian Art by artists like Ramachandran, Bose Krishnamachari, Jogen Chowdhary, Krishen Khanna, Seema Kohli, Thota Vaikuntham etc.","Art Gallery","1986","https://www.genesisallery.in","8910111582","","11:00 AM - 06:00 PM and Saturday, 11:00 AM - 02:00 PM (Closed on Sundays)","Publications, Postcards and Art workshops"
"Gallery Kolkata","2nd Floor, Duckback House, 41, Shakespeare Sarani, Kolkata - 700017","West Bengal","The collection of the gallery includes art works by eminent artists of modern and contemporary Indian art form from across India. The artists whose artwork can be found in the museum are - Jamini Roy, Akbar Padamseee, Paritosh Sen, Jogen Chowdhury, Shyamal Dutta Ray, Shipra Bhattacharya, Thota Vaikuntham etc.","Art Gallery General","2004","https://www.gallerykolkata.com","91 33 22873377, mail@gallerykolkata.com","","","Library, Guide Services and School Programmes"
"Currency Building - Ghaire Baire","Dalhousie, 11B, Old Court House St, Lal Dighi, BBD Bagh, Kolkata -700001","West Bengal","The museum so far has become a venue for art exhibitions like - Ghaire Baire: The World and The Home and Beyond: 18th - 20th century Bengal Art. All these exhibitions and the collections of the museum include Bengal art and works of eminent artists of Bengal school and the Academy artists","Art and Craft Museum","11th January, 2020","","","Free","09:00 AM - 05:30 PM (Closed on Mondays)",""
"Natya Shodh Sansthan Theatre Museum","EE 8, Sector 2, Bidhan Nagar, Kolkata - 700091","West Bengal","The collection includes rare theatrical photographs, photographs of Rabindranath Tagore as Valmiki in Valmiki Pratibha (1881), advertising posters of Roktokorobi, costumes by Bharatendu Natak Mandali, model of nautanki stage, large number of Chhau dance masks, manuscripts, rare books, tickets of shows in star theatre, gramophone and rudra veena","Art and Craft Museum","2019","https://www.natyashodh.org/","+91 033 23217667","Adults: Rs. 10 per head","10:00 AM - 05:00 PM (Closed on Sundays)","Photography"
"Calcutta Police Museum","113, A.P.C. Roy Road, Kolkata-700 009","West Bengal","This house was built for Raja Ram Mohun Roy around the year 1814. In 1996 this building was converted into a Museum of Kolkata Police. Recently 64 files related to Netaj i Subhas Chandra Bose and his family members were kept there by the Government of West Bengal for public viewing. The Museum Showcase arms and ammunition seized during the revolutionary movement. It also represents a holistic view of the city police force, development of force, pre and post independence political upheaval as well as the city police force today","Police Museum","1996","https://www.kolkatapolice.gov.in/","11 21411799, +91 11 21411698","Free","11:00 AM - 05:00 PM (Closed on Mondays)",""
"Indian Institute of Port Management CPT","New Traffic Building (2nd Floor), 40, Circular Garden Reach Road, Kolkata - 700043","West Bengal","The collection includes working and still models, charts, photographs, maps showing the working of the Calcutta port and other allied information","Navy Museum","1970","","Tel - 033 24394123, fax - 033 24397179","Free","10:00 AM - 05:00 PM (Closed on Sundays and Government Holidays)","Cafeteria, Workshops, Lectures, Seminars, Guided Tours, IT facility, and Library"
"Group Museum and Archives","Bengal Engineer Group and Centre - 247667","West Bengal","The Museum exhibits historical documents, books, pamphlets, paintings, photographs and exhibits of Bengal Engineer Group and Centre, Roorkee; medals, portraits, weapons, colours, Regiment panel, battle honours","Army Museum","1978","","(01332) 277924","Free","Summers: 08:00 AM - 07:00 PM and Winters: 09:00 AM - 06:00 PM (Closed on Sundays and Government Holidays)",""
"Eastern Command Museum","Fort William, Kolkata -700021","West Bengal","The Museum exhibits photographs, painting, charts, sketches on service pattern, weapons, captured enemy weapons, list of honours and awards, winners and war heroes of Eastern Command in various battles/ encounters and wars, war trophies their replicas, articles associated with hi story of Fort William flags, military uniforms, souvenirs of Indo - Bangladesh War","Army Museum","1986","","(01332) 277924","Free","10:00 AM - 06:00 PM (Closed on Tuesdays, Thursdays, and Saturdays)",""
"Naval Aircraft Museum","Tata Cancer Hospital, DJ Block (Newtown), Action Area 1D, Newtown - 700156","West Bengal","The Museum has a decommissioned 29-year-old Tupolev TU - 142 of the Indian Navy on display","Air Force Museum","2022","","","Rs. 30 per head","02:30 PM - 08:30 PM (Closed on Mondays)","Workshop, Lectures, Seminars, Guide Services, Library, Photography only for research purposes, International History and Heritage exhibition every year in the month of February"
"Trishakti Heritage Complex","Sukna Forest - 734009","West Bengal","This War Memorial depicting the sacrifices made by fallen warri ors, a National Flag symbolising identity, and a Museum are all part of the Complex. The complex includes blocks such as Chogyal Block, Christison Block, Kanchenjunga block, and Umrao Block. The complex displays various vintage military equipment","Army Museum","2014","","","","","Library, and Seminar/Lecture hall"
"Himalayan Mountaineering Institute","Jawahar Parbat, Darjeeling - 734101","West Bengal","The collection includes photographs from expeditions, rocks, fauna, Himalayan spe cimens, flags hoisted on the summit of peaks, badges, monograms, the equipment used by mountaineers, remna nts of findings from mountains","Educational Museum","","https://www.hmidarjeeling.com","0760 2215312","Rs. 3 per head","Summers: 09:00 AM - 05:00 PM and Winters: 09:00 AM - 04:30 PM (Closed on Thursdays)","Free Guide Services, Light and sound Show"
"The National Library of India","Belvedere Rd, Block A, Alipore, Kolkata - 700027","West Bengal","The collection includes rare books, valuable manuscripts that belong to the Pre British and British era, original letters that belong to eminent personalities, manuscripts of Tamilian origin, Tibetan Xylograph, microfilms, watercolour paintings, Bulhar collection","Educational Museum","1953","https://www.nationallibrary.gov.in","91 33 24791381, dgnl.kol-culture@nic.in","Free","09:00 AM - 08:00 PM and Saturday - Sunday, 09:30 AM - 06:00 PM (Closed on Government Holidays)",""
"Nehru Children’s Museum","94/1, Jawaharlal Nehru Rd, Kolkata - 700020","West Bengal","The collection includes miniature models that depict Ramayana and Mahabharata, dolls and toys etc.","Educational Museum","1972","https://www.nehrumuseum.com","033 22231551","Adult: Rs. 5 per head and Children: Rs. 2 per head","11:00 AM - 07:00 PM",""
"Netaji Museum","Netaji Research Bureau, Netaji Bhawan, 38/2, Lala Lajpat Rai Sarani (formerly Elgin Road), Kolkata - 700020","West Bengal","The collection includes photographs of Netaji and the INA, original lette rs, manuscripts, sculptures, films, microfilms, original documents and photostat copies of letters etc.","Educational Museum","1957","https://www.netaji.org","91 33 24868139, nrbkolkata@gmail.com","Adults: Rs. 5 per head and Children: Rs. 2 per head","11:00 AM - 04:30 PM (Closed on Mondays and Government Holidays)","Not Available RELIGIOUS MUSEUMS"
"Rabindra Bhawan, Rabindranath Tagore Memorial Museum and Picture Gallery","Road around Ashram Math, Bolpur, Shantiniketan - 731204 (located in Vishva Bharati University)","West Bengal","The Museum is Tagore’s residence with gardens and experimental architecture, paintings, manuscripts, books, letters, mementoes, cine films, photographs, memorabilia of Rabindranat h and other members of his family etc.","Educational Museum","1942","https://www.visvabharati.ac.in","03463 262751","Adults: Rs. 5 per head and Students: Rs. 3 per head","10:00 AM - 05:00 PM (Closed on Thursdays)",""
"William Carey Museum","Serampore College, P.O. Serampore, Hooghly - 712201","West Bengal","The collection includes memorabilia of the founders - Carey, Marhman; Ward showing items from early 19th century educational and missionary activities, paintings, manuscripts, documents etc.","Educational Museum","1800","","","Free","10:00 AM - 05:00 PM (Closed on Sundays)","Movie Shows SCIENCE MUSEUMS/CENTRES"
"Ethnographic Museum of the Cultural Research Institute","P1/4, C.I.T Scheme no. VIIM, V .I.P Road, Kankurgachi, Kolkata - 7000554","West Bengal","The Museum collection includes ethnographic specimens and Santhal tribal objects","Ethnographic Museum General","1955","","Tel - 033 23207623, cridir@gmail.com","Free","10:30 AM - 05:30 PM (Closed on Saturdays and Sundays)","3D Theatre, Science Shows and Sky observation through Telescope"
"Geology Museum","Indian Statistical Institute, Platinum Jubilee Building, Barrackpore Trunk Rd, Bonhooghly Government Colony-700108","West Bengal","The Museum has a collection of a number of objects of Geological and Ar chaeological significance. The most important collection of the Museum is a complete fossil of a 47 feet Sauropod from the Jurassic period. The museum also displays Dinosaur fossils","Geological Museum","1977","https://www.isical.ac.in","033 25753150","Free","11:00 AM - 06:00 PM (Closed on Saturdays and Sundays)","Photography (only on permission)"
"Kolkata Museum (Calcutta Town Hall)","4, Esplanade Row (West), Kolkata - 700001","West Bengal","The collection of the Museum includes historical objects","Historical Museum","2002","https://www.kmc.gov.in","033 22483085","Rs. 10 per head (Monday - Friday), Rs. 15 per head (Saturday)","11:00 AM - 06:00 PM (Closed on Sundays)","Astronomical shows, Free astronomy course, Post graduate diploma, Lectures and Scientists lectures"
"Victoria Memorial Hall","1, Queen’s way, Kolkata-700071","West Bengal","The initial collection of the Museum included oil paintings, artworks in other painting mediums, sculptures, archaeological and colonial artefacts but after the renovation project of the Government, the collection of the Museum changed and now the museum exhibits collections of INA, belongings of Netaji Subhash Chandra Bose, uniform of Rani Jhansi Regiment, the letters of Netaji to his jail inmates and friends outside, photographs of some army officers from the Japan troops and other armies, cover of every magazine that featured Netaji, photographs from the time the foundation stone of the Victoria Memorial was laid till its completion etc.","Historical Museum","1906, Opened to public - 1921","https://www.victoriamemorial-cal.org","033 22231889","","10:00 AM - 05:00 PM","Digital panorama and Space theatre"
"Himalayan Tibet Museum","Gandhi Rd, Limbugaon, Darjeeling-734101","West Bengal","The Museum aims at exhibiting the history and the culture of the Tibetans and also exhibits the artefacts of other communities of the himalayan belt as well","Historical Museum","2nd July 2015","","0354 2252977","","10:00 AM - 06:00 PM (Closed on Wednesdays)","Innovation Hub, Bio Tech lab, Library, Auditorium, Conference hall, Science Demonstration Lecture, Science Seminar, Science Camp, and Sky Observation"
"Deshbandhu Museum","Opposite Mahakal Mandir, Mall Rd, Chauk Bazaar, Darjeeling-734101","West Bengal","The building which is now being converted to a museum was initially the residential place of freedom fighter Deshbandhu. He breathed his last in this house itself. The prominent figures who used to live and use this building were Mahatma Gandhi, Annie Besant etc. The museum exhibits the personal belongings of Deshbandhu and other artefacts","Historical Museum","5th November, 2007","","","Free","10:00 AM - 04:00 PM (Closed on Sundays)","Training programme, Daily science show, Community programme, Dinosaur park, 3D theatre, Science  shows, Taramandal Shows and Telescopic Sky observation"
"Alipore Museum","17, Judges CT Rd, Alipore, Kolkata-700027","West Bengal","Initially served as a jail for the eminent leaders of the freedom movement, the building was later turned into a central correctional home. The freedom fighters and leaders im prisoned here - Jawaharlal Nehru, Subhash Chandra Bose, Chittaranjan Das, Dinesh Gupta, Dr. Bidhan Chandra Roy etc. The building was then again turned into a memorial and a museum to honour the sacrifices of those who fought for t he independence of India. The collection of the museum includes paintings, photographs, maps of India, installations, statues of the free dom fighters etc.","Historical Museum","Building construction - 1906","https://www.independencemuseum.in","033 24492015 , info.alipore@wbhidco.in","","11:00 AM - 05:30 PM (Closed on Mondays)","Library, Guide Services, School programmes, Film shows, Lectures and Photography"
"Nashipur Rajbari Museum","Nashipur Rajbari, Kathgola, Murshidabad-742149","West Bengal","The collection of the museum includes personal belongings of the Nashipur royal family, farmans and legal documents","Historical Museum","1982","","91 9593137448","Rs. 10 per head","06:00 AM - 06:00 PM","Exploration Hub for school children, Science Camps, Seminars, Lectures, Workshops, Planetarium Shows, Library and Audio - Visual room"
"House of Jagat Seth Museum","Rabindra Sarani, Kathgola, Mahimapur, Murshidabad-742149","West Bengal","The house once belonged to the famous money lender of Bengal, has now been converted into a museum with collection that includes personal belongings of Jagat Seth and his family, coins from the era of Nawabs, muslin and textiles of extravagant materials, Banarasi sarees with gold and silver thread work etc.","Historical Museum","","","9775680888","Indian Tourists - Rs. 20 per head, and Foreign tourists - Rs. 100 per head","10:00 AM - 06:00 PM","Science observatory and 3D movie theatre"
"Acharya Bhawan","93, Acharya Prafulla Chandra Rd, Machuabazar, Kolkata-700009","West Bengal","The residential building was constructed in 1902 and JC Bose along with his wife hosted many eminent personalities in this very house - Tagore, George Bernard Shaw, Vivekananda, Romain Rolland, Sister Nivedita, Prasanta Mahalonobis, PC Ray, Meghnad Saha, Nandalal Bose etc. The hist oric building has ceilings and walls filled with frescoes painted by Nandalal Bose, the ground floor of the building has original paint ing of Bharat Mata painted by Nandala Bose during the Banga Bhanga (partition of Bengal), opposite to it is a two seater placed on wooden elephants that was gifted to JC Bose by the Maharaja of Kashmir, cane work gifted to him by the Maharaja of Tripura, painting of Sister Nivedita, rooftop observatory, instruments and crescograph of JC Bose etc.","Historical Museum","The residential building constructed in 1902","https://www.museumsofindia.org/museum/","033 23600078","Free","02:00 PM - 04:30 PM (Closed on all Mondays, Tuesdays, Thursdays, Saturdays and Sundays)","Library, School programmes, Temporary exhibitions and Photography"
"Sister Nivedita Heritage Museum and Knowledge centre","16A Ma Saradamoni Sarani, Bose Para Ln, Baghbazar, Kolkata-700003","West Bengal","The galleries present in the Museum are - sister nivedita’s study, historic Thakur Dalan, Thakur Dalan mural, experiential multi sensational tribute to sister nivedita’s celtic heritage, pictorial timeline of sister nivedita’s life and the courtyard that graced great personalities likeVivekananda and Tagore","Historical Museum","","https://www.sisterniveditahouse.org","+91 33 25550424, sisternivedita.museum@gmail.com","Rs. 50 per head","April - September: 01:00 PM - 05:30 PM and October - March: 12:30 PM - 05:00 PM (Closed from Monday -Thursday)","Cafetaria and Photography"
"Institut De Chandernagore","Strand Road, Chandernagore, Chinsurah-711303","West Bengal","Also known as the Dupleix Palace, the museum is one of the oldest in West Bengal and has a collection of rare French antiques, personal belongings of French Governors Generals, wooden furnitures that date back to 18th century, items used by Dupleix and relics of French Colonial and local history of Chandannagar","Multipurpose Museum","1961","","033 26839661, institutdechandernagore@gmail.com","Indian tourists - Rs. 5 per head, Foreign tourists - Rs. 20 per head","11:00 AM - 06:30 PM (Closed on Thursdays and Public Holidays)",""
"Ananda Niketan Kirtishala","Bagnan Ananda Niketan Vidyamandir, Barunda -711303","West Bengal","The Museum collection includes ancient terracotta figurines, potsherds, pot teries, temple terracotta plaques, coins, stone sculptures, folk art and craft, manuscripts in bengali and sanskrit, scroll paintings, pattachitra, kantha artwork, dashavatar cards, bronze work","Multipurpose Museum","1961","","03214 216225, aniketanbagn@yahoo.com","Free","10:00 AM - 05:00 PM","Art Zones, Music Zones, Photo Booth and Food Court"
"Indian Museum","Jawaharlal Nehru Rd, Fire Brigade Head quarter, New Market Area, Dharmatala, Taltala - 700016","West Bengal","The Museum houses 35 galleries housing over 100,000 rare and unique artefacts from the Humanities and Natural Sciences of both Indian and Foreign origin and divided into three wings: Archaeology, Anthropology, art as well as eight coordinating service units such as preservation, publication, photography, presentation, modelling, education, library and security. The galleries of the museum are - The Gandhara gallery, Coins gallery, Late Archaeology gallery, Painting gallery, Bronze gallery, Decorative arts, Birds and Fish gallery, Mammals gallery, Textile gallery, Masks gallery, Botanical and Zoological gallery, and lastly Insects gallery. The major galleries of the museum are Bharhut gallery and the Egypt gallery","Multipurpose Museum","1814","https://www.indianmuseumkolkata.org","033 22861702, directorindianmuseum@gmail.com","Adults:Rs. 50 per head, Children: Rs. 20 per head, and Children below 5 yrs - free","10:00 AM - 06:00 PM (Closed on Mondays and Public Holidays)",""
"Museum and Art Gallery","Ramakrishna Mission Institute of Culture, Gol Park, Kolkata-700029","West Bengal","The collection includes - stone panels that belong to 2nd century Mathura, Indian miniature paintings, Bengal School of Art, manuscript covers, pattachitra artworks from Odisha, terracotta artefacts, textiles like Baluchari, Dhakai, Jamdani, Banarasi etc, dokra and bamboo artworks etc.","Multipurpose Museum","1936","","033 24652531, irmicsl@giasscl.vsnl.net.in","Free","10:00 a.m - 06:30 PM (Closed on Sundays)","Cafe and Seminar"
"Bengal Natural History Museum","Padmaja Naidu, Himalayan Zoological Park, Jawagar Parbat, Darjeeling -734104","West Bengal","The Museum displays birds and butterflies, birds with their nests and eggs , reptiles, fishes, mammals, insects and many more. The collections also include skulls of animals like Ibex, Blue Sheep, Great Tibetan Sheep, Marcopolo Sheep, Black Buck etc; Anklers of Barasingha, Shou, Spotted Deer etc; Horns of Goral, Black Buck, Nilgiri Thar etc; Head mounts of Nilgiri Thar, Indian Gaur etc; preserved full bodies of Clouded Leopard, Royal Bengal Tiger, Common Leopard, Spotted Deer Calf etc; skins of Monitor Lizard, Otter, Spotted Deer, Himalayan Palm Civet etc; tusk and feet of Elephant and many more","Natural History Museum","1903","https://www.darjeeling-tourism.com","","Combined ticket of Himalayan Mountaineering Institute, Darjeeling Zoo and Bengal Natural History Museum: Rs. 60 per head","08:00 AM - 07:30 PM (Closed on Sundays and National Holidays)","Workshops, Guide Services and Library"
"Acharya Jagadish Chandra Basu Prodarshanshala","Basu Vigyan Mandir, 93/1, Acharya Prafulla Chandra Rai Road, Kolkata-700009","West Bengal","The Museum’s collection includes some of the instruments designed by Jagadish Chandra Basu, his personal belongings and memorabilia","Personalia Museum","30th November 1917","","033 23557434","Free","11:00 AM - 06:00 PM (Closed on Saturdays and Sundays)","Photography, Videography and Cafe"
"Gandhi Memorial Ashram","Nilgane Road, P.O. Sodepur, 24 Parganas (N), Kolkata -700110","West Bengal","This is the ashram where Gandhi used to come and stay several times. The iron locker used by him is the only souvenir in the Museum","Personalia Museum","26th June, 1925","","","","","Souvenir Shop, Cafeteria, Wheelchair and Fun Games ZOOLOGICAL AND BOTANICAL MUSEUMS"
"Maulana Azad Museum (Azad Memorabilia Museum)","5, Ashraf Mistry Lane, Near Ballygunge Military Camp Gate, Kolkata - 700019","West Bengal","The collection includes photographs, memorabilia, hand written notes and rare book collections of Maulana Azad","Personalia Museum","","https://www.makaias.gov.in","033 23356623, info@makaias.gov.in","Free","10:30 AM - 05:30 PM (Closed on Weekends)","Herbarium, Library, School Programmes and Photograph"
"Prasanta Chandra Mahalanobis Memorial Museum and Archive","Indian Statistical Institute, 203, Barrackpore Trunk Road","West Bengal","The Museum has 5 galleries that depict the different phases of the l ife and works of P.C. Mahalanobis. The first floor has the setup of the study room and residential rooms of the M ahalanobis, accessories like badges, hourglass, degrees, dresses etc.","Personalia Museum","1991","https://www.museumsofindia.org","033 25752756","Free","10:00 AM - 06:00 PM (Closed on Weekends and Public Holidays)",""
"Sarat Smriti Grantha Ghar","Village Panitras, District Howrah","West Bengal","The Museum has a collection of manuscripts, punthies, letters of Sarat Chandra Chatterjee, his used articles, terracotta sculptures, coins of several countries, folk arts etc.","Personalia Museum","1956","","","Free","12:00 PM - 07:00 PM (closed on Wednesday and 2nd and 4th Tuesday of every month)","Monographs, Library, Publications, Guided Tours, Lectures and Photography"
"Rishi Bankim Library and Museum (Rishi Bankim Chandra Chattopadhyay Sangrashala)","Kanthalpara, Naihati, 24 Parganas","West Bengal","The notable novelist and poet of India Bankim Chandra wrote and composed the national song of India - Vande Mataram over here. The collections of the museum include - original manuscripts, letters written by Bankim chandra, photographs, documents, books etc.","","1954","https://www.barrackpore.gov.in","033 25920814/0616","","12:00 PM - 06:00 PM, 03:00 PM - 06:00 PM on Friday, (Closed on Thursday and Government Holidays)","Guided Tours and Photography"
"Sabarna Sangrahalaya","Saptarishi Bhawan, Baro Bari, Post Office, 67/3, Diamond Harbour Rd, Barisha","West Bengal","The Museum is about the Sabarna Roy family, who transferred their lease rights over three villages to the East India Company. The most important collection of the museum is historic judgement of the Kolkata High Court regarding the Kolkata Birthday Case, rare documents, articles, Kabilatipatras (18th - 19th century), Earthen pot (1840), Metal hookah (1878), a Metal candle stand (1795), Grinding wheel (1847), Philatelic and Numismatics - rare stamps and coins","Personalia Museum","2005","","9830289400, sabarnaparishad@gmail.com","Free","10:00 AM - 07:00 PM (Closed on Thursday and Public Holidays)","Photography and Guided Tours"
"Netaji Bhawan","38/2, Lala Lajpat Rai (Elgin) Sarani, Sreepally, Bhowanipore, Kolkata - 700020","West Bengal","The Museum has a collection of art and furniture that belonged to Sarat Chandra Bose; a bedstead that belonged to Janakinath and Netaji; the staircase and the car that was used by Netaji to escape to Berlin from house arrest, chronologically displayed articles, documents and photographs of Netaji’s life and this role in freedom movement and politics, rare postage stamps, german military documents, Azad Hind Journal","Personalia Museum","Built in 1909, Converted into museum - 1961","https://www.kolkatatourism.travel/netaji-bhawan-kolkata","","Adults: Rs. 5 pe head, and Children: Rs. 2 per head","","Photography and Light Show"
"Jorasanko Thakurbari (Rabindra Bharati Museum)","6/4 Dwarakanath Tagore lane -700007","West Bengal","The Museum has a collection dedicated to the prominent figures of the 19t h century Bengal renaissance: Dwarakanath, Debendranath, Rabindranath, Abanindranath, Gaganendranath, etc. There are galleries that exhibit paintings of Bengal school and portraits of the Tagore House drawn by Anglo Indian School, a western art school; and also galleries dedicated to the life and works of Rabindra Nath Tagore. The museum also has the Japan Gallery, China Gallery, the US Gallery and the Hungary Gallery that explore Rabindranath’s visit and relation with these countries","Personalia Museum","1960","https://rbu.ac.in","2269-5241/ 5242/ 6001/ 6610, baisakhimitra@gmail.com","India: students: Rs. 10per head, Adults: Rs. 20 per head, SAARC countries : students: Rs. 20 per head, Adults: Rs. 30 per head, Other Countries: Students: Rs. 100 per head, Adults: Rs. 150per head","10:30 AM - 05:00 PM (Closed on Monday and other Government Holidays)","Special Lectures and Special Shows"
"Raja Ram Mohan Roy Memorial Museum","Raja Ram Mohan Sarani Rd, Simla, Machubazar, Kolkata - 700009","West Bengal","The Museum collection includes - memorabilia like sketches, photographs, paintings, writings of Raja Ram Mohan Rai, period furnitures and dioramas that are an attempt towards reconstruction of the bengal renaissance period","Personalia Museum","1800s","https://www.rammohunmemorial.co.in","033 23605122","","","Photography"
"Bose Institute Museum","92/3, Machuabazar, Kolkata - 700009","West Bengal","The collection includes biographical collections like original and replicas of research instruments, camera, original attires, laboratory notebooks all used by J.C. Bose; letters, publications of J.C. Bose, photographs, patent, paintings, bronze bust of J.C. Bose, commemorative articles like certi ficates, stamps, cheque, felicitation certificate, mementos; news and magazine cut outs; and a period room with life size models","Personalia Museum","1917","https://www.jcbose.ac.in","91 33 23676007","Free","10:00 AM - 04:00 PM (Closed on weekends)","Photography"
"Jadunath Bhawan Museum and Resource Centre","10, Lake Terrace, kolkata -700019","West Bengal","The collection includes archival materials, documents, rare books, journals, newspapers and photographs. The museum has two galleries - Jadunath Sarkar gallery and Buddhadeva Bose gallery. These galleries have the personal furniture, belongings and other objects of sir Jadunath and Buddhadeva Bose","Personalia Museum","2015","https://www.jbmrc.cssscal.org","033 24666472, info@jbmrc","","","Guided Tours"
"Ramkrishna Mission Museum","Belur Math, Belur, Howrah - 711202","West Bengal","The Museum aims at preserving the memory of the great saints and prophets of the modern age - Sri Sarda Devi, Swami Vivekananda, Sri Ramakrishna Paramahansa and also showcase their contributions to the society. The periphery of the museum building is covered by 16 murals on the wall that show India’s cultural history from the Vedic Age to the advent of Sri Ramakrishna","Religious Museum","2001","https://www.belurmath.org","+91 3326545700, mail@rkmm.org","Rs. 5 per head","06:30 AM -08:30 PM","Guided Tours"
"Sri Chaitanya Mahaprabhu Museum","16/a P.O, Kali Prasad Chakraborty St, Baghbazar, Kolkata - 700003","West Bengal","The collections include manuscripts, scrolls and artefacts, Adhaksaja - Vishnu Vigraha and its Simhasana, stone pillar from Sri Gaura Nityananda temple, a piece of kantha used by Srila Rasikananda Prabhu, colour printed tin box of Thakur Bhaktivinoda etc. The main aim of the Museum is to spread and preach the doctrines of the Gaudiya Vaishnavism as practised and preached by Sri Krishna Chaitanya Mahaprabhu.","Religious Museum","","https://www.chaitanyamuseum.org","033 255444155","Rs. 50 per head","10:00 AM - 12:00 PM (Closed on Mondays)","Audio/Video Services and Photography"
"Bardhaman Science Centre","Golap Baag, Near Bardhaman University, Bardhaman -713104","West Bengal","The Museum galleries have fun exhibits and showcasing Mystery behind flying obje cts, Game of energy ball, Wonders of Chemistry show, Human performance, Life science corner","Science Center","1994","https://www.bardhamansciencecentre.org","03422950565, 03422657844, sciencecentre@gmail.com","Rs. 25 per head, 3D show - Rs. 30 per head, Science show - Rs. 10 per head, Taramandal show- Rs. 10 per head","10:00 AM - 06:00 PM (Closed on Holi and Diwali)","Lectures, Photography and Guided Tours"
"Birla Industrial and Technological Museum","19 A, Gurusaday Rd, Kolkata - 700019","West Bengal","The Museum has galleries on Maths, Physics, Transportation, Motive Power, Metals, Biotechnology, Electricity, Television, Life Science","Science Center","1959","https://www.bitm.gov.in","9477345291","Rs. 5 per head, Organised student group - Rs. 7 per head","09:30 AM - 06:00 PM (Closed on Holi and Diwali)","Guided Tours"
"M. P. Birla Planetarium","96, Jawaharlal Nehru Rd, Kolkata - 700071","West Bengal","The Museum has exhibits pertaining to various fields of astronomy, astrophysics and celesti al mechanics","Science Center","1962","https://www.mpbitlaplanetarium.org","913322231516, 22236610, info@mpbirlaplanetarium.org","Rs. 30 per head and Rs. 10 for organised student group","12:00 PM - 07:00 PM","Wheelchair, Café, Photography, Souvenir Shop and Guided Tours"
"Science City","JBS Haldane Ave, Mirania Gardens, East Topsia, Kolkata - 700046","West Bengal","Interactive Science Exhibits, Planetarium, live specimens","Science Centre","1997","https://www.sciencecitykolksts.org.in","033 22854343, sciencecity.kol@gmail.com","Rs. 65 per head, Space theatre - Rs. 80 per head, Dark side - Rs. 40 per head","S 10:00 AM - 07:00 PM","Wheelchair, Café, Photography, Souvenir Shop and Guided Tours"
"Digha Science City","New Digha, SH 57, Midnapore - 721463","West Bengal","The Science Centre is divided into three sections - Fun science, Re flection, Life science. The interactive exhibits of the centre includes - assorting optics, illusion, geometry, mechanics, mathematics, 28 exhibits on live experience of aquatic life","Science Center","1997","https://www.dighasciencecentre.org","03220266360, dscdigha@gmail.com","General: Rs. 30 per head, Group of more than 25 members: Rs. 25 per head, Organised school group: Rs. 15 per head, Government School: Rs. 10 per head Space show - General: Rs. 30 per head, Group of more than 25 members: Rs. 25 per head, Organised school group: Rs. 10 per head, Government. School: Rs. 10 per head Jurassic park - General: Rs. 15 per head, Group of more than 25 members: Rs. 10 per head, Organised school group: Rs. 10 per head, Government school: Rs. 5 per head Taramandal - General and group of 25 members and more: Rs. 10 per head, Organised school group and government school: Rs. 5 per head","09:00 AM - 07:00 PM","Library, Photography, Souvenir Shops and Guided Tours"
"District Science Centre","North Lake Rd, Purulia","West Bengal","The galleries of the museum are Popular Science Gallery, Wealth of Purulia Gallery, Life Science Gallery, Children’s Gallery","Science Centre","1982","https://www.dscpurulia.org","9593383386","General: Rs. 15 per head, Taramandal: Rs. 10 per head, Science show: Rs. 10 per head, 3D show: Rs. 10 per head Students: Rs. 10 per head, Taramandal: Rs. 5 per head, Science show: Rs. 5 per head, 3D shows: Rs. 10 per head","10:30 AM - 07:00 PM","Photography, Wheelchair and Guided Tours"
"North Bengal Science Centre","NH 31, Matigarahat, Siliguri - 734010","West Bengal","The galleries of the Museum - Fun Science Gallery; Light, Mirror and Images Gallery; The Father of the Nation: A Digital Tribute Gallery; Nature Interpretation Gallery, Rain Water Harvesting Gallery, Life Science Gallery","Science Centre","1997","https://www.nbscsiligri.org","03532571229, nbscsiliguri1997@gmail.com","Rs. 30 per head","10:30 AM - 06:00 PM","Photography, Parking and Guided Tours"
"Nehru Museum of Science and Technology","Indian Institute of Technology, Hijli Shaheed Bhawan (BREF BIOTEK), IIT Kharagpur, Kharagpur - 721302","West Bengal","Originally built for the purpose of a detention camp for the Indian freedom fighters, the building later on during 1990’s was converted into a Museum with an aim to preserve the history of the building and to promote the idea of science and technology. The galleries present in the museum are - Mathematics Gallery; Machine, Motion, Light, and Sounds Gallery; Laws and Principles of Physics Gallery; Electricity and Magnetism Gallery; Railway Transportation in India Gallery; Water Transportation in India Gallery; Aviation and Indian Space Research Gallery; Genesis of Computing Machines at IIT Kharagpur and Inflatable Planetar ium/ Exhibition Space Gallery. Apart from above mentioned science galleries, the other galleries that are a part of the museum are - Prison Cell for men and women during 1930’s; gallery on the important landmarks of the Indian freedom movement; a gallery on the contribution of the Midnapore district in the freedom movement and an outdoor exhibit called “Hunter Plane”","Science Museum","3rd August, 1990","https://www.nehrumuseumiitkgp.com","03222 281040","","09:30 AM - 06:30 PM (Closed on Saturdays and Sundays)","Guided Tours"
"Kalimpong Science Centre","Deolo, P.O. Kalimpong, Darjeeling - 734301","West Bengal","The centre has a series of scientific models and installations","Science Centre","2008","https://www.kalimpongsciencecentre.org","03552274959, ksc02@ymail.com","Science observatory - Rs. 10 per head, 3D movie theatre - Rs. 30 per head","10:00 AM - 04:30 PM (Closed on Mondays)","Photography, Parking, and Garden"
"Kolkata GPO Postal Museum","Netaji Subhash Rd, Fairly Place, BBD bagh, Kolkata - 700001","West Bengal","The collection of the museum includes postal maps, leisure books, old type of telephone and telegraph machines, old post box, coin cutting machine, a model of post man - his uniform, post bag, old weighing machine, specimen signatures of Dr. CV Raman, Rabindranath Tagore","Thematic Museum","1979","","033 22438835, directorkolgpo@rediffmail.com","Free","11:00 AM - 04:00 PM (Closed on Sundays)","Videography, Photography, Cafe, Souvenir Shop, Parking and Audio/Guide Service"
"Smaranika Tram Museum","6, Esplanade East, Maidan, Bow Barracks, Kolkata - 700069","West Bengal","The Museum collection has archives and replicas of earliest trams used in West Bengal, Horse drawn wagons, omnibus, watering trams and the equipment and other accessories - old tram tickets, coins, coin changer machine, conductor caps associated with the trams","Thematic Museum","2014","https://www.kolkatatourism.travel","","Rs. 10 per head","01:00 PM - 08:00 PM (Closed on Thursdays)","Videography, Photography, Cafe, Souvenir Shop and Audio/Guide Service"
"Mother’s Wax Museum","International Finance Centre, 6th and 5th floor, Biswa Bangla Sarani, AA II, CBD - I, New town, Kolkata - 700156","West Bengal","The collection of the Museum includes various models of sports personalities, movie stars, freedom fighters, historical leaders, hollywood stars, musicians etc in wax","Thematic Museum","","https://www.motherswaxmuseum.in","033 23247243, manager@motherswaxmuseum.in","Rs. 250 per head","12:00 PM - 07:30 PM (Closed on Mondays)","Videography and Photography"
"Tram World","52, Gariahat Rd, Golpark, Hindustan Park, Gariahat, Kolkata - 700029","West Bengal","The Museum displays the heritage of Kolkata Trains","Thematic Museum","2020","","","Rs. 30 per head","10:00 AM - 06:00 PM","Library, Film shows and Guided Tours"
"Darjeeling Himalayan Railway Museum","Elysia Palace, Kurseong, Darjeeling - 734203","West Bengal","The collections of the museums include rare pictures, sketches and miniature structures of the trains, early rail, DHR guard’s uniform, palanquins, chairs, desks, brass bells, forms, rule books etc.","Thematic Museum","1881","https://www.dhr.in.net/dhr-museums.php","91 9002041950","","","Research, Film shows and Guided Tours"
"Rail Museum Howrah","Foreshore Rd, Howrah Railway Station","West Bengal","The collection of the Museum includes pictures of East Central Railway Zone, South Eastern Railway Zone, North East frontier Railway Zone, Metro Railway of Kolkata, old and rare drawings, forms, documents, philately collection, 150 yrs old steam locomotive, carriage, salon car and trains","Thematic Museum","2006 Railway","https://www.indianrailways.gov.in","033 26413709","Rs. 10 per head","10:30 AM - 05:30 PM (Closed on Thursdays)","Guided Tours"
"SBI Archive and Museum","11th floor, Block B, Samriddhi Bhavan, State Bank of India, 1 Strand Road, Kolkata-700001","West Bengal","The collection includes original records and historical objects that show the transition of banking in India. The collection also includes rare books, journals of 19th and 20th century, memorabilia, artefacts, portraits, complaint register of the banks of Bengal 1889, notes of banks of Bengal, Madras and Bombay, account opening forms and ledgers of eminent personalities, pass books, instrument of banking and important agreements, relics of the former building of the bank of Bengal in Calcutta, illustrations of the building, old publication of the bank, weights and measures, swords and pistols, seals and insignia etc.","Thematic Museum","2007","https://www.sbiam.org","033 22318164, agmarchives@sbi.co.in","","10:30 PM - 05:00 PM (Closed on Saturdays and Sundays)","Wheelchair, Café, Photography, Souvenir Shop and Guided Tours"
"Sangraha","Major Arterial Road (South East) Action Area II, New Town","West Bengal","The museum has a collection of the major artworks and handicrafts that were being used to furnish the famous award winning Durga Puja of 2016, with an aim of preserving and restoring it","Thematic Museum","2017","https://www.ecoparknewtown.com","8981207276","Free","02:00 PM - 08:00 PM (Closed on Mondays)",""
"RBI Museum","8, Council House St, Lal Dighi, B.B.D. Bagh, Kolkata - 700001","West Bengal","Museum exhibits the documents, photographs and artefacts with reference to evolution of money, its role in economy, importance of gold and genesis of RBI","Thematic Museum","","https://www.therbimuseum.rbi.org.in","033 22628752","","10:00 AM - 05:00 PM (Closed on Mondays)","Library and Photography (allowed with permission)"
"Lloyd Botanic Garden","Silviculture (Hill) Division, Shankar Villa, Laden Road, Darjeeling -734101","West Bengal","The garden has different types of flora belonging to Eastern Himalayas and Temperate regions of the world, living fossil plants","Botanical Garden","1887","https://www.darjeeling.gov.in","0354 2252350","Free","April - October, 08:00 AM - 04:30 PM and November - March, 08:00 AM - 04:00 PM","Library, Guide Service, School programmes and Photography (allowed with permission)"
"West Bengal Forest School Museum","P.O. Dow Hill Kurseong, Darjeeling -734204","West Bengal","The collection includes various models, skulls, skin of stuffed animals and birds, various wood and other miscellaneous collections of forest produce","Forest Museum","1907","","0354 2332198","Free","10:00 AM - 04:00 PM (Closed on Saturday afternoons and Sundays and Government Holidays)","Library, Guide service, Lectures and Photography"
"Central National Herbarium","Botanical Survey of India and Ministry of Environment, Botanical Garden, 4, Shalimar, Howrah -711103","West Bengal","The Museum exhibits almost 1.5 million dried plant materials. This is the main centre for Taxonomic Research Centre of India","Botanical Museum (Herbarium)","1793","https://www.bsi.gov.in","033 23344963","Free","10:00 AM - 05:00 PM","Research and Library"
"Zonal Anthropological Museum","Phoenix Bay, Port Blair, South Andaman Island - 744101","Andaman And Nicobar Islands","The Museum displays rare artefacts of kitchen - midden sites of Andaman Islands of original inhabitants of pre and post settlers of Andaman and Nicobar Islands","Anthropological Museum","1951","https://www.andamantourism.org.in","03192 232291, pbansianr7@rediffmail.com","Adults: Rs. 10 per head, Students: Rs. 3 per head, Camera: Rs. 20 and free for Children","09:00 AM - 04:30 PM (Closed on Mondays)","Guided Tours and Photography"
"Naval Marine Museum Samudrika","Haddo Road, Airport Authority Colony, Haddo, Port Blair - 744102","Andaman And Nicobar Islands","The Museum is divided into five sections that focus on the hist ory of the Andaman Islands Marine Life, Regional Geography, Archaeology, and Native Customs and Culture. The Museum exhibits indigenous underwater life through its collection which includes: shells, corals, and more to educate the public about the Marine Ecosystem","Naval Marine Museum","","https://www.andamantourism.org.in","","Adults: Rs. 25 per head, Children: Free (Differently abled, Freedom Fight ers and Senior citizens: ID)","09:00 AM - 05:00 PM (Closed on Mondays)","Photography and Guided Tours"
"Cellular Jail","Lecture Hall 2, GB Pant Exit Gate, Atlanta Point, Port Blair - 744104","Andaman And Nicobar Islands","The former prison of the 19th century, is now being repurposed into a Memorial and Museum with diora - mas depicting inmates’ lives","Historical Museum","1906","https://www.southandaman.nic.in","+91 9434282199","Indians - Rs. 30 per head and Foreigners - Rs. 100 per head","09:00 AM - 05:00 PM","Photography and Light Show"
"Science Center, Port Blair","Corbyn’s Cove Road, Science City, Shadipur, Port Blair - 744112","Andaman And Nicobar Islands","The Museum displays scientific facts in an innovative way, such as the liquid painting, which shows the velocity of the liquid. The remains of the first aircraft to land on the Island is also house d in this Museum","Science Museum","2003","https://www.go2andaman.com","03192 229034, scpblair@yahoo.co.in","Adult: Rs. 10 per head, and Children: Rs. 5 per head","10:00 AM - 05:30 PM (Closed on Mondays)","Special Lectures and Special Shows"
"Forest Museum","Chatham Island, Foreshore Rd, Haddo, Port Blair - 744102","Andaman And Nicobar Islands","The Museum houses artefacts and decorative objects made from different types of woods, such as Sandal - wood, Teek etc. The collection reflects the flora and fauna of the Andaman forests","Specialised Museum","","","","Rs. 2 per head","08:00 AM - 05:00 PM","Photography"
"ZSI Regional Museum","Haddo, Port Blair - 744102","Andaman And Nicobar Islands","The ZSI Museum houses a wide range of Marine and Land anima ls such as shells, fishes, mammals and reptiles respectively, along with several insect species includi ng a massive variety of butterflies, found in the Equatori - al forests of the Andaman Islands. The Museum also displays an impressive variety of corals, sponges and many other extinct and endangered insects of the Indian soil","Zoological Museum","1916","https://www.zsi.gov.in","0319 2237582, anrc@zsi.gov.in","Adults: Rs. 10 per head","08:00 AM - 05:00 PM","Photography"
"Andaman and Nicobar Regional Centre","Andaman and Nicobar Regional Centre, Botanical Survey of India, P.O. No: 692, Haddo, Port Blair - 744102","Andaman And Nicobar Islands","The Museum is a home to more than 400 exhibits, including pickled specimens from Carpological Collec - tions, Medicinal Plants, Rare Orchids, Mangroves, Seagrasses, Seaweeds, Ethnobotanical Collections, and Botanically significant specimens. Aside from that, the Museum has several lami nated Colour Photographs depicting endemic species and vegetation patterns of the Islands","Botanical Museum","1972","https://www.bsi.gov.in","0319 2221224","Free","08:30 AM - 05:00 PM (Closed on Sundays)","Guided Tours"
"S.R.K. Chopra Museum of Man","Department of Anthropology, Sector 14, Panjab University - 160014","Chandigarh","Numerous displays in the Museum exhibit all aspects of Human Existence, from Homo-Sapiens biological and evolutionary history to their relationships with society and culture. The Museum is a great place to study about the history of human origins. It facilitates the examination of historical trends and processes involving culture as a means of development, adaptation and change","Anthropological Museum","1960","https://www.anthropology.puchd.ac.in","017 2541998, anthro@pu.ac.in","Free","09:00 AM - 05:00 PM (Closed on Saturdays and Sundays)","Photography, Gudied tours"
"National Gallery of Portraits","Bridge Market, 17 C - 160017","Chandigarh","Portraits, Busts, Sculptures, Photographs, Reproductions of rare documents, Photos, and Paintings depicting India’s struggle for independence can be found in the Museum’s Collection. The main display space is a big rectangular hall with 41 information panels that detail the various movements and conspiracies that happened during India’s long struggle for Independence from British rule. The panel discusses the Ghadar movement (1914 - 15), Indian Revolutionaries abroad (1907 - 13), Ghadrite Trials and hangings (1915 - 19), and the Komagata Maru episode (1914 - 15). There are also Newspaper Prints and photos of the victims on display","Art and Craft Museum","1977","https://www.chdmuseum.gov.in","","Free","10:00 AM - 04:30 PM (Closed on Mondays)","Audio/Video Services and Photography"
"Museum of Fine Arts","Sector 14, Panjab University - 160014","Chandigarh","Museum includes the permanent collection of contemporary art which is estimated to be around 1,200 artefacts including paintings, prints, and sculptures of renowned artists of India like M.F. Hussain, Aparna Caur, Dhanraj Bhagat, Shiv Singh etc.","Art and Craft Museum","1968","","0172 2541779, dummy20220503073951713800@internaldummyemail.com","Free","10:00 AM - 05:00 PM (Closed on Saturdays and Sundays)","Lectures, Photography and Guided Tours"
"Museum of Ancient Indian History, Culture and Archaeology","Department of Ancient Indian History, Culture & Archaeology, Sector -14, Panjab University - 160014","Chandigarh","Museum displays stone sculptures of Goddess Parvati,Terracotta pots,Neolithic and Palaeolithic stone tools of various sizes, characterised by sharp edges, beads made of terracotta stone and metal,Indo-Greek coins, Kushana coins, ivory pins, and copper objects are also some of the other articles exhibited in the museum. Most of the terracotta artefacts are sourced from the ancient sites of Sugh, located near YamunaNagar in Haryana.","History Museum","1960","","0172 2534629, chairperson_aihca@pu.ac.in","Free","10:00 AM - 04:30 PM (Closed on Saturdays and Sundays)","Guide service"
"Government Museum and Art Gallery, Chandigarh","Sector - 10 C- 160011","Chandigarh","The Museum collection includes miniature paintings of Pahari and Rajasthani School, Gandhara art style sculptures and Mediaeval and Ancient Indian sculptures. Museum also houses one of the largest collection of Gandhara sculptures in the World","Multipurpose Museum","1968","https://www.chdmuseum.gov.in","0172 2742010","Adult: Rs.10 per head and Camera: Rs.5 per head, Free entry for kids below age 12, and School groups below 10th standard and senior citizens","10:00 AM - 04:30 PM (Closed on Mondays and Gazetted Holidays)","Wheelchair, Caf�, Photography, Souvenir Shop and Guided Tours"
"Natural History Museum, Chandigarh","Sector 10 -C, 160011 Chandigarh","Chandigarh","The Museum is divided into five galleries: 1.)Evolution of Non gallery that models the fossils and dioramas of home species like Neanderthals, Home erectus etc. 2.)Dinosaurs of India gallery that exhibits the Mesozoic era to Triassic period to the evolution of the Jurassic period. 3.)Evolution of Life gallery depicts the gradual transformation of earth, stretching over billions of years. 4.)Redefining the past where fossils are on display from the Nasal area. 5.)Mother Earth Gallery displays massive chunks of rocks of various types and ages.","Natural History Museum","1978","https://www.chdmuseum.gov.in","0172 2742010, Museum@chd.nic.in","Adult: Rs.10 per head and Camera: Rs.5 per head, Free entry for kids below age 12 and School groups below 10th standard and senior citizens","10:00 AM – 05:00 PM (Closed on Mondays and Gazetted Holidays)","Wheelchair, Caf�, Photography, Souvenir Shop and Guided Tours"
"Le Corbusier Centre","Sector 19 B, Old Architect Building, Madhya Marg-160019","Chandigarh","Once known as the old Architect’s office, currently houses a museum that displays exhibits on the life and works of the legendary Swiss -French architect who designed the city of Chandigarh- Le Corbusier. Museum was founded with the aim to pay tribute to the city’s chief planner and remember the location where he conceptualised the entire city.","Personalia Museum","2008","https://www.chandigarhtourism.gov.in","0712 27770077","Free","10:00 AM - 05:00 PM (Closed on Mondays)","Library, Guide service, Photography"
"Gandhi Museum","Sector-16-160015","Chandigarh","The Museum is devoted to Mohandas Karamchand Gandhi. The Museum was designed by the cousin of Le Corbusier, Pierre Jeanneret","Personalia Museum","2018","","91 9478522333","Free","09:00 AM - 05:00 PM (Closed on Mondays)","Photography, Wheelchair and Guided Tours"
"Pierre Jeanneret Museum","House No-57, Sector-5, Opposite Sukhna Lake-160009","Chandigarh","The Pierre Jeanneret residential building, which has been transformed into a museum, is a two-story structure with plenty of outdoor space, enormous broad balconies, and latticed brick screens, keeping in mind Indian families’ preference for outdoor open spaces.","Personalia Museum","2017","","9478522333","Free","09:00 AM - 05:00 p.m (Closed on Mondays)","Photography, Parking and Guided Tours"
"Chandigarh Architecture Museum","Government Museum and Art Gallery,Sector - 10, 160011","Chandigarh","The Museum was established with an aim to document, preserve, and showcase the rare documents, drawings, sketches and archives by Le Corbusier and team during their attempt of making Chandigarh. The Museum is divided into four levels:- Level 1 shows the aftermath of the partition in 1947 and the need to build the city of Chandigarh. Level 2 exhibits showcase the formation and the works of models and blueprints of the new city and buildings of Le Corbusier and his team. Level 3 focuses on the theme “CHANDIGARH, TODAY AND TOMORROW”, and showcases the growth of the city in the first stages of construction a nd Level 4 is a terrace which gives a view of the Shivalik hills","Specialised Museum","1997","https://www.chandigarhtourism.gov.in","0172 2745510","Above 18 years: Rs.10 per head, Below 18 years: Free, Camera: Rs.10 per head","10:00 AM - 05:00 PM","guided tours"
"High Court Museum","Capitol Complex, Sector 1- 160001","Chandigarh","The Museum gives insight into the historical growth of the Punjab and Haryana High Court and inspires to recognise the legal path that a functioning democracy like India takes.Also, it aids in the visitors historical comprehension of how the court functions. Museum display an original copy of the Indian Constitution, which was calligraphed by Prem Behari Raizada, illuminated by Nandalal Bose and other Santiniketan artists, photolithography at the Survey of India Office in Dehradun, and signed by the members of the Consti tuent Assembly. In order to replicate and depict the atmosphere of the courtrooms of the past era, numerous items of daily use in the courts are shown in the Museum Galleries, including a dater made of wood, punching machines, pen stands, ink bottles and nibs, calendars, and typewriters that were once in use","Specialised Museum","2006","https://highcourtchd.gov.in","0172-2740071","Entry is free","9:30am - 5:00pm","Photography, garden and parking"
"Rag Dolls Museum","Rock Garden, Sector No-1","Chandigarh","The Museum offers a setting for roughly 200 dolls. These dolls we re fashioned from fabric scraps collected by late Sh. Nek Chand from Tailor shops throughout the city in the 1970s","Specialised Museum","2017","","9814143088","Adults: Rs 20 per head and Children: Rs 10 per head","Timings during the summers are (1st April to 30th September) 9:00 a.m - 7:30 PM Timings during the winters (1st October to 31st March) 9:00 AM - 6:00 PM","Videography, Photography, Cafe, Souvenir Shop, Parking and Audio/Guide Service"
"International Dolls Museum","Bal Bhawan, Udyog Path, Sector 23B, Chandigarh","Chandigarh","Museum displays a collection of Heritage dolls from 25 Nations, including exotic and indigenous dolls with historical, socio-cultural, geographic, aesthetic, fashion design, and costume characteristics. It also contains vivid life-size doll cutouts with hollow spaces for children","Specialised Museum","1985","https://chandigarhtourism.gov.in","museum@chd.nic.in","Adult: Rs.10 per head, and free for children 5 years and below","10:00 AM - 4:30 PM (Closed on Mondays)","Videography, Photography, Cafe, Souvenir Shop and Audio/Guide Service"
"Museum of Trees","Heritage Garden Centre","Chandigarh","Museum displays replicas of different historical trees which hold an imm ense importance in Sikh History","Specialised Museum","2020","https://info@museumoftrees.org","9815555931","","10:00 AM - 04:30 PM (Closed on Mondays)","Videography and Photography"
"Herbarium and Museum, Botany Department, Panjab University","Sector - 14, Panjab University- 160014","Chandigarh","In the Museum, the materials are displayed group - wise in museum jars and showcases a large number of specimens of cultivated plants of Punjab. Photographs of Indian medicinal plants, exotic cacti, Indian forest types, mushrooms and Individual trees are also displayed. Fossil specimens of Pteridophytes, Gymnosperms and Angiosperms are also procured for study purposes","Botany Museum","1967","https://www.pupbotany.org","0172 2779510, 0172 2534001","Free","09:00 a.m - 05.00 PM (Closed on Saturdays and Sundays)","Library, Film shows and Guided Tours"
"Botanical Museum","Sector - 14, Panjab University-160014","Chandigarh","The Museum exhibits plant materials (dried and preserved) mainly from India and also other countries","Botanical and Educational Museum","","https://www.pupbotany.org","0172 2779510, 0172 2534001","Free","09:00 AM - 05:00 PM (Closed on Saturdays and Sundays)","Research, Film shows and Guided Tours"
"Zoology Museum, Department of Zoology, Panjab University","Sector - 14, Panjab University-160014","Chandigarh","The Museum displays collections representing different groups of Invertebra tes and Vertebrates","Zoology Museum","1947","https://www.zoology.puchd.ac.in","0172 254 1942","Free","Summers: 08:00 AM - 01:30 PM, and Winters: 09:00 AM - 05:00 PM (Closed on Saturdays and Sundays)","Differently-abled/Stroller friendly and Restrooms"
"Diu Museum","Diu- 362520,Dadra and Nagar Haveli and Daman and Diu","Dadra And Nagar Haveli And Daman And Diu","The Diu Museum is a representation of the cultural heritage and rich history of the Union Territory. The grand white - walled Museum houses a wide collection of intricate wooden carvings, stone inscriptions, shadow clocks, antique statues and much more. The church building is believed to have been built in the 15th century and houses religious artefacts including wooden statues of St. Thomas and St. Paul","Archaeological Museum","1992","https://www.diu.gov.in","collector-diu-dd@nic.in","No Entry fees (one is allowed to spend only 30 minutes inside the Museum)","09:00 AM - 09:00 PM","Wheelchair, Caf�, Photography, Souvenir Shop and Guided Tours"
"Tribal Museum","Silvassa - Vapi Rd, Silvassa, 396230-Dadra and Nagar Haveli and Daman and Diu","Dadra And Nagar Haveli And Daman And Diu","The Tribal Museum at Silvassa is an attempt to preserve and portray the rich heritage of tribal culture and civilization in its pristine form. The exhibits on display here are orna ments, musical instruments, fishing and hunting gadgets, agricultural and house hold articles, and several other artifacts of the tribal people who predominantly inhabit the U.T. of Dadra and Nagar Haveli. The museum is a draw card for tourists willing to have a glimpse of the indigenous people and their culture at one place.","Ethnographic Museum","","","0260-2641399","No Entry Fees","9 am - 5:30 pm (Saturday & Sunday Closed)",""
"Archaeological Site Museum, Purana Quila","Purana Quila, Mathura Road-110001","Delhi","The Museum built in 1975, houses prehistoric tools that were found back to the Maurya period (300 B.C. - 200 B.C.), Shunga period (200 B.C. - 100 B.C.), Saka - Kushan period (100 B.C. - 300 A.D.) and Gupta period objects. The Museum has details of the Old Fort, one of the oldest sites in Delhi","Archaeological Museum","2005","https://www.asi.nic.in/archaeological-museum-purana-qila","011 24355387","Rs. 5 per head","08:00 AM - 05:00 PM","Photography allowed with special permission"
"Archaeological Site Museum, Red Fort Museum","Mumtaz Mahal, Red Fort Complex-110003","Delhi","The Museum showcases the craftsmanship and grandeur of the Mughal culture through its exquisite arts, sculptures, paintings, artefacts, etc. Originally known as the ‘Palace Museum’, it houses three galleries, each of which is dedicated to a separate period. The first gallery displays miniat ure paintings, manuscripts, royal orders, and stone inscriptions of the 2nd and 3rd century. The second gallery showcases relics like coins, bronze statues, upholstery, seals, rock edicts, and coins that date back to the Indus Valley Civilisation. The third gallery displays relics of the Great Indian Rebellion of 1857. A special section within the Museum premises has been solely dedicated to the last Mughal Emperor - Bahadur Shah Zafar, housing some of his prized belongings like his famous ghazals, inkpot, pen holder, and a perfume sprinkler","Archaeological Museum","1911","https://www.asi.nic.in/mumtaz-mahal-museum-red-fort","011 23267961","Rs. 5 per head","09:15 AM - 04:30 PM (Closed on Mondays)","Library, Guide Service, School programmes and Photography (allowed with permission)"
"Indraprastha Museum of Art and Archaeology","B-17, Qutab Institutional Area Rd, NRPC Colony,Qutab Institutional Area- 110016","Delhi","The Museum displays the works of art and objects of Archaeology including stone tools, pottery, fossils, European and Indian paintings, manuscripts, sculptures etc.","Archaeological Museum","1997","https://www.indarchaeology.org","01126523728, 01126852695, ias_newdelhi@yahoo.co.uki","Free","10:30 AM - 05:30 PM (Closed on Second Saturdays and Sundays)","Library, Guide service, Lectures and Photography"
"Museum of National Archives","National Archives of India, Janpath-110001","Delhi","The Museum displayed a wide range of the Nation’s archival heritage on various subjects","Archives Museum","1998","https://www.nationalarchives.nic.in","011 23383436, archives@nic.in","Free","09:30 AM - 08:00 p.m","Research and Library"
"Delhi State Archives","Department of Delhi Archives, Government of NCT of Delhi, 18-A, Satsang Vihar Marg-110067","Delhi","Delhi Archives is one of the richest and scientifically maintained archives of India. It stores rich archival heritage of Delhi’s ups & downs and of its transformation into the capital city","Archives Museum","1986","https://www.archives.delhi.gov.in","011 26962800, ddarchives@nic.in","Free","09:30 AM - 08:00 PM","Research and Library"
"Kiran Nadar Museum of Art","No.145, DLF South Court Mall Saket, Saket District Centre- 110017","Delhi","Museum exhibits modern and contemporary works from India and the Sub-Continent. Its core collection highlights a magnificent generation of 20th century Indian painters from the Post-Independent decades and equally engages the different art practices of the younger contemporaries","Art Museum General","2010","https://www.knma.in","011 4916 0000","Museum visitors are requested to register at the reception upon arrival ( Entry free)","10:30 AM - 06:30 p.m (Closed on Mondays and all Public Holidays)","Lectures, Symposiums, Screenings and Artists Workshops"
"Air Force Museum","Palam - 110010","Delhi","This Museum showcases a rich collection of planes that played a crucial role in defending the Country over the decades. It displays a diverse collection of memorials, photographs, and artefacts and boasts a number of galleries that commemorate the martyrs who sacrificed their lives for the nation. Annexe is one such gallery that exhibits some splendid portraits of some dedicated officers, who were also the pioneers of the Indian Air Force","Defence Museum","1967","https://www.indianairforce.nic.in","91 011 25675161","Free","10:00 AM - 05:00 PM (Closed on Mondays, Tuesdays and all Government Holidays)","Guided Tours, School Programmes, Film Shows, Lectures and  Photography"
"Rajputana Rifle Museum","The Rajputana Rifles Regimental Centre - 110010","Delhi","Museum showcases the rich past of Regiments through its collection of 500 objects - medals, uniforms, photographs, paintings, gifts, flags and slanderers, paper documents, models, sifts etc.","Defence Museum","1987","","011 25682448","Free","08:30 AM - 06:00 PM (Closed on Fridays)","Library and Guided Tours"
"National Police Memorial","4/2, Trimurti Marg, Diplomatic Enclave, Chanakyapuri - 110021","Delhi","The National Police Memorial in India commemorates the 34,844 police personnel from all of the central and state police forces in India who have died in the line of duty since the nation’s Independence in 1947. Memorial consists of a 30-foot tall and 238-tonne heavy black granite central sculpture and a ‘Wall of Valour’ bearing the names of all 34,844 police personnel who have died in the line of duty. The underground Museum is the first police Museum of its kind in India, and showcases over 2000 years of policing in the region, since the time of Kautilya’s system of law and order in 310 BCE. The renovated and refurbished memorial and Museum was inaugurated on 21 October 2018 on the occasion of the Police Commemoration Day","Defence Museum","1947","https://www.nationalpolicememorial.gov.in","011 21411799","Free","09:30 a.m – 05:30 p.m (Closed on Mondays)","Caf�, Photography, Souvenir Shop and Guided Tours"
"Delhi Police Museum","Police Ground, Kingsway Camp, GTB Nagar - 110009","Delhi","The Museum showcases the weapons and related history of police and their achievements","Defence Museum","","","","Free","11:00 AM – 03:00 PM (Closed on Sundays)","Photography and Souvenir Shop"
"Indian War Memorial Museum","Red Fort Campus, Old Delhi - 110006","Delhi","The Museum is located on the first and second floor of the drum house. It cont ains several galleries pertaining to the military history of India during the I and II World War. Items that are on display are a diorama of the Battle of Panipat (1526), traditional weapons such as daggers,arms and helmets. Various badges, ribbons, and uniforms of Turkish and New Zealand army officers, and flags are also on display. T he dress of Maharaja Pratap Singh of Idar, a renowned soldier and military man, is displayed, which includes the kurta (long shirt), belt, trouser, turban with zari work, shoes and inscribed sword with sheath","Memorial Museum","","","","Rs. 25 per head","09:00 AM – 05:00 PM (Closed on Mondays)","Souvenir Shop, Light - Sound Show and Photography"
"National War Memorial or Rāṣṭrīya Samara Smāraka","C - Hexagon, India Gate - 110001","Delhi","National War Memorial is a National monument built to honour and remember soldiers of the Indian Military who fought in armed conflicts of Independent India. The names of ar med forces personnel martyred during the armed conflicts with Pakistan and China as well as the 1961 War in Goa, Operation Pawan, and other operations such as Operation Rakshak are inscribed on the memorial walls in golden letters","War Memorial","2019","","","","09:00 AM – 07:30 PM","Photography and Videography"
"Tribal Museum","Thakkar Bapa Smarak Sadan, Link Road, Dr.Ambedkar Marg, Central Ridge Reserve Forest - 110005","Delhi","The Museum displays the costumes and handicrafts of tribals, agricultural implements, weapons, musical instruments, ornaments, models and dioramas on tribal life, photographs, wall panels, animated dioramas, gates etc.","Ethnographic Museum","1958","","011 23532003, 23625492","Adult: Rs. 5 per head, and Children: Rs. 2 per head","11:00 AM- 02:30 p.m and Sundays: 12:00 p.m - 02:00 PM","Library and Guided Tours"
"Dr. Zakir Hussain Memorial Museum","Jamia Nagar -110025","Delhi","This Museum displays a collection related to Dr. Zakir Hussain, the 3rd President of India, which includes photographs, souvenirs and memorabilia, acquired during Dr. Zakir Hussain’s term as President of India","Personalia Museum","1972","","011 26983269, 9810341033","Free","10:00 AM - 05:00 p.m","Photography allowed with permission"
"Begum Abida Ahmad Ghalib Museum","Aiwan-i-Ghalib Marg, M.S. Lane - 110002","Delhi","The Museum displays the objects pertaining to Ghalib - his period, disciples, social, and Cultural life, and Urdu poetry","Personalia Museum","1977","https://www.ghalibinstitute.com","9911091757, 9891535035, info@ghalib-institue.com","Free","10:00 AM - 06:00 PM","Guide service, Lectures, Library and Photography (allowed with permission)"
"Indira Gandhi Memorial Museum","1, Safdarjung Road, Safdarjung Lane Area - 110011","Delhi","Indira Gandhi Memorial Museum was the residence of the former Prime Minister of India. It was later converted into a Museum. The collection includes the rare photographs of the Nationalist Movement, the personal moments of the Nehru-Gandhi family and her childhood","Personalia Museum","1985","","23011358, 23010094, 23794432","Entry free (Closed on Mondays, National and Government holidays)","09:30 AM - 04:45 PM","Book and Literature counter, Guide service on request, School programmes and Photography"
"Lal Bahadur Shastri Memorial","1, Motilal Nehru Place - 110011","Delhi","The Museum displays the artefacts & exhibits documenting the life and achievements of the second prime minister of India, Lal Bahadur Shashtri","Personalia Museum","1966","","011 23794218","Free","10:00 a.m - 05:00 p.m","Library, Guide service, School Programmes and Film Shows"
"National Gandhi Museum and Library","Jawaharlal Nehru Marg, Opposite Raj Ghat, Vikram Nagar -110002","Delhi","The National Gandhi Museum has a very rich collection of original relics, books, journals and documents, photographs, audio-visual materials, exhibitions, art pieces and other memorabilia closely connected with Mahatma Gandhi, Kasturba and Indian Freedom Struggle. It is developing into a Resource Centre for the Gandhian and allied Studies and Research. It also processes the information, data, audio-vi sual materials, etc for the use of different categories Ownership : Central Government","Personalia Museum","1950","https://www.gandhimuseum.org","91 011 23311793, gandhimuseumdelhi@gmail.com","Free","10:00 AM - 05:00 PM (Closed on Mondays)","Library, Guide service, Free Film shows and Photography"
"Nehru Memorial Museum and Library","Teen Murti House - 110011","Delhi","It is a Personalia Museum on life and works of Pandit Jawaharlal Nehru in the context of the Indian struggles for freedom, photographs, newspapers, manuscripts, diaries, and personal gifts","Personalia Museum","1964","https://www.nehrumemorial.nic.in","23015333, director.nmml@gov.in","Free","09:00 AM - 05:30 PM (Closed on Mondays)",""
"Pradhan Mantri Sangrahalaya","Teen Murti House - 110011","Delhi","The Pradhanmantri Sangrahalaya is an homage to every Prime Minister of India since Independence, as well as a narrative record of how each one has contributed to Nation’s growth over the last 75 years. It is a story of joint endeavour and overwhelming evidence of India’s democratic achievement","Personalia Museum","2022","https://www.pmsangrahalaya.gov.in","011 21410360, 011 21411626","Rs. 100 per head (Add on charges excluded) Online Ticketing Available","10:00 AM - 06:00 p.m (Closed on Mondays and Gazetted Holidays)",""
"Dr. Ambedkar National Memorial","26, Alipur Road, Civil Lines Near Vidhan Sabha - 110054","Delhi","The Memorial has been designed to look like a Constitution in the form of a book and is spread in nearly 2 acres. This building is an amalgamation of modern and Buddhist architecture. Musical fountains, a replica of the Ashoka pillar at Sarnath and a 12 foot high bronze statue are some of the highlights of this complex. The first floor houses high quality displays related to Babasaheb’s life. The lower level of the two-storied building has an exhibition gallery, where days spent by Ambedkar on the premises have been illustrated. The Memorial also has a meditation hall with a Marble statue of Mahatma Buddha","Personalia Museum","2018","https://www.ambedkarfoundation.nic.in","011 26180214, 011 26180213, dir-daic-mosje@gov.in","Free","10:00 AM - 07:00 PM (Closed on Mondays)","Lectures, Discussions, Exhibitions and Cultural Activities"
"Gandhi Smriti and Darshan Samiti","5, Tees January Marg, Near Birla House, Raj Ghat - 110001","Delhi","The museum is located where Mahatma Gandhi spent the last 144 days of his life and was assassinated on 30 January 1948. The preserves include the room where Gandhi ji lived and the prayer ground where mass congregations used to be held. The building and the landscape have been preserved as they were in those days. On display in the Museum are photographs, sculptures, paintings, frescos, inscriptions on rocks and relics pertaining to the years Gandhi ji spent here. The meagre personal effects of Gandhiji too are carefully preserved","Personalia Museum","1973","https://www.gandhismriti.gov.in","011 23392796, office-gsds@gov.in, gandhismriti.gs@gmail.com","Free","10:00 AM - 05:00 PM (Closed on Mondays)","Photography, Library, Seminar, Lecture and Conference halls"
"A. P. J. Abdul Kalam Memorial","Sri Aurobindo Marg, Opposite INA Market - 110023","Delhi","This Museum documents life and themes, taking through the different roles t hat Dr. A.P.J. Abdul Kalam played as a scholar, a scientist and finally as the President of Indi a. Various belongings of Dr. Kalam like books, spectacles, pens, clothes, writing pads, unpublished papers, etc. are kept on display","Personalia Museum","2016","https://www.delhitourism.gov.in","","Free","11:00 AM to 07:00 PM (Closed on Mondays)","Photography (allowed with permission)"
"National Agricultural Science Museum","NASC Complex, Dev Prakash Shastri Marg Opposite Dasghara, Pusa Campus - 110012","Delhi","National Agricultural Science Museum (NASM), situated in the National Agricultural Science Centre campus of ICAR in New Delhi, is the first of its kind in the country . It is spread over a two storey specially designed building of floor area of 23,000 sq. ft. The Museum portrays the development of agri culture in India since prehistoric times and the present state of the art technology in agriculture in a country, with a futuristic projection","Science Museum","1990","https://www.icar.org.in","+91 011 25846375","Rs. 10 per head","","Caf�, Photography, Souvenir Shop and Guided Tours"
"National Science Centre","Bhairon Marg, Near Gate No. 1, Pragati Maidan - 110001","Delhi","The National Science Centre in Delhi is one of Asia’s largest science centres, and it is popular among visitors as “A Dream Castle for One and All.” The museum objectives are to organise various educational programmes for the benefit of students, teachers, and society to support curriculum-bas ed education at the school and college levels by providing teacher training and to encourage inquisitive minds for innovative ideas","Science Centre","1992","https://www.nscd.gov.in","+91 7428693710,admn.nscd@gmail.com","Rs. 70 per head, General entry (Group of more than 25 persons): Rs. 60 per head, and General entry (BPL Card holder): Rs. 10 per head","09:30 a.m- 06:00 p.m","Auditorium, Cafeteria and Conference Halls"
"Museums of Illusions","A 30-33, 1st Floor A Block, Inner Circle Connaught Place - 110001","Delhi","The first Optical Illusion Museum in India contains a plethora of hologr ams, which are images that create various 3D illusions and frequently change or disappear. One can also see photo illusions with various backgrounds as well as a stereogram, which is a picture. There is also a Smart Playroom to stimulate cognitive function; one can learn through puzzles, mathematical games, building blocks, and so on","Thematic Museum","","https://www.museumofillusions.in","011 40813301, 8595753885, info@Museumofillusions.in","Adults: Rs. 650 per head, Children above 3 years of age: Rs. 520 per head, and Senior Citizen: Rs. 500 per head Saturday - Sunday, Adults: Rs. 690 per head, Children above 3 years of age: Rs. 550 per head, and Senior Citizen: Rs. 500 per head","11:00 AM - 08:00 PM","School Visits, Smart Shop (Gift shop) and Playroom"
"National Charkha Museum","Palika Parking Road, Palika Bazar, Connaught Place - 110001","Delhi","The Museum is notable for housing the World’s largest Charkha, which weighs 5 tonnes and measures 26 feet long and 13 feet tall. The Museum houses 14 vintage Charkha models and displays their journey from cotton to the finished Khadi product. A multimedia presentation of Gandhi’s life, fr om childhood to death, is also on display here. The Museum aims to honour the glorious evolution of the Charkha from a simple tool to a symbol of Indian nationalism","Thematic Museum","2017","","","Free","10:00 AM - 09:00 p.m",""
"Metro Museum","Patel Chowk Metro Station - 110001","Delhi","At the Patel Chowk metro station, a collection of panels, achievements, useful information, historic photographs, and various exhibits is displayed. The museum allows learning about I ndia’s first modernised transportation facility. The key attractions include the model of the metro train, souvenir shop, model of the tunnel boring machine and mannequins wearing the different uniforms","Thematic Museum","2002","https://www.delhimetrotimes.in","","Rs. 8 per head, free entry for people commuting through metro","06:00 AM to 11:00 p.m, (Closed on Mondays and National Holidays)","Souvenir Shop, Differently-abled/Stroller friendly and Restrooms"
"National Philatelic Museum","Dak Bhavan, Sardar Patel Chowk, Sansad Marg - 110001","Delhi","The Museum has an extensive stamp collection including the first stam p issued in India by the Sindh Dak (1854) and stamps issued before Independence by the rulers of the Princely States. It displays postal stamps, material like stamp designs, colour proofs, first-day covers, postal history, maps, badges, swords, spears etc","Thematic Museum","1965","","011 23036447 Admission : Entry free","Free","10:00 AM - 05:00 PM (Closed on Mondays and Government Holidays)","Guided Tours, School programmes and Photography (allowed with permission)"
"National Rail Museum","Service Road, Chanakyapuri - 110021","Delhi","It represents Indian Railways rich heritage of over 166 years. The extensive outdoor gallery, modelled after a railway yard, houses a variety of steam, diesel, and electric locomotives, as well as a fascinating collection of royal saloons, waggons, carriages, armoured trains, rail cars, and a turntable. These original life-size exhibits have been meticulously preserved and restored. Inside the Indoor gallery, interactive displays and models depict remarkable stories from early modes of transportation to current and future endeavours in Indian Railways. There are also some outstanding collections of historical photographs, documents, railway artefacts, static exhibits, antiques, and antique furniture","Thematic Museum","1977","https://www.nrmindia.org","011 26881826, nationalrailMuseum@gmail.com","Adults: Rs. 10 per head, Children: Rs. 3 per head","10:00 AM - 05:00 PM","Library, Guide Service, Film shows, Video Shows and Photography"
"Shankar’s International Dolls Museum","Nehru House, 4, Bahadur Shah Zafar Marg - 110002","Delhi","The Museum displays 6000 costumes of dolls from more than 85 countries","Thematic Museum","1965","","011 2331 6970","Adult: Rs. 15 per head, and Children: Rs. 5 per head","10:00 AM - 05:30 PM","Photography allowed with special permission"
"Sulabh International Museum of Toilets","Sulabh Bhawan, RZ-83, Palam - Dabri Marg, Mahavir Enclave - 110045","Delhi","The Museum houses a unique collection of facts, pictures, and objects tracing the history of toilets from 2500 BC to the present. It provides a chronological account of technological developments, toilet-related social customs, toilet etiquettes, prevailing sanitary conditions, and legislati ve efforts over time. It has a large collection of privies, chamber pots, toilet furniture, bidets, and water closets dating from 1145 AD to the present. It also contains a unique collection of beautiful poems about toilets and their use","Specialised Museum","1992","https://www.sulabhtoiletmuseum.org","011 25031518 and 19, sulabhinfo@gmail.com","Free","10:00 AM - 06:00 p.m","Library, Guide Service, Lectures and Photography"
"Supreme Court Museum","Supreme Court, Mandi House - 110201","Delhi","The Museum is dedicated to the journey of the Indian Judiciary, including the Federal and Supreme Courts. The Museum houses objects such as Harappan seals, the Ashokan Edict, the Nalanda Copper Plate, and items from the Indian Legal System during the British Raj. The Museum also houses many souvenirs and files related to the landmark decision","Specialised Museum","2004","https://www.main.sci.gov.in","011 23116400, 23116401, 23116402, 23116403, supremecourt@nic.in","Free","10:00 AM - 05:00 PM (Closed on Mondays and Government Holidays)","Special Activities, Film Shows, Library, Guided Tours, Lectures and Photography"
"Amar Mahal Museum and Library","Palace Road, Karan Nagar, Jammu Tawi, Jammu - 180001","Jammu And Kashmir","The Golden Throne of Jammu, weighing a massive 120 kg and made entirely of pure gold, is the centrepiece of this Museum. Aside from other well-known modern Indian painters like M. F. Hussain and Laxman Pai, the art collection at this location is also pretty noteworthy. The Pahari paintings on show here, especially those by Nal Damyanti, which depict stories from the Mahabharata and other legends, are another fascinating feature","Art and Craft Museum","1975","https://www.jammu.nic.in","+ 91 191 2546279, atondan@jammu.com, amarmahal@indiatimes.com","Adults: Rs. 10 per head, Children: Rs. 5 per head, and Foreign Nationals: Rs. 50 per head","Summers: 09:00 AM - 05:00 PM and Winters:10:00 AM - 05:00 PM (Closed on Mondays)","Library, Photography and Guided Service"
"Dogra Art Museum","Old Secretariat, Mubarak Mandi - 1800 001","Jammu And Kashmir","The Museum houses an excellent collection of Pahari Paintings and Terracotta skulls from Akhnoor are included in this Museum’s additional collection. The collection includes sculptures, numismatics, books, Dogra costumes, jewellery, weapons, and armour, as well as decorative art and metal artefacts. The marble hall has elaborately decorated marble jharokhas with semi - precious stone inlay work further enhancing the collection","Art and Craft Museum","1975","https://www.jkarchives.nic.in","0191 2561846, 0941 9331476, 0191 2561846","Adults: Rs. 10 per head, Children: Rs. 5 per head and Foreigners - Rs. 50 per head","Summers: 10:00 AM - 05:00 PM and Winters: 10:00AM - 05:00 PM (Closed on Mondays)","Library, Photography and Guided Service"
"Craft Museum - School of Designs","Central Market, Airport (IG) Road, Shergarhi - 190009","Jammu And Kashmir","A range of antiquated relics from various Kashmiri cultures are on display in the Museum. These include Namdha rugs, copperware, Papier - mâché, Sozni needlework, and Kani shawls. It also includes live displays of Kashmiri handicrafts being created, including tapestries, Tilla embroidery, walnut wood carving, copperware, and turquoise ware","Art and Craft Museum","1957","https://www.jkhandicrafts.com","+ 91 9596155682; craftsmuseum@gmail.com","Free","Summers: 10:30 AM - 03:30 PM and Winters: 11:00 a.m - 03:30 p.m (Closed on Sundays)","Library, Photography, Videography, Parking and Guided Service"
"Kanchenjunga Museum","High Altitude Warfare School, C/O 56 APO, Jammu and Kashmir","Jammu And Kashmir","Museum was set up to commemorate the first summit of the Indian ar my to Kanchenjunga in 1977. Museum houses an excellent display of modern warfare, climbing and mountaineering equipment used by the army in expeditions","Defence Museum","1978","","hawsindarmy@yahoo.co.in","Entry Restricted, Need Permission","09:00 AM - 04:00 PM and Sunday: 09:00 AM - 05:00 p.m","Photography"
"Jakli Regiment Centre","Haft Chinar, Srinagar - 190009","Jammu And Kashmir","Museum showcases the history of the regiment","Army Museum","1984","","Army 24363 (Srinagar)","Entry is Restricted","Summers: 09:00 a.m - 13:00 PM and Winters: 10:00a.m - 01:00 PM (Closed On Sundays)",""
"Ibadat-e- Shahadat Museum","Army’s 15 Corps, Badami Bagh, Srinagar","Jammu And Kashmir","The Museum exhibits aspects of Kashmiri heritage, culture, and history, as well as the efforts of the country’s Armed Forces and Kashmiri people to bring peace to the region","Defence Museum General","2005","https://indianarmy.nic.in","011-23792543 , ncmediacell@gmail.com, webmaster.indianarmy@nic.in","","",""
"Sheikh Noor-Ud-Din Noorani Museum of Heritage","Ground Floor, Gen Zorawar Singh Auditorium, University of Jammu - 180006","Jammu And Kashmir","The Museum exhibits prehistoric tools, proto-historic pottery, historic sculptures, numismatics and manuscripts, creation of Jammu and Kashmir state etc","Educational Museum","2006","https://www.jammuuniversity.ac.in","0191 2435248, (M) 0941910624, nooranimuseum@gmail.com","Free","09:30 AM - 05:00 PM (Closed on Saturdays and Sundays)","Library and Guided Tours"
"Wadia Museum of Natural History","University of Jammu, Gujarbasti, Jammu -180006","Jammu And Kashmir","The Museum named in honour of Dr. D.N. Wadia, a prominent Geologist in the early 20th century who is also known as the “Father of Indian Geology.” The Wadia Museum has some of the finest collections of the ancestors of modern elephants, hippopotamuses, horses, turtles, cattle pigs, crocodiles, fish, etc. Additionally, there are imported collections of extinct trilobites, ammonoids, gastropods, nautiloids, brachiopods, lamelli branches, plants, insects, and insects from many regions of the world. A whole area of the Museum is devoted to the fossilised shark tooth from Cambridge, England","Natural History Museum","","","0700 6274657","Free","09:30 AM - 05:00 PM (Closed on Saturdays, Sundays, and Government holidays)","Library, Guided Tours and Photography"
"Stok Palace Museum","Leh, Ladakh, P.O. Box 8, Leh - 194101","Ladakh","Museum exhibits paintings, textiles, decorative arts, photographs","Art and Craft Museum","","","08588 24005","Adults: Rs. 20 per head","Summers: 07:00 AM - 07:00 PM (Closed from 15th October to 15th May and also Closed on Mondays)","Library, Guided Tours and Photography"
"Hall of Fame, Leh","Leh - 194101","Ladakh","The Museum, a living tribute to warriors, a storehouse of information about the Kargil War’s history, and a resource for anyone who wants to learn more about the Indian military.An amazing collection of weapons from recent battles is on display in the Museum’s two storeys, each of which is organised into many sections. The upper area is known as the OP Vijay gallery, and it has a variety of exhibits, including weaponry, armour, ammunition, and artillery from the Kargil War","War Memorial Museum","1983","","91 1982252297","Rs. 25 per head, for photography: Rs. 50","09:00 - 07:00 PM","Souvenir Shop, Light - Sound Show and Photography"
"Community Museum","Gya - Sasoma Village","Ladakh","The first Community Museum of India housed in a traditional Ladakhi house s howcase the living heritage of Ladakh. Traditional utilitarian goods, fabrics, clothing and artefacts from the everyday life of Gya-Sasoma are the main attractions of the museum","Ethnographic Museum","2022","","","Rs. 20 per head","10:00 AM - 05:00 PM","Photography and Videography"
"Rangdum Gompa Museum","Rangdum Gompa Museum and Cultural Welfare Society, District Kargil, Ladakh","Ladakh","Museum displays Statues, paintings, textiles, miniature, clay, coins, silver pots, manuscripts etc","Religious Museum","","","","Free","Opened for four months for 24 hours (Closed for Eight Months)","Library and Guided Tours"
"Likir Gompa Museum","Likir Cultural and Welfare Society, Likir Gompa Village, Likir Leh, Ladakh","Ladakh","Museum displays religious Thangka paintings, historical objects, artefacts etc","Religious Museum","1989","","01982 227140, likirmonastry1@yahoo.in","Adults: Rs. 20 per head","Summers: 09:00 AM- 06.00 PM, and Winters: 10:00 AM - 04:00 PM (Closed on Sundays)","Library and Guided Tours"
"Thiksey Gompa Museum","Leh Manali Highway, Thiksey-194201","Ladakh","One of the largest monasteries in Ladakh, Thiksey Monastery is built on the face of a hill and comprises temples, a large courtyard, residences for monks and nuns, as well as several chorten (votive stupas) and mane (prayer walls). The monastery was established by Pon Sherab Raspa in the ear ly fifteenth century and is maintained by the Gelugpa monastic order. From the perspective of art, the most significa nt structures at Thiksey are the Dukhang (or the assembly hall), the Gonkhang (temple of the guardian deities), the tsangkhang (a smaller shrine) and the Chamba Lhakhang. The last is a new addition to the monastery, built in 1980.","Religious Museum","1970","","01982 267 005","Adults: Rs. 20 per head","Summers: 07:00 AM- 07.00 PM, and Winters: 10:00 AM - 04:00 p.m",""
"Hemis Monastery Museum","Hemis - 194201, Ladakh","Ladakh","The Museum had an extensive collection of manuscripts, Buddhist Thangkas, artefacts, carriers, and dif - ferent weapons etc.","Religious Museum","2007","","","Indians: Rs. 20 per head, Foreigners: Rs. 100 per head","07:00 AM - 04:00 PM","Library, Guided Tours and Souvenir Shop"
"Textile Museum of Ladakh","Jigmat Couture, adj. Polo Ground, Leh -194101","Ladakh","The Museum showcases a broad range of clothing and textiles that were either made in Ladakh or transported there via trade routes and were worn by locals either regularly or on special occasions. The ancient ar - tefacts and textile collection on exhibit will give everyone the chance to learn more about the rich cultural traditions of Ladakh","Thematic Museum General","","https://www.jigmatcouture.com","9697000344, jigmatcouture@gmail.com","Above 18 years: Rs. 10 per head, Below 18 years: free, Camera: Rs. 10 per head","10:00 AM - 5:00 PM (Closed on Saturdays and Sundays)",""
"Unlock Hundurman - Museum of Memories","Hundurman Broq, Kargil","Ladakh","The Museum is situated at the last village in the line of control documents lives of border fami - lies affected by wars. The Museum displays letters from family m embers who haven’t seen each other in decades,old passports, photographs, medicines and perfumes found in old trunks, plus shrapnel, cracked army helmets, and old landmines","Thematic Museum General","2017","https://www.rootscollectiveindia.org","094192 89275","Free","10:00 AM - 05:00 PM (Closed on Fridays)","Photography"
"Golden Jubilee Museum","Island, Agatti - 682553","Lakshadweep","This Museum is popular for displaying a huge collection of ancient jars, wooden chests, gold coins and also an enthralling display of busts of Lord Buddha belongs to period between 9th and 12th century","Multipurpose Museum","2021","","","Free","10:00 AM - 08:00 PM",""
"Museum And Planetarium","Kavaratti - 682555","Lakshadweep","","Science Museum","2011","","","","10:00 AM - 05:00 PM (Closed on Fridays)",""
"Marine Aquarium Museum","Kavaratti - 682555","Lakshadweep","The Museum displays a wide range of marine life artefacts, rare water species,sperm Whale skeleton, a live Shark, and a model of the first motor fishing boat introduced to Lakshadweep in 1959 are among the highlights","Zoological Museum","1983","","","Rs. 15 per head","10:00 AM - 05:00 PM (Closed on Mondays)","Photography"
"Police Museum Puducherry","4, Dumas St, White Town - 605001","Puducherry","The Police Museum was set up on 10th July 1992 to make the public aware of the evolution of the police service.The small in-house Museum running in a dilapidated house encompasses a wardrobe and three cabinets to showcase the Puducherry police history. A few documents displayed here go back to an era gone by and remind of the evolution, struggle and the present Police Department","Police Museum","1992","","","Free","10:00 AM - 06:00 PM (Closed on Mondays)","Wheelchair, Caf�, Photography, Souvenir Shop and Guided Tours"
"Pondicherry Museum","Eswaran Kovil Street, Canteen St. - 605001","Puducherry","The Museum displays a variety of objects of the city’s extensive cultural past. Exhibits can be primarily categorised into three historical periods: The Early period, The Pallava and Chola eras and the European era which was characterised by French colonial control. The Museum features artefacts such as rocks, jewellery, coins, and statues that were unearthed on the Arikamedu cultural site. They show the signifi cance of Puducherry as a trading port be - tween the first and second centuries.The museum has the largest colle ction of Bronze statues from the time the Chola dynasty ruled the region","Multipurpose Museum","1983","","0413 233 6203","Adults: Rs. 10 per head, Children: Rs. 5 per head, and Foreigners: Rs. 50 per head","09:00 AM – 06:30 PM (Closed on Mondays)","Guide Service, Published Books and Photography (allowed with permission)"
"Bharathiar Memorial Museum cum Research Centre","20, Eswaran Dharmaraja Koil Street - 605 001","Puducherry","The Museum commemorates the renowned Tamil poet and freedom fighter Subr amanya Bharathiyar, pop - ularly entitled the sobriquet “Mahakavi”, literally the supreme poet. The museum was established in the very abode of Bharathiyar, where the poet took refuge from the ruling British Raj, from 1908 to 1918, when Puducherry was governed by the French regime. All the photographs concerning Bharatiyar, his manuscripts, books, the journals he edited – are all displayed in the Museum section Ownership : Puducherry Administration","Personalia Museum","1972","https://www.art.py.gov.in","","Free","09:40 AM - 05:20 PM (Closed on Mondays)","Photography (allowed with permission)"
"Dr. Abdul Kalam Science Centre & Planetarium","No.25/22, 1st Main Road, Kurinji Nagar, Lawspet - 605008","Puducherry","The Museum has two permanent exhibition galleries, one of which is a “Marine Oceanarium Gallery” and the other is a “Fun Science Gallery.” There is also a Science Park and a Digital Planetarium. The 14 exhibits on levers, pulleys, sundials, and swings that act as pendulums, among other things, find a home in the park. The centre also hon - ours eight eminent Indian scientists, whose busts are displayed in the park","Science Centre","2015","https://www.dste.py.gov.in","0413 2257222, 2256111, pscp.pon@nic.in, pudusciencecentre.pon@nic.in","Child below 12 years: Rs. 5 per head, Adult: Rs. 10 per head, Foreign: Rs. 20 per head; Entry fee to Digital Planetarium, Child below 12 years: Rs. 10 per head, Adults: Rs. 20 per head","10:00 AM - 05:30 PM (Closed on Mondays and Government Holidays)","Science Demonstration Lecture Corner, Children�s Activity Corner, Air- Conditioned Auditorium, Mini Conference Hall and other Public facilities"
